id,label,name,doc_instance_id,clause_id,clause_index,clause_type_prelim,clause_text,mechanism_id,mechanism_type,mechanism_source,param_mention_id,param_def_id,param_type,raw_value,raw_unit,norm_value,norm_unit,canonical_key,range_start,range_end,op,scope_unit,bind_confidence,strict_all,strict_high,source_path,extraction_version,track
Clause:00a12958eaee9a105dcc89c19bd002fa5ac8761a4154324faee32237e8364fec#clause_0000,Clause,,00a12958eaee9a105dcc89c19bd002fa5ac8761a4154324faee32237e8364fec,00a12958eaee9a105dcc89c19bd002fa5ac8761a4154324faee32237e8364fec#clause_0000,0,time_rule,"<h2>file:《关于全面加强生态环境保护坚决打好污染防治攻坚战的实施意见》.txt</h2>
2018-06-24 《关于全面加强生态环境保护坚决打好污染防治攻坚战的实施意见》
全国细颗粒物（PM2.5）未达标地级及以上城市浓度比2015年下降18%以上，地级及以上城市空气质量优良天数比率达到80%以上；",,,,,,,,,,,,,,,,,,,,step7b_iterB_rulefix,strict_all
Clause:00a12958eaee9a105dcc89c19bd002fa5ac8761a4154324faee32237e8364fec#clause_0001,Clause,,00a12958eaee9a105dcc89c19bd002fa5ac8761a4154324faee32237e8364fec,00a12958eaee9a105dcc89c19bd002fa5ac8761a4154324faee32237e8364fec#clause_0001,1,other,全国地表水Ⅰ－Ⅲ类水体比例达到70%以上，劣Ⅴ类水体比例控制在5%以内；,,,,,,,,,,,,,,,,,,,,step7b_iterB_rulefix,strict_all
Clause:00a12958eaee9a105dcc89c19bd002fa5ac8761a4154324faee32237e8364fec#clause_0002,Clause,,00a12958eaee9a105dcc89c19bd002fa5ac8761a4154324faee32237e8364fec,00a12958eaee9a105dcc89c19bd002fa5ac8761a4154324faee32237e8364fec#clause_0002,2,other,近岸海域水质优良（一、二类）比例达到70%左右；,,,,,,,,,,,,,,,,,,,,step7b_iterB_rulefix,strict_all
Clause:00a12958eaee9a105dcc89c19bd002fa5ac8761a4154324faee32237e8364fec#clause_0003,Clause,,00a12958eaee9a105dcc89c19bd002fa5ac8761a4154324faee32237e8364fec,00a12958eaee9a105dcc89c19bd002fa5ac8761a4154324faee32237e8364fec#clause_0003,3,time_rule,二氧化硫、氮氧化物排放量比2015年减少15%以上，化学需氧量、氨氮排放量减少10%以上；,,,,,,,,,,,,,,,,,,,,step7b_iterB_rulefix,strict_all
Clause:00a12958eaee9a105dcc89c19bd002fa5ac8761a4154324faee32237e8364fec#clause_0004,Clause,,00a12958eaee9a105dcc89c19bd002fa5ac8761a4154324faee32237e8364fec,00a12958eaee9a105dcc89c19bd002fa5ac8761a4154324faee32237e8364fec#clause_0004,4,other,受污染耕地安全利用率达到90%左右，污染地块安全利用率达到90%以上；生态保护红线面积占比达到25%左右；森林覆盖率达到23.04%以上。,,,,,,,,,,,,,,,,,,,,step7b_iterB_rulefix,strict_all
Clause:00aa3b5579d7b292246153a21cbd53b536f7fc939e95a82707452ad51d14dd7e#clause_0003,Clause,,00aa3b5579d7b292246153a21cbd53b536f7fc939e95a82707452ad51d14dd7e,00aa3b5579d7b292246153a21cbd53b536f7fc939e95a82707452ad51d14dd7e#clause_0003,3,time_rule,到2025年，电能占终端能源消费比重达到30%左右。大力推进工业领域电气化。,,,,,,,,,,,,,,,,,,,,step7b_iterB_rulefix,strict_all
Clause:010dd88159617e9e9382aae1b693db97e9b9aa123fefe31ae3a1ceeca57bb8d5#clause_0004,Clause,,010dd88159617e9e9382aae1b693db97e9b9aa123fefe31ae3a1ceeca57bb8d5,010dd88159617e9e9382aae1b693db97e9b9aa123fefe31ae3a1ceeca57bb8d5#clause_0004,4,subsidy_rule,2016-2018年采用的奖励标准分别不超过项目设施设备购置费的60%、50%、 40％。,,,,,,,,,,,,,,,,,,,,step7b_iterB_rulefix,strict_all
Clause:032a207733e9fa9167b432840d0ec24e7bd7e2e3d7a43e6faf5b0fc1f64b763e#clause_0002,Clause,,032a207733e9fa9167b432840d0ec24e7bd7e2e3d7a43e6faf5b0fc1f64b763e,032a207733e9fa9167b432840d0ec24e7bd7e2e3d7a43e6faf5b0fc1f64b763e#clause_0002,2,pricing_rule,明确燃煤发电电量全部进入市场，执行“基准价+上下浮动”机制（高耗能企业不受上浮20%限制），电力现货价格不设浮动幅度限制；,,,,,,,,,,,,,,,,,,,,step7b_iterB_rulefix,strict_all
Clause:0463f8ab2dc0e54e2fd506618b80ede13670db6650cb659109835a35687dc141#clause_0002,Clause,,0463f8ab2dc0e54e2fd506618b80ede13670db6650cb659109835a35687dc141,0463f8ab2dc0e54e2fd506618b80ede13670db6650cb659109835a35687dc141#clause_0002,2,subsidy_rule,（含表后线路改造）费用，实行一次补贴，按照4600元/户的标准补贴至用户，市、县（市、区）按照2：3比例分担，不足部分由用户承担。,,,,,,,,,,,,,,,,,,,,step7b_iterB_rulefix,strict_all
Clause:0463f8ab2dc0e54e2fd506618b80ede13670db6650cb659109835a35687dc141#clause_0005,Clause,,0463f8ab2dc0e54e2fd506618b80ede13670db6650cb659109835a35687dc141,0463f8ab2dc0e54e2fd506618b80ede13670db6650cb659109835a35687dc141#clause_0005,5,subsidy_rule,自2019年起对本年度“煤改电”用户按照采暖期用电0.2元/千瓦时的标准补贴，每户每年最高补贴电量6000千瓦时,,,,,,,,,,,,,,,,,,,,step7b_iterB_rulefix,strict_all
Clause:0463f8ab2dc0e54e2fd506618b80ede13670db6650cb659109835a35687dc141#clause_0006,Clause,,0463f8ab2dc0e54e2fd506618b80ede13670db6650cb659109835a35687dc141,0463f8ab2dc0e54e2fd506618b80ede13670db6650cb659109835a35687dc141#clause_0006,6,subsidy_rule,（每户每年最高补贴1200元），所需资金由市、县按照3：7比例分担，补贴时间暂定3年。,,,,,,,,,,,,,,,,,,,,step7b_iterB_rulefix,strict_all
Clause:0ae95f60cf40ef3dbcc874d7e32a0ed5a3d91c7d587ec5cae592c8064a14b8f8#clause_0002,Clause,,0ae95f60cf40ef3dbcc874d7e32a0ed5a3d91c7d587ec5cae592c8064a14b8f8,0ae95f60cf40ef3dbcc874d7e32a0ed5a3d91c7d587ec5cae592c8064a14b8f8#clause_0002,2,subsidy_rule,平缓补贴退坡力度和节奏，原则上2020 -2022年补贴标准分别在上一年基础上退坡10%、20%、30%（2020年补贴标准见附件）。,,,,,,,,,,,,,,,,,,,,step7b_iterB_rulefix,strict_all
Clause:0ae95f60cf40ef3dbcc874d7e32a0ed5a3d91c7d587ec5cae592c8064a14b8f8#clause_0004,Clause,,0ae95f60cf40ef3dbcc874d7e32a0ed5a3d91c7d587ec5cae592c8064a14b8f8,0ae95f60cf40ef3dbcc874d7e32a0ed5a3d91c7d587ec5cae592c8064a14b8f8#clause_0004,4,subsidy_rule,（含网约车）、环卫、城市物流配送、邮政快递、民航机场以及党政机关公务领域符合要求的车辆，2020年补贴标准不退坡，2021-2022年补贴标准分别在上一年基础上退坡10%、20%。原则上每年补贴规模上限约200万辆。,,,,,,,,,,,,,,,,,,,,step7b_iterB_rulefix,strict_all
Clause:0ae95f60cf40ef3dbcc874d7e32a0ed5a3d91c7d587ec5cae592c8064a14b8f8#clause_0009,Clause,,0ae95f60cf40ef3dbcc874d7e32a0ed5a3d91c7d587ec5cae592c8064a14b8f8,0ae95f60cf40ef3dbcc874d7e32a0ed5a3d91c7d587ec5cae592c8064a14b8f8#clause_0009,9,subsidy_rule,补贴政策结束后，对未达到清算车辆数量要求的企业，将安排最终清算。新能源乘用车补贴前售价须在30万元以下,,,,,,,,,,,,,,,,,,,,step7b_iterB_rulefix,strict_all
Clause:0ae95f60cf40ef3dbcc874d7e32a0ed5a3d91c7d587ec5cae592c8064a14b8f8#clause_0010,Clause,,0ae95f60cf40ef3dbcc874d7e32a0ed5a3d91c7d587ec5cae592c8064a14b8f8,0ae95f60cf40ef3dbcc874d7e32a0ed5a3d91c7d587ec5cae592c8064a14b8f8#clause_0010,10,other,（含30万元），为鼓励“换电”新型商业模式发展，加快新能源汽车推广，“换电模式”车辆不受此规定。,,,,,,,,,,,,,,,,,,,,step7b_iterB_rulefix,strict_all
Clause:0c6f09a25dd67445d4329a19b7c075e48243ee2db53c7faa02f8ad5296257722#clause_0000,Clause,,0c6f09a25dd67445d4329a19b7c075e48243ee2db53c7faa02f8ad5296257722,0c6f09a25dd67445d4329a19b7c075e48243ee2db53c7faa02f8ad5296257722#clause_0000,0,task_assessment,"<h2>file:关于印发河津市2024年冬季清洁取暖工作实施方案的通知.txt</h2>
2024年5月23日	关于印发河津市2024年冬季清洁取暖工作实施方案的通知	　
2024年11月15日前，全市完成冬季清洁取暖改造“煤改电”13838户任务，具体数据以验收为准。",,,,,,,,,,,,,,,,,,,,step7b_iterB_rulefix,strict_all
Clause:0d4df7638a86e161686866b0b8ac4efc520827097e76902f88d922c41e699999#clause_0003,Clause,,0d4df7638a86e161686866b0b8ac4efc520827097e76902f88d922c41e699999,0d4df7638a86e161686866b0b8ac4efc520827097e76902f88d922c41e699999#clause_0003,3,time_rule,到2025年，电能占终端能源消费比重达到30%左右。,,,,,,,,,,,,,,,,,,,,step7b_iterB_rulefix,strict_all
Clause:0d66b8c7139a0f984bbaf759d12e1bb40d66b6e7f05bab043de5e56b4398fb79#clause_0000,Clause,,0d66b8c7139a0f984bbaf759d12e1bb40d66b6e7f05bab043de5e56b4398fb79,0d66b8c7139a0f984bbaf759d12e1bb40d66b6e7f05bab043de5e56b4398fb79#clause_0000,0,task_assessment,"<h2>file:关于印发河津市2024年冬季清洁取暖工作实施方案的通知.txt</h2>
2024年5月23日	关于印发河津市2024年冬季清洁取暖工作实施方案的通知	　
2024年11月15日前，全市完成冬季清洁取暖改造“煤改电”13838户任务，具体数据以验收为准。",,,,,,,,,,,,,,,,,,,,step7b_iterB_rulefix,strict_all
Clause:0de53d8f7a3a1c2de8a8ce98c12216d63084f7e235dd8ddcc02f07760d36a17a#clause_0000,Clause,,0de53d8f7a3a1c2de8a8ce98c12216d63084f7e235dd8ddcc02f07760d36a17a,0de53d8f7a3a1c2de8a8ce98c12216d63084f7e235dd8ddcc02f07760d36a17a#clause_0000,0,time_rule,"<h2>file:16年电能替代文件.txt</h2>
“十三五”期间将全面推进上述四个领域的电能替代实现能源终端消费环节替代散烧煤、燃油消费约1.3亿吨标煤带动电煤占煤炭消费比重提高约1.9%带动电能占终端能源消费比重提高约1.5%促进电能消费比重达到约27%。",,,,,,,,,,,,,,,,,,,,step7b_iterB_rulefix,strict_all
Clause:0de53d8f7a3a1c2de8a8ce98c12216d63084f7e235dd8ddcc02f07760d36a17a#clause_0026,Clause,,0de53d8f7a3a1c2de8a8ce98c12216d63084f7e235dd8ddcc02f07760d36a17a,0de53d8f7a3a1c2de8a8ce98c12216d63084f7e235dd8ddcc02f07760d36a17a#clause_0026,26,time_rule,2016—2020年实现能源终端消费环节电能替代散烧煤、燃油消费总量约1.3亿吨标煤带动电煤占煤炭消费比重提高约1.9%带动电能占终端能源消费比重提高约1.5%促进电能占终端能源消费比重达到约27%。,,,,,,,,,,,,,,,,,,,,step7b_iterB_rulefix,strict_all
Clause:0ef7089f429ca4377a5b92c9f7a419ffcb4a3102d8d0ac5666c9f1bfef4ba625#clause_0001,Clause,,0ef7089f429ca4377a5b92c9f7a419ffcb4a3102d8d0ac5666c9f1bfef4ba625,0ef7089f429ca4377a5b92c9f7a419ffcb4a3102d8d0ac5666c9f1bfef4ba625#clause_0001,1,time_rule,"2013年9月10日    国务院关于印发大气污染防治行动计划的通知
到2017年，全国地级及以上城市可吸入颗粒物浓度比2012年下降10%以上，优良天数逐年提高；",,,,,,,,,,,,,,,,,,,,step7b_iterB_rulefix,strict_all
Clause:0ef7089f429ca4377a5b92c9f7a419ffcb4a3102d8d0ac5666c9f1bfef4ba625#clause_0002,Clause,,0ef7089f429ca4377a5b92c9f7a419ffcb4a3102d8d0ac5666c9f1bfef4ba625,0ef7089f429ca4377a5b92c9f7a419ffcb4a3102d8d0ac5666c9f1bfef4ba625#clause_0002,2,other,"京津冀、长三角、珠三角等区域细颗粒物浓度分别下降25%、20%、15%左右，
其中北京市细颗粒物年均浓度控制在60微克/立方米左右。
加强工业企业大气污染综合治理。全面整治燃煤小锅炉。",,,,,,,,,,,,,,,,,,,,step7b_iterB_rulefix,strict_all
Clause:0f3400361f4f38388365c57c706fc464f0fa6aee962bdb434173380878f8c94b#clause_0000,Clause,,0f3400361f4f38388365c57c706fc464f0fa6aee962bdb434173380878f8c94b,0f3400361f4f38388365c57c706fc464f0fa6aee962bdb434173380878f8c94b#clause_0000,0,time_rule,"<h2>file:《关于大气污染防治行动计划的通知》.txt</h2>
2013年9月10日    国务院关于印发大气污染防治行动计划的通知
到2017年，全国地级及以上城市可吸入颗粒物浓度比2012年下降10%以上，优良天数逐年提高；",,,,,,,,,,,,,,,,,,,,step7b_iterB_rulefix,strict_all
Clause:0f3400361f4f38388365c57c706fc464f0fa6aee962bdb434173380878f8c94b#clause_0002,Clause,,0f3400361f4f38388365c57c706fc464f0fa6aee962bdb434173380878f8c94b,0f3400361f4f38388365c57c706fc464f0fa6aee962bdb434173380878f8c94b#clause_0002,2,other,京津冀、长三角、珠三角等区域细颗粒物浓度分别下降25%、20%、15%左右，其中北京市细颗粒物年均浓度控制在60微克/立方米左右。,,,,,,,,,,,,,,,,,,,,step7b_iterB_rulefix,strict_all
Clause:10695560c26cc67b7a3e26b8dbcd7b856b0b17ef49c31ba529efd3caf059a1de#clause_0000,Clause,,10695560c26cc67b7a3e26b8dbcd7b856b0b17ef49c31ba529efd3caf059a1de,10695560c26cc67b7a3e26b8dbcd7b856b0b17ef49c31ba529efd3caf059a1de#clause_0000,0,time_rule,"<h2>file:《太原市2018年散煤治理工作实施方案》.txt</h2>
《太原市2018年散煤治理工作实施方案》提出，10月底前，全市20吨以下燃煤锅炉要实现清零，完成“三县一市”平川地区清洁供暖改造10万户以上、城南热源厂3台270蒸吨燃煤采暖锅炉清洁能源替代，推进城西热源厂4台640蒸吨燃煤采暖锅炉清洁能源替代，年减少燃煤量83.4万吨。",,,,,,,,,,,,,,,,,,,,step7b_iterB_rulefix,strict_all
Clause:10695560c26cc67b7a3e26b8dbcd7b856b0b17ef49c31ba529efd3caf059a1de#clause_0001,Clause,,10695560c26cc67b7a3e26b8dbcd7b856b0b17ef49c31ba529efd3caf059a1de,10695560c26cc67b7a3e26b8dbcd7b856b0b17ef49c31ba529efd3caf059a1de#clause_0001,1,subsidy_rule,"农村“煤改电”：每户设备购置最高补贴2.74万元

《实施方案》明确，市县两级政府承担配套输变电工程的征地、拆迁、青赔等前期协调工作，对相关费用给予适当补贴。",,,,,,,,,,,,,,,,,,,,step7b_iterB_rulefix,strict_all
Clause:10695560c26cc67b7a3e26b8dbcd7b856b0b17ef49c31ba529efd3caf059a1de#clause_0002,Clause,,10695560c26cc67b7a3e26b8dbcd7b856b0b17ef49c31ba529efd3caf059a1de,10695560c26cc67b7a3e26b8dbcd7b856b0b17ef49c31ba529efd3caf059a1de#clause_0002,2,subsidy_rule,对10千伏及以下配套电网工程，给予30%的补贴，其余费用由国网太原供电分公司负责。,,,,,,,,,,,,,,,,,,,,step7b_iterB_rulefix,strict_all
Clause:10695560c26cc67b7a3e26b8dbcd7b856b0b17ef49c31ba529efd3caf059a1de#clause_0003,Clause,,10695560c26cc67b7a3e26b8dbcd7b856b0b17ef49c31ba529efd3caf059a1de,10695560c26cc67b7a3e26b8dbcd7b856b0b17ef49c31ba529efd3caf059a1de#clause_0003,3,subsidy_rule,采用空气源热泵供暖的居民，设备购置费用由市县两级财政补贴94%，补贴最高不超过每户2.74万元；,,,,,,,,,,,,,,,,,,,,step7b_iterB_rulefix,strict_all
Clause:10695560c26cc67b7a3e26b8dbcd7b856b0b17ef49c31ba529efd3caf059a1de#clause_0004,Clause,,10695560c26cc67b7a3e26b8dbcd7b856b0b17ef49c31ba529efd3caf059a1de,10695560c26cc67b7a3e26b8dbcd7b856b0b17ef49c31ba529efd3caf059a1de#clause_0004,4,subsidy_rule,采用高效电锅炉、蓄热式电暖气和热库供暖的居民，设备购置费用由市县两级财政补贴89%，补贴最高不超过每户1.44万元。,,,,,,,,,,,,,,,,,,,,step7b_iterB_rulefix,strict_all
Clause:10695560c26cc67b7a3e26b8dbcd7b856b0b17ef49c31ba529efd3caf059a1de#clause_0005,Clause,,10695560c26cc67b7a3e26b8dbcd7b856b0b17ef49c31ba529efd3caf059a1de,10695560c26cc67b7a3e26b8dbcd7b856b0b17ef49c31ba529efd3caf059a1de#clause_0005,5,subsidy_rule,每个采暖期，市、县两级财政对完成“煤改电”的农户不分峰谷每度电补贴0.2元，最高不超过2400元。,,,,,,,,,,,,,,,,,,,,step7b_iterB_rulefix,strict_all
Clause:10695560c26cc67b7a3e26b8dbcd7b856b0b17ef49c31ba529efd3caf059a1de#clause_0009,Clause,,10695560c26cc67b7a3e26b8dbcd7b856b0b17ef49c31ba529efd3caf059a1de,10695560c26cc67b7a3e26b8dbcd7b856b0b17ef49c31ba529efd3caf059a1de#clause_0009,9,subsidy_rule,市县两级财政补贴燃气企业1万元/户(含管网敷设、路面开挖恢复、燃气采暖炉、燃气灶具和安装等费用)。,,,,,,,,,,,,,,,,,,,,step7b_iterB_rulefix,strict_all
Clause:1073cb109211fd941aebac04c4969f3a87bbd9186801a40532d013098ee3ab11#clause_0003,Clause,,1073cb109211fd941aebac04c4969f3a87bbd9186801a40532d013098ee3ab11,1073cb109211fd941aebac04c4969f3a87bbd9186801a40532d013098ee3ab11#clause_0003,3,subsidy_rule,"更新车龄 8 年及以上的新能源公交车及动力
电池，平均每辆车补贴6万元",,,,,,,,,,,,,,,,,,,,step7b_iterB_rulefix,strict_all
Clause:13677b49d0d053be96bfcd32cd36eeba7c68f125c6f32cc220322ba98c178bf4#clause_0002,Clause,,13677b49d0d053be96bfcd32cd36eeba7c68f125c6f32cc220322ba98c178bf4,13677b49d0d053be96bfcd32cd36eeba7c68f125c6f32cc220322ba98c178bf4#clause_0002,2,time_rule,具体指标：全国细颗粒物（PM2.5）未达标地级及以上城市浓度比2015年下降18%以上，地级及以上城市空气质量优良天数比率达到80%以上；,,,,,,,,,,,,,,,,,,,,step7b_iterB_rulefix,strict_all
Clause:13677b49d0d053be96bfcd32cd36eeba7c68f125c6f32cc220322ba98c178bf4#clause_0003,Clause,,13677b49d0d053be96bfcd32cd36eeba7c68f125c6f32cc220322ba98c178bf4,13677b49d0d053be96bfcd32cd36eeba7c68f125c6f32cc220322ba98c178bf4#clause_0003,3,other,全国地表水Ⅰ－Ⅲ类水体比例达到70%以上，劣Ⅴ类水体比例控制在5%以内；,,,,,,,,,,,,,,,,,,,,step7b_iterB_rulefix,strict_all
Clause:13677b49d0d053be96bfcd32cd36eeba7c68f125c6f32cc220322ba98c178bf4#clause_0004,Clause,,13677b49d0d053be96bfcd32cd36eeba7c68f125c6f32cc220322ba98c178bf4,13677b49d0d053be96bfcd32cd36eeba7c68f125c6f32cc220322ba98c178bf4#clause_0004,4,other,近岸海域水质优良（一、二类）比例达到70%左右；,,,,,,,,,,,,,,,,,,,,step7b_iterB_rulefix,strict_all
Clause:13677b49d0d053be96bfcd32cd36eeba7c68f125c6f32cc220322ba98c178bf4#clause_0005,Clause,,13677b49d0d053be96bfcd32cd36eeba7c68f125c6f32cc220322ba98c178bf4,13677b49d0d053be96bfcd32cd36eeba7c68f125c6f32cc220322ba98c178bf4#clause_0005,5,time_rule,二氧化硫、氮氧化物排放量比2015年减少15%以上，化学需氧量、氨氮排放量减少10%以上；,,,,,,,,,,,,,,,,,,,,step7b_iterB_rulefix,strict_all
Clause:13677b49d0d053be96bfcd32cd36eeba7c68f125c6f32cc220322ba98c178bf4#clause_0006,Clause,,13677b49d0d053be96bfcd32cd36eeba7c68f125c6f32cc220322ba98c178bf4,13677b49d0d053be96bfcd32cd36eeba7c68f125c6f32cc220322ba98c178bf4#clause_0006,6,other,受污染耕地安全利用率达到90%左右，污染地块安全利用率达到90%以上；生态保护红线面积占比达到25%左右；森林覆盖率达到23.04%以上。,,,,,,,,,,,,,,,,,,,,step7b_iterB_rulefix,strict_all
Clause:15d322df36604ef5082b3cbb152c1ae45bda6ad3f5d941b024f5371b4210c4d8#clause_0001,Clause,,15d322df36604ef5082b3cbb152c1ae45bda6ad3f5d941b024f5371b4210c4d8,15d322df36604ef5082b3cbb152c1ae45bda6ad3f5d941b024f5371b4210c4d8#clause_0001,1,time_rule,优化峰谷时段划分：高峰时段08:00-11:00、17:00-23:00；,,,,,,,,,,,,,,,,,,,,step7b_iterB_rulefix,strict_all
Clause:15d322df36604ef5082b3cbb152c1ae45bda6ad3f5d941b024f5371b4210c4d8#clause_0002,Clause,,15d322df36604ef5082b3cbb152c1ae45bda6ad3f5d941b024f5371b4210c4d8,15d322df36604ef5082b3cbb152c1ae45bda6ad3f5d941b024f5371b4210c4d8#clause_0002,2,time_rule,低谷时段00:00-07:00、11:00-13:00；,,,,,,,,,,,,,,,,,,,,step7b_iterB_rulefix,strict_all
Clause:15d322df36604ef5082b3cbb152c1ae45bda6ad3f5d941b024f5371b4210c4d8#clause_0003,Clause,,15d322df36604ef5082b3cbb152c1ae45bda6ad3f5d941b024f5371b4210c4d8,15d322df36604ef5082b3cbb152c1ae45bda6ad3f5d941b024f5371b4210c4d8#clause_0003,3,time_rule,平时段07:00-08:00、13:00-17:00、23:00-24:00。,,,,,,,,,,,,,,,,,,,,step7b_iterB_rulefix,strict_all
Clause:15d322df36604ef5082b3cbb152c1ae45bda6ad3f5d941b024f5371b4210c4d8#clause_0004,Clause,,15d322df36604ef5082b3cbb152c1ae45bda6ad3f5d941b024f5371b4210c4d8,15d322df36604ef5082b3cbb152c1ae45bda6ad3f5d941b024f5371b4210c4d8#clause_0004,4,time_rule,适当扩大峰谷价差：高峰时段电价在平时段电价基础上上浮60%，低谷时段电价在平时段电价基础上下浮55%，尖峰时段电价在高峰时段电价基础上上浮20%。,,,,,,,,,,,,,,,,,,,,step7b_iterB_rulefix,strict_all
Clause:15d322df36604ef5082b3cbb152c1ae45bda6ad3f5d941b024f5371b4210c4d8#clause_0005,Clause,,15d322df36604ef5082b3cbb152c1ae45bda6ad3f5d941b024f5371b4210c4d8,15d322df36604ef5082b3cbb152c1ae45bda6ad3f5d941b024f5371b4210c4d8#clause_0005,5,time_rule,实施季节性尖峰电价：每年冬、夏两季对大工业电力用户实施尖峰电价政策，尖峰时段电价在峰时段电价基础上上浮20%。,,,,,,,,,,,,,,,,,,,,step7b_iterB_rulefix,strict_all
Clause:17b169c01d0fd11691f3014066bc982e9d5aae3ef301b3d897d2a4b986dac45b#clause_0004,Clause,,17b169c01d0fd11691f3014066bc982e9d5aae3ef301b3d897d2a4b986dac45b,17b169c01d0fd11691f3014066bc982e9d5aae3ef301b3d897d2a4b986dac45b#clause_0004,4,subsidy_rule,按照“改造政府补贴，不足用户补齐”的原则，居民用电取暖设备费用每户补贴最高不超过2万元，市、县两级政府按1:1的比例分担。,,,,,,,,,,,,,,,,,,,,step7b_iterB_rulefix,strict_all
Clause:17b169c01d0fd11691f3014066bc982e9d5aae3ef301b3d897d2a4b986dac45b#clause_0007,Clause,,17b169c01d0fd11691f3014066bc982e9d5aae3ef301b3d897d2a4b986dac45b,17b169c01d0fd11691f3014066bc982e9d5aae3ef301b3d897d2a4b986dac45b#clause_0007,7,subsidy_rule,每个采暖期每户补贴用电费用最高不超过2400元，市、县两级政府按1:1的比例分担。,,,,,,,,,,,,,,,,,,,,step7b_iterB_rulefix,strict_all
Clause:17b169c01d0fd11691f3014066bc982e9d5aae3ef301b3d897d2a4b986dac45b#clause_0009,Clause,,17b169c01d0fd11691f3014066bc982e9d5aae3ef301b3d897d2a4b986dac45b,17b169c01d0fd11691f3014066bc982e9d5aae3ef301b3d897d2a4b986dac45b#clause_0009,9,scope_rule,对城乡低保对象、特困供养人员等贫困户及学校、养老机构（光荣院、敬老院）等非营利性公益单位集体用户，改造费由市、县两级政府按1:1的比例分担。,,,,,,,,,,,,,,,,,,,,step7b_iterB_rulefix,strict_all
Clause:17b169c01d0fd11691f3014066bc982e9d5aae3ef301b3d897d2a4b986dac45b#clause_0011,Clause,,17b169c01d0fd11691f3014066bc982e9d5aae3ef301b3d897d2a4b986dac45b,17b169c01d0fd11691f3014066bc982e9d5aae3ef301b3d897d2a4b986dac45b#clause_0011,11,subsidy_rule,按照“改造政府补贴，不足用户补齐”的原则，居民燃气管网配套费用每户补贴最高不超过5000元，市、县两级政府按1:1的比例分担。,,,,,,,,,,,,,,,,,,,,step7b_iterB_rulefix,strict_all
Clause:17b169c01d0fd11691f3014066bc982e9d5aae3ef301b3d897d2a4b986dac45b#clause_0012,Clause,,17b169c01d0fd11691f3014066bc982e9d5aae3ef301b3d897d2a4b986dac45b,17b169c01d0fd11691f3014066bc982e9d5aae3ef301b3d897d2a4b986dac45b#clause_0012,12,subsidy_rule,居民燃气取暖设备费用每户补贴最高不超过3000元，市、县两级政府按1:1的比例分担。,,,,,,,,,,,,,,,,,,,,step7b_iterB_rulefix,strict_all
Clause:17b169c01d0fd11691f3014066bc982e9d5aae3ef301b3d897d2a4b986dac45b#clause_0013,Clause,,17b169c01d0fd11691f3014066bc982e9d5aae3ef301b3d897d2a4b986dac45b,17b169c01d0fd11691f3014066bc982e9d5aae3ef301b3d897d2a4b986dac45b#clause_0013,13,subsidy_rule,每个采暖期每户补贴燃气费用最高不超过2400元，市、县两级政府按1:1的比例分担。,,,,,,,,,,,,,,,,,,,,step7b_iterB_rulefix,strict_all
Clause:17b169c01d0fd11691f3014066bc982e9d5aae3ef301b3d897d2a4b986dac45b#clause_0015,Clause,,17b169c01d0fd11691f3014066bc982e9d5aae3ef301b3d897d2a4b986dac45b,17b169c01d0fd11691f3014066bc982e9d5aae3ef301b3d897d2a4b986dac45b#clause_0015,15,scope_rule,对城乡低保对象、特困供养人员等贫困户及学校、养老机构（光荣院、敬老院）等非营利性公益单位集体用户，改造费由市、县两级政府按1:1的比例分担。,,,,,,,,,,,,,,,,,,,,step7b_iterB_rulefix,strict_all
Clause:18aede9bc4a893e4dc4dcc46a9c6800761d8d391b46ad5d676d183b8aebaa183#clause_0001,Clause,,18aede9bc4a893e4dc4dcc46a9c6800761d8d391b46ad5d676d183b8aebaa183,18aede9bc4a893e4dc4dcc46a9c6800761d8d391b46ad5d676d183b8aebaa183#clause_0001,1,pricing_rule,政策将居民用电量分为三档：第一档月用电量200度（含）以内，维持现行电价标准；第二档月用电量201—400度（含），每度电价上调0.05元；第三档月用电量401度（含）以上，每度电价上调0.30元。,,,,,,,,,,,,,,,,,,,,step7b_iterB_rulefix,strict_all
Clause:18aede9bc4a893e4dc4dcc46a9c6800761d8d391b46ad5d676d183b8aebaa183#clause_0002,Clause,,18aede9bc4a893e4dc4dcc46a9c6800761d8d391b46ad5d676d183b8aebaa183,18aede9bc4a893e4dc4dcc46a9c6800761d8d391b46ad5d676d183b8aebaa183#clause_0002,2,pricing_rule,未实行“一户一表”的合表居民用户统一每度电价上调0.02元。,,,,,,,,,,,,,,,,,,,,step7b_iterB_rulefix,strict_all
Clause:18aede9bc4a893e4dc4dcc46a9c6800761d8d391b46ad5d676d183b8aebaa183#clause_0003,Clause,,18aede9bc4a893e4dc4dcc46a9c6800761d8d391b46ad5d676d183b8aebaa183,18aede9bc4a893e4dc4dcc46a9c6800761d8d391b46ad5d676d183b8aebaa183#clause_0003,3,other,对城乡“低保户”、城市“三无”人员和农村“五保户”家庭每月设置10度免费电量。,,,,,,,,,,,,,,,,,,,,step7b_iterB_rulefix,strict_all
Clause:194967a19fd4314cba42620eb15e046479532e091b0d5d6272bac1743b6debfe#clause_0000,Clause,,194967a19fd4314cba42620eb15e046479532e091b0d5d6272bac1743b6debfe,194967a19fd4314cba42620eb15e046479532e091b0d5d6272bac1743b6debfe#clause_0000,0,time_rule,"<h2>file:《上海市港口岸电建设方案》.txt</h2>
加快推进在用码头的岸电建设，到2020年，实现50%以上的集装箱、客货滚装、邮轮、3千吨级以上客运和5万吨级以上干散货专业化泊位具备向船舶供应岸电的能力，煤电厂码头、内河码头实现岸电设施全覆盖。",,,,,,,,,,,,,,,,,,,,step7b_iterB_rulefix,strict_all
Clause:194967a19fd4314cba42620eb15e046479532e091b0d5d6272bac1743b6debfe#clause_0002,Clause,,194967a19fd4314cba42620eb15e046479532e091b0d5d6272bac1743b6debfe,194967a19fd4314cba42620eb15e046479532e091b0d5d6272bac1743b6debfe#clause_0002,2,time_rule,根据上海港船舶排放控制区总体要求，研究推进靠港船舶强制使用岸电，逐年提高岸电使用率，力争到2020年，本市集装箱、邮轮码头岸电设施使用率达到10%、港作船舶岸电设施使用率达到80%以上。,,,,,,,,,,,,,,,,,,,,step7b_iterB_rulefix,strict_all
Clause:19b81e147d4c1292e577c2e1ab84419e792b779d8e0a823ba5d99750039e25cd#clause_0000,Clause,,19b81e147d4c1292e577c2e1ab84419e792b779d8e0a823ba5d99750039e25cd,19b81e147d4c1292e577c2e1ab84419e792b779d8e0a823ba5d99750039e25cd#clause_0000,0,subsidy_rule,"<h2>file:《夏县2023-2024年度冬季清洁取暖“煤改电”“煤改气”运行补贴实.txt</h2>
《夏县2023-2024年度冬季清洁取暖“煤改电”“煤改气”运行补贴实施办法》2024-09-26  煤改电”：采暖用电每度电补贴0.1元，采暖季每户居民累计最高补贴1040元。",,,,,,,,,,,,,,,,,,,,step7b_iterB_rulefix,strict_all
Clause:19b81e147d4c1292e577c2e1ab84419e792b779d8e0a823ba5d99750039e25cd#clause_0001,Clause,,19b81e147d4c1292e577c2e1ab84419e792b779d8e0a823ba5d99750039e25cd,19b81e147d4c1292e577c2e1ab84419e792b779d8e0a823ba5d99750039e25cd#clause_0001,1,table_row_clause,《夏县2023-2024年度冬季清洁取暖“煤改电”“煤改气”运行补贴实施办法》2024-09-26  煤改电”：采暖用电每度电补贴0.1元，采暖季每户居民累计最高补贴1040元。煤改气”：采暖用气每方气补贴1元，采暖季每户居民累计最高补贴1200元。,,,,,,,,,,,,,,,,,,,,step7b_iterB_rulefix,strict_all
Clause:19b81e147d4c1292e577c2e1ab84419e792b779d8e0a823ba5d99750039e25cd#clause_0002,Clause,,19b81e147d4c1292e577c2e1ab84419e792b779d8e0a823ba5d99750039e25cd,19b81e147d4c1292e577c2e1ab84419e792b779d8e0a823ba5d99750039e25cd#clause_0002,2,subsidy_rule,煤改气”：采暖用气每方气补贴1元，采暖季每户居民累计最高补贴1200元。,,,,,,,,,,,,,,,,,,,,step7b_iterB_rulefix,strict_all
Clause:1be33bff3ea2876b31bbd3f23c81aa44573ad1f2de6cfb2cd7d649a3ebd1028d#clause_0008,Clause,,1be33bff3ea2876b31bbd3f23c81aa44573ad1f2de6cfb2cd7d649a3ebd1028d,1be33bff3ea2876b31bbd3f23c81aa44573ad1f2de6cfb2cd7d649a3ebd1028d#clause_0008,8,time_rule,原则上，新建住宅配建停车位应100%建设充电设施或预留建设安装条件，大型公共建筑物配建停车场、社会公共停车场建设充电设施或预留建设安装条件的车位比例不低于10%，每2000辆电动汽车至少配套建设一座公共充电站。,,,,,,,,,,,,,,,,,,,,step7b_iterB_rulefix,strict_all
Clause:1c866d7db0140a8b19307802359c968014faf7196bd57a33ff7b5fcd5941c821#clause_0003,Clause,,1c866d7db0140a8b19307802359c968014faf7196bd57a33ff7b5fcd5941c821,1c866d7db0140a8b19307802359c968014faf7196bd57a33ff7b5fcd5941c821#clause_0003,3,other,以在内河港口靠泊2小时以上的内河运输船舶、江海直达运输船舶、海进江运输船舶（液货船以及使用新能源、清洁能源的船舶除外）为重点，推进现有船舶受电设施改造。,,,,,,,,,,,,,,,,,,,,step7b_iterB_rulefix,strict_all
Clause:1df67c120b894f41fc1540eadf6f7318a0e4032ff1bae8a444612d07944ef7b9#clause_0000,Clause,,1df67c120b894f41fc1540eadf6f7318a0e4032ff1bae8a444612d07944ef7b9,1df67c120b894f41fc1540eadf6f7318a0e4032ff1bae8a444612d07944ef7b9#clause_0000,0,time_rule,"<h2>file:《上海市港口岸电建设方案》.txt</h2>
加快推进在用码头的岸电建设，到2020年，实现50%以上的集装箱、客货滚装、邮轮、3千吨级以上客运和5万吨级以上干散货专业化泊位具备向船舶供应岸电的能力，煤电厂码头、内河码头实现岸电设施全覆盖。",,,,,,,,,,,,,,,,,,,,step7b_iterB_rulefix,strict_all
Clause:1df67c120b894f41fc1540eadf6f7318a0e4032ff1bae8a444612d07944ef7b9#clause_0002,Clause,,1df67c120b894f41fc1540eadf6f7318a0e4032ff1bae8a444612d07944ef7b9,1df67c120b894f41fc1540eadf6f7318a0e4032ff1bae8a444612d07944ef7b9#clause_0002,2,time_rule,根据上海港船舶排放控制区总体要求，研究推进靠港船舶强制使用岸电，逐年提高岸电使用率，力争到2020年，本市集装箱、邮轮码头岸电设施使用率达到10%、港作船舶岸电设施使用率达到80%以上。,,,,,,,,,,,,,,,,,,,,step7b_iterB_rulefix,strict_all
Clause:1fa29c73a41d6d62bb74e065c64724a1eb5075621c22e96288682d2c4c141f5d#clause_0005,Clause,,1fa29c73a41d6d62bb74e065c64724a1eb5075621c22e96288682d2c4c141f5d,1fa29c73a41d6d62bb74e065c64724a1eb5075621c22e96288682d2c4c141f5d#clause_0005,5,pricing_rule,（下同）0.55元、谷段电价0.30元；,,,,,,,,,,,,,,,,,,,,step7b_iterB_rulefix,strict_all
Clause:1fa29c73a41d6d62bb74e065c64724a1eb5075621c22e96288682d2c4c141f5d#clause_0006,Clause,,1fa29c73a41d6d62bb74e065c64724a1eb5075621c22e96288682d2c4c141f5d,1fa29c73a41d6d62bb74e065c64724a1eb5075621c22e96288682d2c4c141f5d#clause_0006,6,pricing_rule,用电电压等级为1-10千伏的，第一档峰段电价为每千瓦时0.50元、谷段电价0.27元。,,,,,,,,,,,,,,,,,,,,step7b_iterB_rulefix,strict_all
Clause:1fa29c73a41d6d62bb74e065c64724a1eb5075621c22e96288682d2c4c141f5d#clause_0007,Clause,,1fa29c73a41d6d62bb74e065c64724a1eb5075621c22e96288682d2c4c141f5d,1fa29c73a41d6d62bb74e065c64724a1eb5075621c22e96288682d2c4c141f5d#clause_0007,7,pricing_rule,第二、三档峰、谷电价分别在第一档电价基础上加价0.05元、0.30元。,,,,,,,,,,,,,,,,,,,,step7b_iterB_rulefix,strict_all
Clause:1fa29c73a41d6d62bb74e065c64724a1eb5075621c22e96288682d2c4c141f5d#clause_0008,Clause,,1fa29c73a41d6d62bb74e065c64724a1eb5075621c22e96288682d2c4c141f5d,1fa29c73a41d6d62bb74e065c64724a1eb5075621c22e96288682d2c4c141f5d#clause_0008,8,pricing_rule,执行合表电价的用户：用电电压等级为不满1千伏的，峰段电价为每千瓦时0.57元、谷段电价0.31元；,,,,,,,,,,,,,,,,,,,,step7b_iterB_rulefix,strict_all
Clause:1fa29c73a41d6d62bb74e065c64724a1eb5075621c22e96288682d2c4c141f5d#clause_0009,Clause,,1fa29c73a41d6d62bb74e065c64724a1eb5075621c22e96288682d2c4c141f5d,1fa29c73a41d6d62bb74e065c64724a1eb5075621c22e96288682d2c4c141f5d#clause_0009,9,pricing_rule,用电电压等级为1-10千伏的，峰段电价为每千瓦时0.52元、谷段电价0.28元。,,,,,,,,,,,,,,,,,,,,step7b_iterB_rulefix,strict_all
Clause:21a5c67e61e80e1324726c39e931d5faa3ef2db450f2e5421f7a10df4fe56b97#clause_0001,Clause,,21a5c67e61e80e1324726c39e931d5faa3ef2db450f2e5421f7a10df4fe56b97,21a5c67e61e80e1324726c39e931d5faa3ef2db450f2e5421f7a10df4fe56b97#clause_0001,1,time_rule,调整后的高峰时段为每日10:00-12:00、16:00-22:00，尖峰时段为7月、8月、9月和12月的每日11:00-12:00、17:00-18:00，平时段为每日7:00-10:00、12:00-16:00、22:00-23:00，低谷时段为23:00-次日7:00。,,,,,,,,,,,,,,,,,,,,step7b_iterB_rulefix,strict_all
Clause:21a5c67e61e80e1324726c39e931d5faa3ef2db450f2e5421f7a10df4fe56b97#clause_0002,Clause,,21a5c67e61e80e1324726c39e931d5faa3ef2db450f2e5421f7a10df4fe56b97,21a5c67e61e80e1324726c39e931d5faa3ef2db450f2e5421f7a10df4fe56b97#clause_0002,2,time_rule,峰谷电价比从原来的1.21:1:0.79调整为1.5:1:0.5，尖峰时段电价上浮20%。,,,,,,,,,,,,,,,,,,,,step7b_iterB_rulefix,strict_all
Clause:22683cdc818adbda88476b2ce5ef07bfd17154e8f751efbcf70c4b68e9dd70ba#clause_0001,Clause,,22683cdc818adbda88476b2ce5ef07bfd17154e8f751efbcf70c4b68e9dd70ba,22683cdc818adbda88476b2ce5ef07bfd17154e8f751efbcf70c4b68e9dd70ba#clause_0001,1,table_row_clause,2023年9月1日	《关于示范推进国际航线集装箱船舶和邮轮靠港使用岸电行动方案（2023-2025年）》	船舶受电设施安装率方面，到2024年底，国际邮轮公司在具备岸电供应能力的邮轮港口靠泊的邮轮具备受电设施。到2025年底，国际集装箱班轮公司挂靠具备岸电供应能力的港口的国际干线集装箱船舶（含自有及租赁船舶）的40％具备受电设施。港口码头岸电设施安装覆盖率方面，力争到2024年底，邮轮港口企业停靠邮轮的码头实现高压岸电设施100％全覆盖；到2025年底，国际枢纽海港相关集装箱港口企业停靠国际干线集装箱船舶的码头实现高压岸电设施90％覆盖。船港岸电常态化使用方面，到2023年底，具备使用条件的船舶和港口企业实现岸电常态化使用。码头岸电用电量方面，到2025年，国际干线集装箱船舶、邮轮靠泊岸电用电量较2022年大幅上升。,,,,,,,,,,,,,,,,,,,,step7b_iterB_rulefix,strict_all
Clause:22683cdc818adbda88476b2ce5ef07bfd17154e8f751efbcf70c4b68e9dd70ba#clause_0003,Clause,,22683cdc818adbda88476b2ce5ef07bfd17154e8f751efbcf70c4b68e9dd70ba,22683cdc818adbda88476b2ce5ef07bfd17154e8f751efbcf70c4b68e9dd70ba#clause_0003,3,other,（含自有及租赁船舶）的40％具备受电设施。,,,,,,,,,,,,,,,,,,,,step7b_iterB_rulefix,strict_all
Clause:22683cdc818adbda88476b2ce5ef07bfd17154e8f751efbcf70c4b68e9dd70ba#clause_0004,Clause,,22683cdc818adbda88476b2ce5ef07bfd17154e8f751efbcf70c4b68e9dd70ba,22683cdc818adbda88476b2ce5ef07bfd17154e8f751efbcf70c4b68e9dd70ba#clause_0004,4,time_rule,港口码头岸电设施安装覆盖率方面，力争到2024年底，邮轮港口企业停靠邮轮的码头实现高压岸电设施100％全覆盖；,,,,,,,,,,,,,,,,,,,,step7b_iterB_rulefix,strict_all
Clause:22683cdc818adbda88476b2ce5ef07bfd17154e8f751efbcf70c4b68e9dd70ba#clause_0005,Clause,,22683cdc818adbda88476b2ce5ef07bfd17154e8f751efbcf70c4b68e9dd70ba,22683cdc818adbda88476b2ce5ef07bfd17154e8f751efbcf70c4b68e9dd70ba#clause_0005,5,time_rule,到2025年底，国际枢纽海港相关集装箱港口企业停靠国际干线集装箱船舶的码头实现高压岸电设施90％覆盖。,,,,,,,,,,,,,,,,,,,,step7b_iterB_rulefix,strict_all
Clause:231f1eeb573e2b351f92117ef696b8d2077cec456aacd516232f031d673da137#clause_0001,Clause,,231f1eeb573e2b351f92117ef696b8d2077cec456aacd516232f031d673da137,231f1eeb573e2b351f92117ef696b8d2077cec456aacd516232f031d673da137#clause_0001,1,time_rule,居民月用电量分为三个档次，第一档为230度及以内不加价，第二档为231度至400度每度加价0.05元，第三档为超过400度部分每度加价0.3元。,,,,,,,,,,,,,,,,,,,,step7b_iterB_rulefix,strict_all
Clause:231f1eeb573e2b351f92117ef696b8d2077cec456aacd516232f031d673da137#clause_0002,Clause,,231f1eeb573e2b351f92117ef696b8d2077cec456aacd516232f031d673da137,231f1eeb573e2b351f92117ef696b8d2077cec456aacd516232f031d673da137#clause_0002,2,pricing_rule,对于家庭户籍人口在5人以上的用户，每月增加100度阶梯电价基数。,,,,,,,,,,,,,,,,,,,,step7b_iterB_rulefix,strict_all
Clause:24861df413989ac11a6eb6a6a0d66fa30719c994005c9700a71e869271450a8e#clause_0003,Clause,,24861df413989ac11a6eb6a6a0d66fa30719c994005c9700a71e869271450a8e,24861df413989ac11a6eb6a6a0d66fa30719c994005c9700a71e869271450a8e#clause_0003,3,pricing_rule,本市参加电力市场交易的供暖用电，22:00-次日7:00输配电价在现行输配电价基础上减半收取。,,,,,,,,,,,,,,,,,,,,step7b_iterB_rulefix,strict_all
Clause:264f74e1e9077c0e94590da482db92ebc125f4c14559852d89ad14b209d7e41f#clause_0004,Clause,,264f74e1e9077c0e94590da482db92ebc125f4c14559852d89ad14b209d7e41f,264f74e1e9077c0e94590da482db92ebc125f4c14559852d89ad14b209d7e41f#clause_0004,4,subsidy_rule,（包括无卷帘设备）提升改造为智能化或电动化卷帘设备，补贴标准按不高于350元/台,,,,,,,,,,,,,,,,,,,,step7b_iterB_rulefix,strict_all
Clause:264f74e1e9077c0e94590da482db92ebc125f4c14559852d89ad14b209d7e41f#clause_0005,Clause,,264f74e1e9077c0e94590da482db92ebc125f4c14559852d89ad14b209d7e41f,264f74e1e9077c0e94590da482db92ebc125f4c14559852d89ad14b209d7e41f#clause_0005,5,subsidy_rule,（套）且不超过设备投资的50%予以补贴（包括控制箱、辅材、安装费用等），同一建设内容不重复享受相关补贴政策。,,,,,,,,,,,,,,,,,,,,step7b_iterB_rulefix,strict_all
Clause:264f74e1e9077c0e94590da482db92ebc125f4c14559852d89ad14b209d7e41f#clause_0006,Clause,,264f74e1e9077c0e94590da482db92ebc125f4c14559852d89ad14b209d7e41f,264f74e1e9077c0e94590da482db92ebc125f4c14559852d89ad14b209d7e41f#clause_0006,6,other,其中，智能化卷帘设备100W为350元/台（套）、80W为340元/台（套）、60W为330元/台（套）；电动化卷帘设备100W为330元/台（套）、80W为320元/台（套）、60W为310元/台（套）。,,,,,,,,,,,,,,,,,,,,step7b_iterB_rulefix,strict_all
Clause:2a1a7ca09fde9e1e09c537a13a8c19be802c349c78fec60b60b126242522ccdc#clause_0000,Clause,,2a1a7ca09fde9e1e09c537a13a8c19be802c349c78fec60b60b126242522ccdc,2a1a7ca09fde9e1e09c537a13a8c19be802c349c78fec60b60b126242522ccdc#clause_0000,0,time_rule,"2013年12月11日 国家发展改革委关于完善居民阶梯电价制度的通知
2014年起，全面推进“一户一表”改造，确保到2017年底前全国95%以上的合表用户完成改造，并按阶梯电价制度执行。",,,,,,,,,,,,,,,,,,,,step7b_iterB_rulefix,strict_all
Clause:2c6f8bdce8c0c7967763bb1bf530c46fe6bbfac7bab4a3c48d3256ace950b987#clause_0000,Clause,,2c6f8bdce8c0c7967763bb1bf530c46fe6bbfac7bab4a3c48d3256ace950b987,2c6f8bdce8c0c7967763bb1bf530c46fe6bbfac7bab4a3c48d3256ace950b987#clause_0000,0,time_rule,"2019年10月29日 北京市发展改革委关于居民生活用电“一户多人口”阶梯电量有关事项的通知
2019年12月1日起，北京市对“一户一表”居民用户中户内常住人口为6人及以上的阶梯电量分档进行调整：第一档电量为1～340千瓦时/月，第二档电量为341～500千瓦时/月，第三档电量为500千瓦时以上/月。",,,,,,,,,,,,,,,,,,,,step7b_iterB_rulefix,strict_all
Clause:2ece22a4f07f639ee9f6b14d9a999b5ec8ce9a982e248ec2c4350d49c32a2ec3#clause_0001,Clause,,2ece22a4f07f639ee9f6b14d9a999b5ec8ce9a982e248ec2c4350d49c32a2ec3,2ece22a4f07f639ee9f6b14d9a999b5ec8ce9a982e248ec2c4350d49c32a2ec3#clause_0001,1,pricing_rule,该政策将居民每月用电量分为三档，第一档电量170千瓦时及以下，电价为0.477元/千瓦时；,,,,,,,,,,,,,,,,,,,,step7b_iterB_rulefix,strict_all
Clause:2ece22a4f07f639ee9f6b14d9a999b5ec8ce9a982e248ec2c4350d49c32a2ec3#clause_0002,Clause,,2ece22a4f07f639ee9f6b14d9a999b5ec8ce9a982e248ec2c4350d49c32a2ec3,2ece22a4f07f639ee9f6b14d9a999b5ec8ce9a982e248ec2c4350d49c32a2ec3#clause_0002,2,pricing_rule,第二档电量171-260千瓦时，电价为0.527元/千瓦时；,,,,,,,,,,,,,,,,,,,,step7b_iterB_rulefix,strict_all
Clause:2ece22a4f07f639ee9f6b14d9a999b5ec8ce9a982e248ec2c4350d49c32a2ec3#clause_0003,Clause,,2ece22a4f07f639ee9f6b14d9a999b5ec8ce9a982e248ec2c4350d49c32a2ec3,2ece22a4f07f639ee9f6b14d9a999b5ec8ce9a982e248ec2c4350d49c32a2ec3#clause_0003,3,pricing_rule,第三档电量261千瓦时及以上，电价为0.777元/千瓦时。,,,,,,,,,,,,,,,,,,,,step7b_iterB_rulefix,strict_all
Clause:2ece22a4f07f639ee9f6b14d9a999b5ec8ce9a982e248ec2c4350d49c32a2ec3#clause_0004,Clause,,2ece22a4f07f639ee9f6b14d9a999b5ec8ce9a982e248ec2c4350d49c32a2ec3,2ece22a4f07f639ee9f6b14d9a999b5ec8ce9a982e248ec2c4350d49c32a2ec3#clause_0004,4,other,对城乡低保户和农村五保户，每月提供15千瓦时免费用电。,,,,,,,,,,,,,,,,,,,,step7b_iterB_rulefix,strict_all
Clause:2f9184a72b1488e94b2de32d7d9489e5d523b09268cd7142f059723054a93828#clause_0002,Clause,,2f9184a72b1488e94b2de32d7d9489e5d523b09268cd7142f059723054a93828,2f9184a72b1488e94b2de32d7d9489e5d523b09268cd7142f059723054a93828#clause_0002,2,time_rule,高峰时段统一为10:00-12:00、14:00-19:00，低谷时段为0:00-8:00，其余为平段；,,,,,,,,,,,,,,,,,,,,step7b_iterB_rulefix,strict_all
Clause:2f9184a72b1488e94b2de32d7d9489e5d523b09268cd7142f059723054a93828#clause_0003,Clause,,2f9184a72b1488e94b2de32d7d9489e5d523b09268cd7142f059723054a93828,2f9184a72b1488e94b2de32d7d9489e5d523b09268cd7142f059723054a93828#clause_0003,3,other,峰平谷比价由1.65:1:0.5调整为1.7:1:0.38。,,,,,,,,,,,,,,,,,,,,step7b_iterB_rulefix,strict_all
Clause:2f9184a72b1488e94b2de32d7d9489e5d523b09268cd7142f059723054a93828#clause_0004,Clause,,2f9184a72b1488e94b2de32d7d9489e5d523b09268cd7142f059723054a93828,2f9184a72b1488e94b2de32d7d9489e5d523b09268cd7142f059723054a93828#clause_0004,4,pricing_rule,新增尖峰电价政策，在7-9月及日最高气温达35℃及以上高温天的11:00-12:00、15:00-17:00执行，尖峰电价在峰段电价基础上上浮25%。,,,,,,,,,,,,,,,,,,,,step7b_iterB_rulefix,strict_all
Clause:34de2093bea75d704c113e23bf49b9018637efa1841e90bf224a6566684fd8df#clause_0001,Clause,,34de2093bea75d704c113e23bf49b9018637efa1841e90bf224a6566684fd8df,34de2093bea75d704c113e23bf49b9018637efa1841e90bf224a6566684fd8df#clause_0001,1,table_row_clause,2023年9月1日	《关于示范推进国际航线集装箱船舶和邮轮靠港使用岸电行动方案（2023-2025年）》	船舶受电设施安装率方面，到2024年底，国际邮轮公司在具备岸电供应能力的邮轮港口靠泊的邮轮具备受电设施。到2025年底，国际集装箱班轮公司挂靠具备岸电供应能力的港口的国际干线集装箱船舶（含自有及租赁船舶）的40％具备受电设施。港口码头岸电设施安装覆盖率方面，力争到2024年底，邮轮港口企业停靠邮轮的码头实现高压岸电设施100％全覆盖；到2025年底，国际枢纽海港相关集装箱港口企业停靠国际干线集装箱船舶的码头实现高压岸电设施90％覆盖。船港岸电常态化使用方面，到2023年底，具备使用条件的船舶和港口企业实现岸电常态化使用。码头岸电用电量方面，到2025年，国际干线集装箱船舶、邮轮靠泊岸电用电量较2022年大幅上升。,,,,,,,,,,,,,,,,,,,,step7b_iterB_rulefix,strict_all
Clause:34de2093bea75d704c113e23bf49b9018637efa1841e90bf224a6566684fd8df#clause_0003,Clause,,34de2093bea75d704c113e23bf49b9018637efa1841e90bf224a6566684fd8df,34de2093bea75d704c113e23bf49b9018637efa1841e90bf224a6566684fd8df#clause_0003,3,other,（含自有及租赁船舶）的40％具备受电设施。,,,,,,,,,,,,,,,,,,,,step7b_iterB_rulefix,strict_all
Clause:34de2093bea75d704c113e23bf49b9018637efa1841e90bf224a6566684fd8df#clause_0004,Clause,,34de2093bea75d704c113e23bf49b9018637efa1841e90bf224a6566684fd8df,34de2093bea75d704c113e23bf49b9018637efa1841e90bf224a6566684fd8df#clause_0004,4,time_rule,港口码头岸电设施安装覆盖率方面，力争到2024年底，邮轮港口企业停靠邮轮的码头实现高压岸电设施100％全覆盖；,,,,,,,,,,,,,,,,,,,,step7b_iterB_rulefix,strict_all
Clause:34de2093bea75d704c113e23bf49b9018637efa1841e90bf224a6566684fd8df#clause_0005,Clause,,34de2093bea75d704c113e23bf49b9018637efa1841e90bf224a6566684fd8df,34de2093bea75d704c113e23bf49b9018637efa1841e90bf224a6566684fd8df#clause_0005,5,time_rule,到2025年底，国际枢纽海港相关集装箱港口企业停靠国际干线集装箱船舶的码头实现高压岸电设施90％覆盖。,,,,,,,,,,,,,,,,,,,,step7b_iterB_rulefix,strict_all
Clause:37057c32932e956503eb1ad05c772ba2cd53e2bba30c2a5b23eb9c15e6a785de#clause_0001,Clause,,37057c32932e956503eb1ad05c772ba2cd53e2bba30c2a5b23eb9c15e6a785de,37057c32932e956503eb1ad05c772ba2cd53e2bba30c2a5b23eb9c15e6a785de#clause_0001,1,pricing_rule,按月用电量划分为三档：第一档为180度及以内，电价不变，不满1千伏用户电价为每度0.52元，1-10千伏用户为每度0.47元；,,,,,,,,,,,,,,,,,,,,step7b_iterB_rulefix,strict_all
Clause:37057c32932e956503eb1ad05c772ba2cd53e2bba30c2a5b23eb9c15e6a785de#clause_0002,Clause,,37057c32932e956503eb1ad05c772ba2cd53e2bba30c2a5b23eb9c15e6a785de,37057c32932e956503eb1ad05c772ba2cd53e2bba30c2a5b23eb9c15e6a785de#clause_0002,2,pricing_rule,第二档为181-280度，在第一档基础上每度加价0.05元；,,,,,,,,,,,,,,,,,,,,step7b_iterB_rulefix,strict_all
Clause:37057c32932e956503eb1ad05c772ba2cd53e2bba30c2a5b23eb9c15e6a785de#clause_0003,Clause,,37057c32932e956503eb1ad05c772ba2cd53e2bba30c2a5b23eb9c15e6a785de,37057c32932e956503eb1ad05c772ba2cd53e2bba30c2a5b23eb9c15e6a785de#clause_0003,3,pricing_rule,第三档为281度及以上，在第一档基础上每度加价0.30元。,,,,,,,,,,,,,,,,,,,,step7b_iterB_rulefix,strict_all
Clause:37057c32932e956503eb1ad05c772ba2cd53e2bba30c2a5b23eb9c15e6a785de#clause_0004,Clause,,37057c32932e956503eb1ad05c772ba2cd53e2bba30c2a5b23eb9c15e6a785de,37057c32932e956503eb1ad05c772ba2cd53e2bba30c2a5b23eb9c15e6a785de#clause_0004,4,other,同时，对城乡“低保户”和农村“五保户”家庭每月提供15度免费电量；,,,,,,,,,,,,,,,,,,,,step7b_iterB_rulefix,strict_all
Clause:39711c0fe43f492cc1c2573d43eda307046cf6f6e978daa10f5d3853c58077b5#clause_0000,Clause,,39711c0fe43f492cc1c2573d43eda307046cf6f6e978daa10f5d3853c58077b5,39711c0fe43f492cc1c2573d43eda307046cf6f6e978daa10f5d3853c58077b5#clause_0000,0,task_assessment,"<h2>file:关于印发河津市2024年冬季清洁取暖工作实施方案的通知.txt</h2>
2024年5月23日	关于印发河津市2024年冬季清洁取暖工作实施方案的通知	　
2024年11月15日前，全市完成冬季清洁取暖改造“煤改电”13838户任务，具体数据以验收为准。",,,,,,,,,,,,,,,,,,,,step7b_iterB_rulefix,strict_all
Clause:3991fbb237169347871b06ab54a5fa6484949f06838d537bedebcccd7d1380b8#clause_0004,Clause,,3991fbb237169347871b06ab54a5fa6484949f06838d537bedebcccd7d1380b8,3991fbb237169347871b06ab54a5fa6484949f06838d537bedebcccd7d1380b8#clause_0004,4,subsidy_rule,2016-2018年采用的奖励标准分别不超过项目设施设备购置费的60%、50%、 40％。,,,,,,,,,,,,,,,,,,,,step7b_iterB_rulefix,strict_all
Clause:3aadd2a404bd555714a18eb3488f76d8c7aecef9b833da8698eff658fb12e0e3#clause_0000,Clause,,3aadd2a404bd555714a18eb3488f76d8c7aecef9b833da8698eff658fb12e0e3,3aadd2a404bd555714a18eb3488f76d8c7aecef9b833da8698eff658fb12e0e3#clause_0000,0,time_rule,"<h2>file:《关于延续和优化新能源汽车车辆购置税减免政策的公告》.txt</h2>
2023年6月19日	《关于延续和优化新能源汽车车辆购置税减免政策的公告》	一、对购置日期在2024年1月1日至2025年12月31日期间的新能源汽车免征车辆购置税，其中，每辆新能源乘用车免税额不超过3万元；",,,,,,,,,,,,,,,,,,,,step7b_iterB_rulefix,strict_all
Clause:3aadd2a404bd555714a18eb3488f76d8c7aecef9b833da8698eff658fb12e0e3#clause_0001,Clause,,3aadd2a404bd555714a18eb3488f76d8c7aecef9b833da8698eff658fb12e0e3,3aadd2a404bd555714a18eb3488f76d8c7aecef9b833da8698eff658fb12e0e3#clause_0001,1,table_row_clause,2023年6月19日	《关于延续和优化新能源汽车车辆购置税减免政策的公告》	一、对购置日期在2024年1月1日至2025年12月31日期间的新能源汽车免征车辆购置税，其中，每辆新能源乘用车免税额不超过3万元；对购置日期在2026年1月1日至2027年12月31日期间的新能源汽车减半征收车辆购置税，其中，每辆新能源乘用车减税额不超过1.5万元。,,,,,,,,,,,,,,,,,,,,step7b_iterB_rulefix,strict_all
Clause:3aadd2a404bd555714a18eb3488f76d8c7aecef9b833da8698eff658fb12e0e3#clause_0002,Clause,,3aadd2a404bd555714a18eb3488f76d8c7aecef9b833da8698eff658fb12e0e3,3aadd2a404bd555714a18eb3488f76d8c7aecef9b833da8698eff658fb12e0e3#clause_0002,2,time_rule,对购置日期在2026年1月1日至2027年12月31日期间的新能源汽车减半征收车辆购置税，其中，每辆新能源乘用车减税额不超过1.5万元。,,,,,,,,,,,,,,,,,,,,step7b_iterB_rulefix,strict_all
Clause:3c1392fd897f1d095efaa1ae2a1eaa5c0c3df313cd5a9a185aacffe05575b886#clause_0001,Clause,,3c1392fd897f1d095efaa1ae2a1eaa5c0c3df313cd5a9a185aacffe05575b886,3c1392fd897f1d095efaa1ae2a1eaa5c0c3df313cd5a9a185aacffe05575b886#clause_0001,1,subsidy_rule,怀农发〔2022〕18号	《怀柔区2022年农村地区“减煤换煤”工程实施方案》	（一）取暖“煤改电”凡在上述实施范围内且具有北京市户籍的农村住户、村级公益性活动场所（如村委会、老年活动站、公共浴室等）和籽种农业设施，可分别享受以下政策补贴。1.取暖电价补贴（1）补贴范围已实施整村取暖“煤改电”的农村住户；镇乡（街道）辖区具备电力供应条件，经用户申请，区供电公司、区农业农村局、镇乡（街道）、村委会共同审核确认，且更换为电采暖专用表的本区自行“煤改电”住户，可享受取暖电价补贴。（2）补贴标准对享受取暖“煤改电”电价补贴的住户，取消阶梯电价。在每年采暖季（本年度11月1日—下年度3月31日）低谷电价时段（晚20:00至次日早8:00），在享受低谷段优惠电价0.3元/度的基础上，由市、区两级财政各补贴0.1元/度，每户用电补贴最高1万度。2.户内线路改造资金。用户电表以下至电采暖设备的户内线路部分,,,,,,,,,,,,,,,,,,,,step7b_iterB_rulefix,strict_all
Clause:3c1392fd897f1d095efaa1ae2a1eaa5c0c3df313cd5a9a185aacffe05575b886#clause_0007,Clause,,3c1392fd897f1d095efaa1ae2a1eaa5c0c3df313cd5a9a185aacffe05575b886,3c1392fd897f1d095efaa1ae2a1eaa5c0c3df313cd5a9a185aacffe05575b886#clause_0007,7,subsidy_rule,在每年采暖季（本年度11月1日—下年度3月31日）低谷电价时段（晚20:00至次日早8:00），在享受低谷段优惠电价0.3元/度的基础上，由市、区两级财政各补贴0.1元/度，每户用电补贴最高1万度。2.户内线路改造资金。,,,,,,,,,,,,,,,,,,,,step7b_iterB_rulefix,strict_all
Clause:3c1392fd897f1d095efaa1ae2a1eaa5c0c3df313cd5a9a185aacffe05575b886#clause_0009,Clause,,3c1392fd897f1d095efaa1ae2a1eaa5c0c3df313cd5a9a185aacffe05575b886,3c1392fd897f1d095efaa1ae2a1eaa5c0c3df313cd5a9a185aacffe05575b886#clause_0009,9,subsidy_rule,按照相关规范要求统一组织实施。区财政按照空气源热泵水暖机1500元/户，空气源热泵热风机、蓄能电暖气2000元/户的标准安排资金。3.设备购置补贴。空气源热泵水暖机、空气源热泵热风机、蓄能式电暖气属于补贴范围，按照以下标准给予补贴，其余部分住户自筹。（1）农村住户空气源热泵水暖机：按照现有房屋采暖建筑面积补贴200元/平方米，最高不超过24000元（市、区财政各补贴100元/平方米）。空气源热泵热风机：按照设备购置费用80%的标准给予补贴，最高不超过24000元。蓄能式电暖气：按照设备购置费用80%的标准给予补贴，最高不超过8000元（其中市财政补贴设备购置费用的三分之一，不足部分由区财政补贴）。对经区民政局认定的低保户、低收入家庭和区退役军人事务局确认的享受定期抚恤和生活补助的烈属个人承担的自筹电采暖设备购置费用由区财政再给予80%的补贴，对经区民政局认定的特困人员（五保户）给予100%,,,,,,,,,,,,,,,,,,,,step7b_iterB_rulefix,strict_all
Clause:3c1392fd897f1d095efaa1ae2a1eaa5c0c3df313cd5a9a185aacffe05575b886#clause_0010,Clause,,3c1392fd897f1d095efaa1ae2a1eaa5c0c3df313cd5a9a185aacffe05575b886,3c1392fd897f1d095efaa1ae2a1eaa5c0c3df313cd5a9a185aacffe05575b886#clause_0010,10,subsidy_rule,区财政按照空气源热泵水暖机1500元/户，空气源热泵热风机、蓄能电暖气2000元/户的标准安排资金。3.设备购置补贴。,,,,,,,,,,,,,,,,,,,,step7b_iterB_rulefix,strict_all
Clause:3c1392fd897f1d095efaa1ae2a1eaa5c0c3df313cd5a9a185aacffe05575b886#clause_0012,Clause,,3c1392fd897f1d095efaa1ae2a1eaa5c0c3df313cd5a9a185aacffe05575b886,3c1392fd897f1d095efaa1ae2a1eaa5c0c3df313cd5a9a185aacffe05575b886#clause_0012,12,subsidy_rule,（1）农村住户空气源热泵水暖机：按照现有房屋采暖建筑面积补贴200元/平方米，最高不超过24000元（市、区财政各补贴100元/平方米）。,,,,,,,,,,,,,,,,,,,,step7b_iterB_rulefix,strict_all
Clause:3c1392fd897f1d095efaa1ae2a1eaa5c0c3df313cd5a9a185aacffe05575b886#clause_0013,Clause,,3c1392fd897f1d095efaa1ae2a1eaa5c0c3df313cd5a9a185aacffe05575b886,3c1392fd897f1d095efaa1ae2a1eaa5c0c3df313cd5a9a185aacffe05575b886#clause_0013,13,subsidy_rule,空气源热泵热风机：按照设备购置费用80%的标准给予补贴，最高不超过24000元。,,,,,,,,,,,,,,,,,,,,step7b_iterB_rulefix,strict_all
Clause:3c1392fd897f1d095efaa1ae2a1eaa5c0c3df313cd5a9a185aacffe05575b886#clause_0014,Clause,,3c1392fd897f1d095efaa1ae2a1eaa5c0c3df313cd5a9a185aacffe05575b886,3c1392fd897f1d095efaa1ae2a1eaa5c0c3df313cd5a9a185aacffe05575b886#clause_0014,14,subsidy_rule,蓄能式电暖气：按照设备购置费用80%的标准给予补贴，最高不超过8000元（其中市财政补贴设备购置费用的三分之一，不足部分由区财政补贴）。,,,,,,,,,,,,,,,,,,,,step7b_iterB_rulefix,strict_all
Clause:3c1392fd897f1d095efaa1ae2a1eaa5c0c3df313cd5a9a185aacffe05575b886#clause_0015,Clause,,3c1392fd897f1d095efaa1ae2a1eaa5c0c3df313cd5a9a185aacffe05575b886,3c1392fd897f1d095efaa1ae2a1eaa5c0c3df313cd5a9a185aacffe05575b886#clause_0015,15,subsidy_rule,对经区民政局认定的低保户、低收入家庭和区退役军人事务局确认的享受定期抚恤和生活补助的烈属个人承担的自筹电采暖设备购置费用由区财政再给予80%的补贴，对经区民政局认定的特困人员（五保户）给予100%的补贴。低保户、低收入家庭、烈属、特困人员,,,,,,,,,,,,,,,,,,,,step7b_iterB_rulefix,strict_all
Clause:3c1392fd897f1d095efaa1ae2a1eaa5c0c3df313cd5a9a185aacffe05575b886#clause_0019,Clause,,3c1392fd897f1d095efaa1ae2a1eaa5c0c3df313cd5a9a185aacffe05575b886,3c1392fd897f1d095efaa1ae2a1eaa5c0c3df313cd5a9a185aacffe05575b886#clause_0019,19,subsidy_rule,即1个户主姓名对应1个电表编号，只享受1次补贴，特殊情况由各镇乡政府、村委会共同认定。对住户有特殊需求的设备机型，在政府补贴标准不变的情况下，设备价格可由住户与中标企业协商。（2）村级公益性活动场所村级公益性活动场所取暖“煤改电”改造费用，按照上一年度区统计局统计年报的村庄户数实行定额补贴，500户以下、500户以上（含）的村庄分别补贴16.2万元/村（市财政补贴1.2万元，区财政补贴15万元）和17.4万元/村（市财政补贴2.4万元，区财政补贴15万元），由区财政拨付到各镇乡政府统筹用于村级公益性活动场所取暖“煤改电”，不足部分由各村自筹。（3）籽种农业设施具备电力供应条件的籽种农业设施实施的取暖“煤改电”改造项目，市财政补贴取暖设备购置费的20%，其余部分由籽种农业设施园区自行承担。工程改造完成并通过验收后，由区财政将补贴资金直接拨付到籽种农业设施园区。4.采暖末端补贴对山区镇乡“煤改,,,,,,,,,,,,,,,,,,,,step7b_iterB_rulefix,strict_all
Clause:3c1392fd897f1d095efaa1ae2a1eaa5c0c3df313cd5a9a185aacffe05575b886#clause_0021,Clause,,3c1392fd897f1d095efaa1ae2a1eaa5c0c3df313cd5a9a185aacffe05575b886,3c1392fd897f1d095efaa1ae2a1eaa5c0c3df313cd5a9a185aacffe05575b886#clause_0021,21,subsidy_rule,（2）村级公益性活动场所村级公益性活动场所取暖“煤改电”改造费用，按照上一年度区统计局统计年报的村庄户数实行定额补贴，500户以下、500户以上,,,,,,,,,,,,,,,,,,,,step7b_iterB_rulefix,strict_all
Clause:3c1392fd897f1d095efaa1ae2a1eaa5c0c3df313cd5a9a185aacffe05575b886#clause_0022,Clause,,3c1392fd897f1d095efaa1ae2a1eaa5c0c3df313cd5a9a185aacffe05575b886,3c1392fd897f1d095efaa1ae2a1eaa5c0c3df313cd5a9a185aacffe05575b886#clause_0022,22,subsidy_rule,（含）的村庄分别补贴16.2万元/村（市财政补贴1.2万元，区财政补贴15万元）和17.4万元/村（市财政补贴2.4万元，区财政补贴15万元），由区财政拨付到各镇乡政府统筹用于村级公益性活动场所取暖“煤改电”，不足部分由各村自筹。,,,,,,,,,,,,,,,,,,,,step7b_iterB_rulefix,strict_all
Clause:3c1392fd897f1d095efaa1ae2a1eaa5c0c3df313cd5a9a185aacffe05575b886#clause_0023,Clause,,3c1392fd897f1d095efaa1ae2a1eaa5c0c3df313cd5a9a185aacffe05575b886,3c1392fd897f1d095efaa1ae2a1eaa5c0c3df313cd5a9a185aacffe05575b886#clause_0023,23,subsidy_rule,（3）籽种农业设施具备电力供应条件的籽种农业设施实施的取暖“煤改电”改造项目，市财政补贴取暖设备购置费的20%，其余部分由籽种农业设施园区自行承担。,,,,,,,,,,,,,,,,,,,,step7b_iterB_rulefix,strict_all
Clause:3c1392fd897f1d095efaa1ae2a1eaa5c0c3df313cd5a9a185aacffe05575b886#clause_0025,Clause,,3c1392fd897f1d095efaa1ae2a1eaa5c0c3df313cd5a9a185aacffe05575b886,3c1392fd897f1d095efaa1ae2a1eaa5c0c3df313cd5a9a185aacffe05575b886#clause_0025,25,subsidy_rule,4.采暖末端补贴对山区镇乡“煤改电”村庄，按照最终审计安装空气源热泵水暖机的总户数，2000元/户的标准给予补贴。,,,,,,,,,,,,,,,,,,,,step7b_iterB_rulefix,strict_all
Clause:3c1392fd897f1d095efaa1ae2a1eaa5c0c3df313cd5a9a185aacffe05575b886#clause_0026,Clause,,3c1392fd897f1d095efaa1ae2a1eaa5c0c3df313cd5a9a185aacffe05575b886,3c1392fd897f1d095efaa1ae2a1eaa5c0c3df313cd5a9a185aacffe05575b886#clause_0026,26,subsidy_rule,按照最终审计安装空气源热泵水暖机的总户数，2000元/户的标准给予补贴。资金拨付至各镇乡，由各镇乡政府统筹用于取暖“煤改电”村庄住户取暖末端改造。5.配网改造占地和地上物腾退补偿在配网改造过程中所发生的占地、地上物腾退补偿，拆迁、评估、审计等取费标准，参照《2017年怀柔农村地区“煤改清洁能源”改造工程地上物腾退补偿实施方案》执行。镇乡负责聘请拆迁和评估公司；区农业农村局负责聘请第三方会计师事务所开展全过程审计，区财政局依据全过程审计结果全额支付相关费用。,,,,,,,,,,,,,,,,,,,,step7b_iterB_rulefix,strict_all
Clause:3c24ac76d1cffa37cf2ed99cbae0e44f06f82743cc0db416e3cbf0a39d3f65a2#clause_0000,Clause,,3c24ac76d1cffa37cf2ed99cbae0e44f06f82743cc0db416e3cbf0a39d3f65a2,3c24ac76d1cffa37cf2ed99cbae0e44f06f82743cc0db416e3cbf0a39d3f65a2#clause_0000,0,task_assessment,"<h2>file:关于印发河津市2024年冬季清洁取暖工作实施方案的通知.txt</h2>
2024年5月23日	关于印发河津市2024年冬季清洁取暖工作实施方案的通知	　
2024年11月15日前，全市完成冬季清洁取暖改造“煤改电”13838户任务，具体数据以验收为准。",,,,,,,,,,,,,,,,,,,,step7b_iterB_rulefix,strict_all
Clause:3d3cf040b71cde86681c104e521b64cb56d24b9f7da79e8807e5f779c1922d1e#clause_0004,Clause,,3d3cf040b71cde86681c104e521b64cb56d24b9f7da79e8807e5f779c1922d1e,3d3cf040b71cde86681c104e521b64cb56d24b9f7da79e8807e5f779c1922d1e#clause_0004,4,subsidy_rule,"对符合条件的村庄住户市场化自行更新购买符合低环境温度空气源热泵热水机组，按照产品销售价格的40%进行补贴，最高补贴金额
不超过0.6万元/户。",,,,,,,,,,,,,,,,,,,,step7b_iterB_rulefix,strict_all
Clause:3d453b46781e992f20c2a7120846ab15062f4e272266f310b85e96ae17b26383#clause_0002,Clause,,3d453b46781e992f20c2a7120846ab15062f4e272266f310b85e96ae17b26383,3d453b46781e992f20c2a7120846ab15062f4e272266f310b85e96ae17b26383#clause_0002,2,time_rule,到2019年，北方地区清洁取暖率达到50%，替代散烧煤（含低效小锅炉用煤）7400万吨。,,,,,,,,,,,,,,,,,,,,step7b_iterB_rulefix,strict_all
Clause:3d453b46781e992f20c2a7120846ab15062f4e272266f310b85e96ae17b26383#clause_0003,Clause,,3d453b46781e992f20c2a7120846ab15062f4e272266f310b85e96ae17b26383,3d453b46781e992f20c2a7120846ab15062f4e272266f310b85e96ae17b26383#clause_0003,3,time_rule,到2021年，北方地区清洁取暖率达到70%，替代散烧煤（含低效小锅炉用煤）1.5亿吨。,,,,,,,,,,,,,,,,,,,,step7b_iterB_rulefix,strict_all
Clause:3d453b46781e992f20c2a7120846ab15062f4e272266f310b85e96ae17b26383#clause_0006,Clause,,3d453b46781e992f20c2a7120846ab15062f4e272266f310b85e96ae17b26383,3d453b46781e992f20c2a7120846ab15062f4e272266f310b85e96ae17b26383#clause_0006,6,other,北方城镇地区既有节能居住建筑占比达到80%。,,,,,,,,,,,,,,,,,,,,step7b_iterB_rulefix,strict_all
Clause:3e01f17b897c9feee5fc314db8aefdb21db1935f389688d626165886eda313fe#clause_0001,Clause,,3e01f17b897c9feee5fc314db8aefdb21db1935f389688d626165886eda313fe,3e01f17b897c9feee5fc314db8aefdb21db1935f389688d626165886eda313fe#clause_0001,1,table_row_clause,京政农发〔2023〕49号	北京市农村地区清洁取暖设备更新工作指导意见	对清洁取暖设备运行使用满10年（燃气壁挂炉运行使用满8年）且无法正常使用和虽没有达到使用年限经认定具备报废标准（见附件）的，参照家电下乡补贴的方式，由农村住户市场化自行购买符合要求的清洁取暖设备，按照产品销售价格的40%进行补贴（对生态涵养区，市、区财政分别补贴30%和10%；对其他区，市、区财政分别补贴20%）。空气源热泵类产品最高补贴金额不超过0.6万元/户，其他产品最高补贴金额不超过0.36万元/户。设备更新后10年内不得再次享受更新补贴政策。对一次性支付设备资金有困难的农户，符合条件的，可按照银行机构推出的相关金融产品，自愿向银行机构申请分期付款，区级财政予以贴息支持。对低保户、五保户、低收入家庭等特殊困难群体，经各区民政部门核实后，应在现有补贴的基础上加大补贴力度，具体政策由各区政府研究制定。,,,,,,,,,,,,,,,,,,,,step7b_iterB_rulefix,strict_all
Clause:3e01f17b897c9feee5fc314db8aefdb21db1935f389688d626165886eda313fe#clause_0003,Clause,,3e01f17b897c9feee5fc314db8aefdb21db1935f389688d626165886eda313fe,3e01f17b897c9feee5fc314db8aefdb21db1935f389688d626165886eda313fe#clause_0003,3,subsidy_rule,（见附件）的，参照家电下乡补贴的方式，由农村住户市场化自行购买符合要求的清洁取暖设备，按照产品销售价格的40%进行补贴（对生态涵养区，市、区财政分别补贴30%和10%；对其他区，市、区财政分别补贴20%）。,,,,,,,,,,,,,,,,,,,,step7b_iterB_rulefix,strict_all
Clause:3e01f17b897c9feee5fc314db8aefdb21db1935f389688d626165886eda313fe#clause_0004,Clause,,3e01f17b897c9feee5fc314db8aefdb21db1935f389688d626165886eda313fe,3e01f17b897c9feee5fc314db8aefdb21db1935f389688d626165886eda313fe#clause_0004,4,subsidy_rule,空气源热泵类产品最高补贴金额不超过0.6万元/户，其他产品最高补贴金额不超过0.36万元/户。,,,,,,,,,,,,,,,,,,,,step7b_iterB_rulefix,strict_all
Clause:3fd79998d4631ca6e3407dfaacd9b7e9186fa2e143618d0740ab46f0a9063745#clause_0000,Clause,,3fd79998d4631ca6e3407dfaacd9b7e9186fa2e143618d0740ab46f0a9063745,3fd79998d4631ca6e3407dfaacd9b7e9186fa2e143618d0740ab46f0a9063745#clause_0000,0,time_rule,"<h2>file:16年电能替代文件.txt</h2>
“十三五”期间将全面推进上述四个领域的电能替代实现能源终端消费环节替代散烧煤、燃油消费约1.3亿吨标煤带动电煤占煤炭消费比重提高约1.9%带动电能占终端能源消费比重提高约1.5%促进电能消费比重达到约27%。",,,,,,,,,,,,,,,,,,,,step7b_iterB_rulefix,strict_all
Clause:3fd79998d4631ca6e3407dfaacd9b7e9186fa2e143618d0740ab46f0a9063745#clause_0026,Clause,,3fd79998d4631ca6e3407dfaacd9b7e9186fa2e143618d0740ab46f0a9063745,3fd79998d4631ca6e3407dfaacd9b7e9186fa2e143618d0740ab46f0a9063745#clause_0026,26,time_rule,2016—2020年实现能源终端消费环节电能替代散烧煤、燃油消费总量约1.3亿吨标煤带动电煤占煤炭消费比重提高约1.9%带动电能占终端能源消费比重提高约1.5%促进电能占终端能源消费比重达到约27%。,,,,,,,,,,,,,,,,,,,,step7b_iterB_rulefix,strict_all
Clause:40589565082dc74e8463d8e9c6ea201603035cfd7520a8ee3df916591204894b#clause_0002,Clause,,40589565082dc74e8463d8e9c6ea201603035cfd7520a8ee3df916591204894b,40589565082dc74e8463d8e9c6ea201603035cfd7520a8ee3df916591204894b#clause_0002,2,time_rule,"2016—2020年，
实现能源终端消费环节电能替代散烧煤、燃油消费总量约1.3亿吨标煤，带动电煤占煤炭消费比重提高约1.9%，带动电能占终端能源消费比重提高约1.5%，
促进电能占终端能源消费比重达到约27%。",,,,,,,,,,,,,,,,,,,,step7b_iterB_rulefix,strict_all
Clause:40eaa271256c3f5b89ddb8760613b6fabdcf0efb295059429c972a9d9abc394a#clause_0000,Clause,,40eaa271256c3f5b89ddb8760613b6fabdcf0efb295059429c972a9d9abc394a,40eaa271256c3f5b89ddb8760613b6fabdcf0efb295059429c972a9d9abc394a#clause_0000,0,time_rule,"<h2>file:《关于大气污染防治行动计划的通知》.txt</h2>
2013年9月10日    国务院关于印发大气污染防治行动计划的通知
到2017年，全国地级及以上城市可吸入颗粒物浓度比2012年下降10%以上，优良天数逐年提高；",,,,,,,,,,,,,,,,,,,,step7b_iterB_rulefix,strict_all
Clause:40eaa271256c3f5b89ddb8760613b6fabdcf0efb295059429c972a9d9abc394a#clause_0002,Clause,,40eaa271256c3f5b89ddb8760613b6fabdcf0efb295059429c972a9d9abc394a,40eaa271256c3f5b89ddb8760613b6fabdcf0efb295059429c972a9d9abc394a#clause_0002,2,other,京津冀、长三角、珠三角等区域细颗粒物浓度分别下降25%、20%、15%左右，其中北京市细颗粒物年均浓度控制在60微克/立方米左右。,,,,,,,,,,,,,,,,,,,,step7b_iterB_rulefix,strict_all
Clause:4128605b654779f968f7a6378ac7bc8d80f724ca45e3925f67cb754c10db8ef5#clause_0001,Clause,,4128605b654779f968f7a6378ac7bc8d80f724ca45e3925f67cb754c10db8ef5,4128605b654779f968f7a6378ac7bc8d80f724ca45e3925f67cb754c10db8ef5#clause_0001,1,time_rule,2016—2020年，实现能源终端消费环节电能替代散烧煤、燃油消费总量约1.3亿吨标煤，带动电煤占煤炭消费比重提高约1.9%，带动电能占终端能源消费比重提高约1.5%，促进电能占终端能源消费比重达到约27%。,,,,,,,,,,,,,,,,,,,,step7b_iterB_rulefix,strict_all
Clause:41eed2fc03a95dc30af898124e00962d37f00dd998abb5da87c6e10e209db169#clause_0001,Clause,,41eed2fc03a95dc30af898124e00962d37f00dd998abb5da87c6e10e209db169,41eed2fc03a95dc30af898124e00962d37f00dd998abb5da87c6e10e209db169#clause_0001,1,subsidy_rule,怀农发〔2022〕18号	《怀柔区2022年农村地区“减煤换煤”工程实施方案》	（一）取暖“煤改电”凡在上述实施范围内且具有北京市户籍的农村住户、村级公益性活动场所（如村委会、老年活动站、公共浴室等）和籽种农业设施，可分别享受以下政策补贴。1.取暖电价补贴（1）补贴范围已实施整村取暖“煤改电”的农村住户；镇乡（街道）辖区具备电力供应条件，经用户申请，区供电公司、区农业农村局、镇乡（街道）、村委会共同审核确认，且更换为电采暖专用表的本区自行“煤改电”住户，可享受取暖电价补贴。（2）补贴标准对享受取暖“煤改电”电价补贴的住户，取消阶梯电价。在每年采暖季（本年度11月1日—下年度3月31日）低谷电价时段（晚20:00至次日早8:00），在享受低谷段优惠电价0.3元/度的基础上，由市、区两级财政各补贴0.1元/度，每户用电补贴最高1万度。2.户内线路改造资金。用户电表以下至电采暖设备的户内线路部分,,,,,,,,,,,,,,,,,,,,step7b_iterB_rulefix,strict_all
Clause:41eed2fc03a95dc30af898124e00962d37f00dd998abb5da87c6e10e209db169#clause_0007,Clause,,41eed2fc03a95dc30af898124e00962d37f00dd998abb5da87c6e10e209db169,41eed2fc03a95dc30af898124e00962d37f00dd998abb5da87c6e10e209db169#clause_0007,7,subsidy_rule,在每年采暖季（本年度11月1日—下年度3月31日）低谷电价时段（晚20:00至次日早8:00），在享受低谷段优惠电价0.3元/度的基础上，由市、区两级财政各补贴0.1元/度，每户用电补贴最高1万度。2.户内线路改造资金。,,,,,,,,,,,,,,,,,,,,step7b_iterB_rulefix,strict_all
Clause:41eed2fc03a95dc30af898124e00962d37f00dd998abb5da87c6e10e209db169#clause_0009,Clause,,41eed2fc03a95dc30af898124e00962d37f00dd998abb5da87c6e10e209db169,41eed2fc03a95dc30af898124e00962d37f00dd998abb5da87c6e10e209db169#clause_0009,9,subsidy_rule,按照相关规范要求统一组织实施。区财政按照空气源热泵水暖机1500元/户，空气源热泵热风机、蓄能电暖气2000元/户的标准安排资金。3.设备购置补贴。空气源热泵水暖机、空气源热泵热风机、蓄能式电暖气属于补贴范围，按照以下标准给予补贴，其余部分住户自筹。（1）农村住户空气源热泵水暖机：按照现有房屋采暖建筑面积补贴200元/平方米，最高不超过24000元（市、区财政各补贴100元/平方米）。空气源热泵热风机：按照设备购置费用80%的标准给予补贴，最高不超过24000元。蓄能式电暖气：按照设备购置费用80%的标准给予补贴，最高不超过8000元（其中市财政补贴设备购置费用的三分之一，不足部分由区财政补贴）。对经区民政局认定的低保户、低收入家庭和区退役军人事务局确认的享受定期抚恤和生活补助的烈属个人承担的自筹电采暖设备购置费用由区财政再给予80%的补贴，对经区民政局认定的特困人员（五保户）给予100%,,,,,,,,,,,,,,,,,,,,step7b_iterB_rulefix,strict_all
Clause:41eed2fc03a95dc30af898124e00962d37f00dd998abb5da87c6e10e209db169#clause_0010,Clause,,41eed2fc03a95dc30af898124e00962d37f00dd998abb5da87c6e10e209db169,41eed2fc03a95dc30af898124e00962d37f00dd998abb5da87c6e10e209db169#clause_0010,10,subsidy_rule,区财政按照空气源热泵水暖机1500元/户，空气源热泵热风机、蓄能电暖气2000元/户的标准安排资金。3.设备购置补贴。,,,,,,,,,,,,,,,,,,,,step7b_iterB_rulefix,strict_all
Clause:41eed2fc03a95dc30af898124e00962d37f00dd998abb5da87c6e10e209db169#clause_0012,Clause,,41eed2fc03a95dc30af898124e00962d37f00dd998abb5da87c6e10e209db169,41eed2fc03a95dc30af898124e00962d37f00dd998abb5da87c6e10e209db169#clause_0012,12,subsidy_rule,（1）农村住户空气源热泵水暖机：按照现有房屋采暖建筑面积补贴200元/平方米，最高不超过24000元（市、区财政各补贴100元/平方米）。,,,,,,,,,,,,,,,,,,,,step7b_iterB_rulefix,strict_all
Clause:41eed2fc03a95dc30af898124e00962d37f00dd998abb5da87c6e10e209db169#clause_0013,Clause,,41eed2fc03a95dc30af898124e00962d37f00dd998abb5da87c6e10e209db169,41eed2fc03a95dc30af898124e00962d37f00dd998abb5da87c6e10e209db169#clause_0013,13,subsidy_rule,空气源热泵热风机：按照设备购置费用80%的标准给予补贴，最高不超过24000元。,,,,,,,,,,,,,,,,,,,,step7b_iterB_rulefix,strict_all
Clause:41eed2fc03a95dc30af898124e00962d37f00dd998abb5da87c6e10e209db169#clause_0014,Clause,,41eed2fc03a95dc30af898124e00962d37f00dd998abb5da87c6e10e209db169,41eed2fc03a95dc30af898124e00962d37f00dd998abb5da87c6e10e209db169#clause_0014,14,subsidy_rule,蓄能式电暖气：按照设备购置费用80%的标准给予补贴，最高不超过8000元（其中市财政补贴设备购置费用的三分之一，不足部分由区财政补贴）。,,,,,,,,,,,,,,,,,,,,step7b_iterB_rulefix,strict_all
Clause:41eed2fc03a95dc30af898124e00962d37f00dd998abb5da87c6e10e209db169#clause_0015,Clause,,41eed2fc03a95dc30af898124e00962d37f00dd998abb5da87c6e10e209db169,41eed2fc03a95dc30af898124e00962d37f00dd998abb5da87c6e10e209db169#clause_0015,15,subsidy_rule,对经区民政局认定的低保户、低收入家庭和区退役军人事务局确认的享受定期抚恤和生活补助的烈属个人承担的自筹电采暖设备购置费用由区财政再给予80%的补贴，对经区民政局认定的特困人员（五保户）给予100%的补贴。低保户、低收入家庭、烈属、特困人员,,,,,,,,,,,,,,,,,,,,step7b_iterB_rulefix,strict_all
Clause:41eed2fc03a95dc30af898124e00962d37f00dd998abb5da87c6e10e209db169#clause_0019,Clause,,41eed2fc03a95dc30af898124e00962d37f00dd998abb5da87c6e10e209db169,41eed2fc03a95dc30af898124e00962d37f00dd998abb5da87c6e10e209db169#clause_0019,19,subsidy_rule,即1个户主姓名对应1个电表编号，只享受1次补贴，特殊情况由各镇乡政府、村委会共同认定。对住户有特殊需求的设备机型，在政府补贴标准不变的情况下，设备价格可由住户与中标企业协商。（2）村级公益性活动场所村级公益性活动场所取暖“煤改电”改造费用，按照上一年度区统计局统计年报的村庄户数实行定额补贴，500户以下、500户以上（含）的村庄分别补贴16.2万元/村（市财政补贴1.2万元，区财政补贴15万元）和17.4万元/村（市财政补贴2.4万元，区财政补贴15万元），由区财政拨付到各镇乡政府统筹用于村级公益性活动场所取暖“煤改电”，不足部分由各村自筹。（3）籽种农业设施具备电力供应条件的籽种农业设施实施的取暖“煤改电”改造项目，市财政补贴取暖设备购置费的20%，其余部分由籽种农业设施园区自行承担。工程改造完成并通过验收后，由区财政将补贴资金直接拨付到籽种农业设施园区。4.采暖末端补贴对山区镇乡“煤改,,,,,,,,,,,,,,,,,,,,step7b_iterB_rulefix,strict_all
Clause:41eed2fc03a95dc30af898124e00962d37f00dd998abb5da87c6e10e209db169#clause_0021,Clause,,41eed2fc03a95dc30af898124e00962d37f00dd998abb5da87c6e10e209db169,41eed2fc03a95dc30af898124e00962d37f00dd998abb5da87c6e10e209db169#clause_0021,21,subsidy_rule,（2）村级公益性活动场所村级公益性活动场所取暖“煤改电”改造费用，按照上一年度区统计局统计年报的村庄户数实行定额补贴，500户以下、500户以上,,,,,,,,,,,,,,,,,,,,step7b_iterB_rulefix,strict_all
Clause:41eed2fc03a95dc30af898124e00962d37f00dd998abb5da87c6e10e209db169#clause_0022,Clause,,41eed2fc03a95dc30af898124e00962d37f00dd998abb5da87c6e10e209db169,41eed2fc03a95dc30af898124e00962d37f00dd998abb5da87c6e10e209db169#clause_0022,22,subsidy_rule,（含）的村庄分别补贴16.2万元/村（市财政补贴1.2万元，区财政补贴15万元）和17.4万元/村（市财政补贴2.4万元，区财政补贴15万元），由区财政拨付到各镇乡政府统筹用于村级公益性活动场所取暖“煤改电”，不足部分由各村自筹。,,,,,,,,,,,,,,,,,,,,step7b_iterB_rulefix,strict_all
Clause:41eed2fc03a95dc30af898124e00962d37f00dd998abb5da87c6e10e209db169#clause_0023,Clause,,41eed2fc03a95dc30af898124e00962d37f00dd998abb5da87c6e10e209db169,41eed2fc03a95dc30af898124e00962d37f00dd998abb5da87c6e10e209db169#clause_0023,23,subsidy_rule,（3）籽种农业设施具备电力供应条件的籽种农业设施实施的取暖“煤改电”改造项目，市财政补贴取暖设备购置费的20%，其余部分由籽种农业设施园区自行承担。,,,,,,,,,,,,,,,,,,,,step7b_iterB_rulefix,strict_all
Clause:41eed2fc03a95dc30af898124e00962d37f00dd998abb5da87c6e10e209db169#clause_0025,Clause,,41eed2fc03a95dc30af898124e00962d37f00dd998abb5da87c6e10e209db169,41eed2fc03a95dc30af898124e00962d37f00dd998abb5da87c6e10e209db169#clause_0025,25,subsidy_rule,4.采暖末端补贴对山区镇乡“煤改电”村庄，按照最终审计安装空气源热泵水暖机的总户数，2000元/户的标准给予补贴。,,,,,,,,,,,,,,,,,,,,step7b_iterB_rulefix,strict_all
Clause:41eed2fc03a95dc30af898124e00962d37f00dd998abb5da87c6e10e209db169#clause_0026,Clause,,41eed2fc03a95dc30af898124e00962d37f00dd998abb5da87c6e10e209db169,41eed2fc03a95dc30af898124e00962d37f00dd998abb5da87c6e10e209db169#clause_0026,26,subsidy_rule,按照最终审计安装空气源热泵水暖机的总户数，2000元/户的标准给予补贴。资金拨付至各镇乡，由各镇乡政府统筹用于取暖“煤改电”村庄住户取暖末端改造。5.配网改造占地和地上物腾退补偿在配网改造过程中所发生的占地、地上物腾退补偿，拆迁、评估、审计等取费标准，参照《2017年怀柔农村地区“煤改清洁能源”改造工程地上物腾退补偿实施方案》执行。镇乡负责聘请拆迁和评估公司；区农业农村局负责聘请第三方会计师事务所开展全过程审计，区财政局依据全过程审计结果全额支付相关费用。,,,,,,,,,,,,,,,,,,,,step7b_iterB_rulefix,strict_all
Clause:432528cbb25bdbdce8825781b81c73beb96a63f824057f93f5800fc0a512a713#clause_0002,Clause,,432528cbb25bdbdce8825781b81c73beb96a63f824057f93f5800fc0a512a713,432528cbb25bdbdce8825781b81c73beb96a63f824057f93f5800fc0a512a713#clause_0002,2,time_rule,陕西电网2024～2025年煤电容量电价为每年每千瓦100元（含税）。,,,,,,,,,,,,,,,,,,,,step7b_iterB_rulefix,strict_all
Clause:432528cbb25bdbdce8825781b81c73beb96a63f824057f93f5800fc0a512a713#clause_0015,Clause,,432528cbb25bdbdce8825781b81c73beb96a63f824057f93f5800fc0a512a713,432528cbb25bdbdce8825781b81c73beb96a63f824057f93f5800fc0a512a713#clause_0015,15,task_assessment,"五、容量电费考核
正常在运情况下，煤电机组无法按照调度指令（跨省跨区送电按合同约定，下同）提供申报最大出力的，月内发生两次扣减当月容量电费的10%，发生三次扣减50%，发生四次及以上扣减100%。",,,,,,,,,,,,,,,,,,,,step7b_iterB_rulefix,strict_all
Clause:438c0392b9db32d7f7e7063819ff233da3aefc768abccbae0d8cebcf58748a29#clause_0000,Clause,,438c0392b9db32d7f7e7063819ff233da3aefc768abccbae0d8cebcf58748a29,438c0392b9db32d7f7e7063819ff233da3aefc768abccbae0d8cebcf58748a29#clause_0000,0,subsidy_rule,"<h2>file:《2024-2025年咸阳市采暖季清洁取暖运行.txt</h2>
2024年12月18日	《2024-2025年咸阳市采暖季清洁取暖运行补贴政策》	""补贴标准600元/户/采暖季，每户根据不同取暖方式只能享受一种清洁取暖方式运行补贴。",,,,,,,,,,,,,,,,,,,,step7b_iterB_rulefix,strict_all
Clause:438c0392b9db32d7f7e7063819ff233da3aefc768abccbae0d8cebcf58748a29#clause_0001,Clause,,438c0392b9db32d7f7e7063819ff233da3aefc768abccbae0d8cebcf58748a29,438c0392b9db32d7f7e7063819ff233da3aefc768abccbae0d8cebcf58748a29#clause_0001,1,table_row_clause,"2024年12月18日	《2024-2025年咸阳市采暖季清洁取暖运行补贴政策》	""补贴标准600元/户/采暖季，每户根据不同取暖方式只能享受一种清洁取暖方式运行补贴。中央和省级财政承担240元/户/采暖季，市级财政承担180元/户/采暖季，各县市区财政承担不低于180元/户/采暖季，也可结合各自财力情况和运行情况适度提高补贴标准。",,,,,,,,,,,,,,,,,,,,step7b_iterB_rulefix,strict_all
Clause:438c0392b9db32d7f7e7063819ff233da3aefc768abccbae0d8cebcf58748a29#clause_0002,Clause,,438c0392b9db32d7f7e7063819ff233da3aefc768abccbae0d8cebcf58748a29,438c0392b9db32d7f7e7063819ff233da3aefc768abccbae0d8cebcf58748a29#clause_0002,2,subsidy_rule,中央和省级财政承担240元/户/采暖季，市级财政承担180元/户/采暖季，各县市区财政承担不低于180元/户/采暖季，也可结合各自财力情况和运行情况适度提高补贴标准。,,,,,,,,,,,,,,,,,,,,step7b_iterB_rulefix,strict_all
Clause:438c0392b9db32d7f7e7063819ff233da3aefc768abccbae0d8cebcf58748a29#clause_0006,Clause,,438c0392b9db32d7f7e7063819ff233da3aefc768abccbae0d8cebcf58748a29,438c0392b9db32d7f7e7063819ff233da3aefc768abccbae0d8cebcf58748a29#clause_0006,6,time_rule,（不少于两个月）完成生物质专用颗粒燃料采购，采暖季前发放到户。,,,,,,,,,,,,,,,,,,,,step7b_iterB_rulefix,strict_all
Clause:4443f6f24df9c2cdb21d2432a3505998f5a74fac8f443a268420a5ce246b624f#clause_0001,Clause,,4443f6f24df9c2cdb21d2432a3505998f5a74fac8f443a268420a5ce246b624f,4443f6f24df9c2cdb21d2432a3505998f5a74fac8f443a268420a5ce246b624f#clause_0001,1,pricing_rule,（不含5人）的居民家庭，可以申请增加每人每年408千瓦时的阶梯电量基数，从而降低全年用电费用。,,,,,,,,,,,,,,,,,,,,step7b_iterB_rulefix,strict_all
Clause:4443f6f24df9c2cdb21d2432a3505998f5a74fac8f443a268420a5ce246b624f#clause_0002,Clause,,4443f6f24df9c2cdb21d2432a3505998f5a74fac8f443a268420a5ce246b624f,4443f6f24df9c2cdb21d2432a3505998f5a74fac8f443a268420a5ce246b624f#clause_0002,2,time_rule,新政策规定6人家庭的年用电量第一档阶梯由2040千瓦时提高到2448千瓦时，第二档阶梯由2041千瓦时至3120千瓦时提高到2449千瓦时至3528千瓦时。,,,,,,,,,,,,,,,,,,,,step7b_iterB_rulefix,strict_all
Clause:46aeda327382be20c6e9193f467559190ede76fd4a1139b73f56b328478ca8ca#clause_0000,Clause,,46aeda327382be20c6e9193f467559190ede76fd4a1139b73f56b328478ca8ca,46aeda327382be20c6e9193f467559190ede76fd4a1139b73f56b328478ca8ca#clause_0000,0,task_assessment,"<h2>file:《关于印发河津市2024年冬季清洁取暖工作实施方案》.txt</h2>
2024年5月23日	关于印发河津市2024年冬季清洁取暖工作实施方案的通知	　2024年11月15日前，全市完成冬季清洁取暖改造“煤改电”13838户任务，具体数据以验收为准。",,,,,,,,,,,,,,,,,,,,step7b_iterB_rulefix,strict_all
Clause:46aeda327382be20c6e9193f467559190ede76fd4a1139b73f56b328478ca8ca#clause_0001,Clause,,46aeda327382be20c6e9193f467559190ede76fd4a1139b73f56b328478ca8ca,46aeda327382be20c6e9193f467559190ede76fd4a1139b73f56b328478ca8ca#clause_0001,1,table_row_clause,2024年5月23日	关于印发河津市2024年冬季清洁取暖工作实施方案的通知	　2024年11月15日前，全市完成冬季清洁取暖改造“煤改电”13838户任务，具体数据以验收为准。,,,,,,,,,,,,,,,,,,,,step7b_iterB_rulefix,strict_all
Clause:4978300e5965b0d812a67eb9a07c584011b661c940c300faf4990fb8586e3a13#clause_0001,Clause,,4978300e5965b0d812a67eb9a07c584011b661c940c300faf4990fb8586e3a13,4978300e5965b0d812a67eb9a07c584011b661c940c300faf4990fb8586e3a13#clause_0001,1,time_rule,具体指标：全国细颗粒物（PM2.5）未达标地级及以上城市浓度比2015年下降18%以上，地级及以上城市空气质量优良天数比率达到80%以上；,,,,,,,,,,,,,,,,,,,,step7b_iterB_rulefix,strict_all
Clause:4978300e5965b0d812a67eb9a07c584011b661c940c300faf4990fb8586e3a13#clause_0002,Clause,,4978300e5965b0d812a67eb9a07c584011b661c940c300faf4990fb8586e3a13,4978300e5965b0d812a67eb9a07c584011b661c940c300faf4990fb8586e3a13#clause_0002,2,other,全国地表水Ⅰ－Ⅲ类水体比例达到70%以上，劣Ⅴ类水体比例控制在5%以内；,,,,,,,,,,,,,,,,,,,,step7b_iterB_rulefix,strict_all
Clause:4978300e5965b0d812a67eb9a07c584011b661c940c300faf4990fb8586e3a13#clause_0003,Clause,,4978300e5965b0d812a67eb9a07c584011b661c940c300faf4990fb8586e3a13,4978300e5965b0d812a67eb9a07c584011b661c940c300faf4990fb8586e3a13#clause_0003,3,other,近岸海域水质优良（一、二类）比例达到70%左右；,,,,,,,,,,,,,,,,,,,,step7b_iterB_rulefix,strict_all
Clause:4978300e5965b0d812a67eb9a07c584011b661c940c300faf4990fb8586e3a13#clause_0004,Clause,,4978300e5965b0d812a67eb9a07c584011b661c940c300faf4990fb8586e3a13,4978300e5965b0d812a67eb9a07c584011b661c940c300faf4990fb8586e3a13#clause_0004,4,time_rule,二氧化硫、氮氧化物排放量比2015年减少15%以上，化学需氧量、氨氮排放量减少10%以上；,,,,,,,,,,,,,,,,,,,,step7b_iterB_rulefix,strict_all
Clause:4978300e5965b0d812a67eb9a07c584011b661c940c300faf4990fb8586e3a13#clause_0005,Clause,,4978300e5965b0d812a67eb9a07c584011b661c940c300faf4990fb8586e3a13,4978300e5965b0d812a67eb9a07c584011b661c940c300faf4990fb8586e3a13#clause_0005,5,other,受污染耕地安全利用率达到90%左右，污染地块安全利用率达到90%以上；生态保护红线面积占比达到25%左右；森林覆盖率达到23.04%以上。,,,,,,,,,,,,,,,,,,,,step7b_iterB_rulefix,strict_all
Clause:4a49234794f550f6c254bd1184117e2f8852908ed6986f566ef0e18a4c3b49fb#clause_0001,Clause,,4a49234794f550f6c254bd1184117e2f8852908ed6986f566ef0e18a4c3b49fb,4a49234794f550f6c254bd1184117e2f8852908ed6986f566ef0e18a4c3b49fb#clause_0001,1,pricing_rule,（详见附件）限制类装置生产用电加价标准为0.1元/千瓦时。,,,,,,,,,,,,,,,,,,,,step7b_iterB_rulefix,strict_all
Clause:4d9e424e89d20d90f83d0086d46ae685d20198da6a5b716333623c8288b3d66e#clause_0001,Clause,,4d9e424e89d20d90f83d0086d46ae685d20198da6a5b716333623c8288b3d66e,4d9e424e89d20d90f83d0086d46ae685d20198da6a5b716333623c8288b3d66e#clause_0001,1,time_rule,调整后的高峰时段为每日8:00-11:30和18:30-23:00，低谷时段为23:00-次日7:00，其余时段为平段。,,,,,,,,,,,,,,,,,,,,step7b_iterB_rulefix,strict_all
Clause:4d9e424e89d20d90f83d0086d46ae685d20198da6a5b716333623c8288b3d66e#clause_0002,Clause,,4d9e424e89d20d90f83d0086d46ae685d20198da6a5b716333623c8288b3d66e,4d9e424e89d20d90f83d0086d46ae685d20198da6a5b716333623c8288b3d66e#clause_0002,2,time_rule,高峰时段电价在原基础上浮动，农业生产用电、一般工商业及其他用电的峰平谷比价分别为1.5:1:0.5。,,,,,,,,,,,,,,,,,,,,step7b_iterB_rulefix,strict_all
Clause:4d9e424e89d20d90f83d0086d46ae685d20198da6a5b716333623c8288b3d66e#clause_0003,Clause,,4d9e424e89d20d90f83d0086d46ae685d20198da6a5b716333623c8288b3d66e,4d9e424e89d20d90f83d0086d46ae685d20198da6a5b716333623c8288b3d66e#clause_0003,3,time_rule,夏季和冬季的尖峰时段分别为19:30-21:30（夏季）和18:30-20:30,,,,,,,,,,,,,,,,,,,,step7b_iterB_rulefix,strict_all
Clause:4d9e424e89d20d90f83d0086d46ae685d20198da6a5b716333623c8288b3d66e#clause_0004,Clause,,4d9e424e89d20d90f83d0086d46ae685d20198da6a5b716333623c8288b3d66e,4d9e424e89d20d90f83d0086d46ae685d20198da6a5b716333623c8288b3d66e#clause_0004,4,time_rule,（冬季），在这些时段的电价在峰段基础上上浮20%。,,,,,,,,,,,,,,,,,,,,step7b_iterB_rulefix,strict_all
Clause:4da4ac46529aa8730837ae343298f520e2f42fa4f8b05ba335c343f0248c8e34#clause_0001,Clause,,4da4ac46529aa8730837ae343298f520e2f42fa4f8b05ba335c343f0248c8e34,4da4ac46529aa8730837ae343298f520e2f42fa4f8b05ba335c343f0248c8e34#clause_0001,1,table_row_clause,京政农发〔2023〕49号	北京市农村地区清洁取暖设备更新工作指导意见	对清洁取暖设备运行使用满10年（燃气壁挂炉运行使用满8年）且无法正常使用和虽没有达到使用年限经认定具备报废标准（见附件）的，参照家电下乡补贴的方式，由农村住户市场化自行购买符合要求的清洁取暖设备，按照产品销售价格的40%进行补贴（对生态涵养区，市、区财政分别补贴30%和10%；对其他区，市、区财政分别补贴20%）。空气源热泵类产品最高补贴金额不超过0.6万元/户，其他产品最高补贴金额不超过0.36万元/户。设备更新后10年内不得再次享受更新补贴政策。对一次性支付设备资金有困难的农户，符合条件的，可按照银行机构推出的相关金融产品，自愿向银行机构申请分期付款，区级财政予以贴息支持。对低保户、五保户、低收入家庭等特殊困难群体，经各区民政部门核实后，应在现有补贴的基础上加大补贴力度，具体政策由各区政府研究制定。,,,,,,,,,,,,,,,,,,,,step7b_iterB_rulefix,strict_all
Clause:4da4ac46529aa8730837ae343298f520e2f42fa4f8b05ba335c343f0248c8e34#clause_0003,Clause,,4da4ac46529aa8730837ae343298f520e2f42fa4f8b05ba335c343f0248c8e34,4da4ac46529aa8730837ae343298f520e2f42fa4f8b05ba335c343f0248c8e34#clause_0003,3,subsidy_rule,（见附件）的，参照家电下乡补贴的方式，由农村住户市场化自行购买符合要求的清洁取暖设备，按照产品销售价格的40%进行补贴（对生态涵养区，市、区财政分别补贴30%和10%；对其他区，市、区财政分别补贴20%）。,,,,,,,,,,,,,,,,,,,,step7b_iterB_rulefix,strict_all
Clause:4da4ac46529aa8730837ae343298f520e2f42fa4f8b05ba335c343f0248c8e34#clause_0004,Clause,,4da4ac46529aa8730837ae343298f520e2f42fa4f8b05ba335c343f0248c8e34,4da4ac46529aa8730837ae343298f520e2f42fa4f8b05ba335c343f0248c8e34#clause_0004,4,subsidy_rule,空气源热泵类产品最高补贴金额不超过0.6万元/户，其他产品最高补贴金额不超过0.36万元/户。,,,,,,,,,,,,,,,,,,,,step7b_iterB_rulefix,strict_all
Clause:4dac8070bab7fdf62958e23b15689a48aa5f7c73b4b06deab4d30f0ce35cda18#clause_0001,Clause,,4dac8070bab7fdf62958e23b15689a48aa5f7c73b4b06deab4d30f0ce35cda18,4dac8070bab7fdf62958e23b15689a48aa5f7c73b4b06deab4d30f0ce35cda18#clause_0001,1,time_rule,新的时段划分为：高峰时段6:00-8:00、18:00-23:00；平时段23:00-6:00,,,,,,,,,,,,,,,,,,,,step7b_iterB_rulefix,strict_all
Clause:4dac8070bab7fdf62958e23b15689a48aa5f7c73b4b06deab4d30f0ce35cda18#clause_0002,Clause,,4dac8070bab7fdf62958e23b15689a48aa5f7c73b4b06deab4d30f0ce35cda18,4dac8070bab7fdf62958e23b15689a48aa5f7c73b4b06deab4d30f0ce35cda18#clause_0002,2,time_rule,（次日）、8:00-10:00、16:00-18:00；低谷时段10:00-16:00。,,,,,,,,,,,,,,,,,,,,step7b_iterB_rulefix,strict_all
Clause:4dac8070bab7fdf62958e23b15689a48aa5f7c73b4b06deab4d30f0ce35cda18#clause_0003,Clause,,4dac8070bab7fdf62958e23b15689a48aa5f7c73b4b06deab4d30f0ce35cda18,4dac8070bab7fdf62958e23b15689a48aa5f7c73b4b06deab4d30f0ce35cda18#clause_0003,3,time_rule,峰谷价差比例不低于3:1，2024年峰谷电价浮动比例保持不变，2025年及以后将另行明确。电取暖用电按现有相关政策执行。,,,,,,,,,,,,,,,,,,,,step7b_iterB_rulefix,strict_all
Clause:500387f290ce2730e02ebddb6bdb2aa6dffc22df78c335ed7937fd7225fa2d31#clause_0001,Clause,,500387f290ce2730e02ebddb6bdb2aa6dffc22df78c335ed7937fd7225fa2d31,500387f290ce2730e02ebddb6bdb2aa6dffc22df78c335ed7937fd7225fa2d31#clause_0001,1,time_rule,调整后的高峰时段为夏季15:00-17:00、冬季19:00-21:00，平时段为8:00-10:00、13:00-17:00、22:00-00:00，低谷时段为00:00-8:00。,,,,,,,,,,,,,,,,,,,,step7b_iterB_rulefix,strict_all
Clause:500387f290ce2730e02ebddb6bdb2aa6dffc22df78c335ed7937fd7225fa2d31#clause_0002,Clause,,500387f290ce2730e02ebddb6bdb2aa6dffc22df78c335ed7937fd7225fa2d31,500387f290ce2730e02ebddb6bdb2aa6dffc22df78c335ed7937fd7225fa2d31#clause_0002,2,pricing_rule,峰段电价较平段电价上浮60%，谷段电价较平段电价下浮60%。,,,,,,,,,,,,,,,,,,,,step7b_iterB_rulefix,strict_all
Clause:509a0ad904c063d5cf05fca6cbf14e771fafd94288045c9c2d767dc19ec43ab5#clause_0001,Clause,,509a0ad904c063d5cf05fca6cbf14e771fafd94288045c9c2d767dc19ec43ab5,509a0ad904c063d5cf05fca6cbf14e771fafd94288045c9c2d767dc19ec43ab5#clause_0001,1,time_rule,峰时段为每日8:00-18:00，共10小时；,,,,,,,,,,,,,,,,,,,,step7b_iterB_rulefix,strict_all
Clause:509a0ad904c063d5cf05fca6cbf14e771fafd94288045c9c2d767dc19ec43ab5#clause_0002,Clause,,509a0ad904c063d5cf05fca6cbf14e771fafd94288045c9c2d767dc19ec43ab5,509a0ad904c063d5cf05fca6cbf14e771fafd94288045c9c2d767dc19ec43ab5#clause_0002,2,time_rule,谷时段为每日18:00至次日8:00，共14小时。,,,,,,,,,,,,,,,,,,,,step7b_iterB_rulefix,strict_all
Clause:509a0ad904c063d5cf05fca6cbf14e771fafd94288045c9c2d767dc19ec43ab5#clause_0003,Clause,,509a0ad904c063d5cf05fca6cbf14e771fafd94288045c9c2d767dc19ec43ab5,509a0ad904c063d5cf05fca6cbf14e771fafd94288045c9c2d767dc19ec43ab5#clause_0003,3,time_rule,针对农村牧区、城镇及城市周边区域燃煤散烧治理的“煤改电”及自建电采暖居民用户，峰时段电价在居民阶梯电价第一档基础上每千瓦时加价由0.03元调整为0.05元，谷时段电价在第一档基础上每千瓦时降价由0.13元调整为0.25元。,,,,,,,,,,,,,,,,,,,,step7b_iterB_rulefix,strict_all
Clause:52fe3e07f845a1ce9cd3ca20036163fb421d5d61b4d23c2bf34016220be9cca4#clause_0003,Clause,,52fe3e07f845a1ce9cd3ca20036163fb421d5d61b4d23c2bf34016220be9cca4,52fe3e07f845a1ce9cd3ca20036163fb421d5d61b4d23c2bf34016220be9cca4#clause_0003,3,pricing_rule,本市参加电力市场交易的供暖用电，22:00-次日7:00输配电价在现行输配电价基础上减半收取。,,,,,,,,,,,,,,,,,,,,step7b_iterB_rulefix,strict_all
Clause:53906009b26dbd6a03fc9e0d1e2e8803aaa2f8962a209fca8210d39a5e278d65#clause_0003,Clause,,53906009b26dbd6a03fc9e0d1e2e8803aaa2f8962a209fca8210d39a5e278d65,53906009b26dbd6a03fc9e0d1e2e8803aaa2f8962a209fca8210d39a5e278d65#clause_0003,3,pricing_rule,本市参加电力市场交易的供暖用电，22:00-次日7:00输配电价在现行输配电价基础上减半收取。,,,,,,,,,,,,,,,,,,,,step7b_iterB_rulefix,strict_all
Clause:53fc822864624a590cef5b5fa21ff00698716adde9cef0962459c0216e2b8855#clause_0009,Clause,,53fc822864624a590cef5b5fa21ff00698716adde9cef0962459c0216e2b8855,53fc822864624a590cef5b5fa21ff00698716adde9cef0962459c0216e2b8855#clause_0009,9,time_rule,"到2025年，中心区城乡居民收入差距控制在2.2∶1以内，中心区人均GDP与全域人均GDP差距缩小到1.2∶1，常住人口城镇化率达到70%。
科创产业融合发展体系基本建立。",,,,,,,,,,,,,,,,,,,,step7b_iterB_rulefix,strict_all
Clause:53fc822864624a590cef5b5fa21ff00698716adde9cef0962459c0216e2b8855#clause_0013,Clause,,53fc822864624a590cef5b5fa21ff00698716adde9cef0962459c0216e2b8855,53fc822864624a590cef5b5fa21ff00698716adde9cef0962459c0216e2b8855#clause_0013,13,time_rule,"到2025年，研发投入强度达到3%以上，科技进步贡献率达到65%，高技术产业产值占规模以上工业总产值比重达到18%。
基础设施互联互通基本实现。",,,,,,,,,,,,,,,,,,,,step7b_iterB_rulefix,strict_all
Clause:53fc822864624a590cef5b5fa21ff00698716adde9cef0962459c0216e2b8855#clause_0016,Clause,,53fc822864624a590cef5b5fa21ff00698716adde9cef0962459c0216e2b8855,53fc822864624a590cef5b5fa21ff00698716adde9cef0962459c0216e2b8855#clause_0016,16,time_rule,"到2025年，铁路网密度达到507公里/万平方公里，高速公路密度达到5公里/百平方公里，5G网络覆盖率达到80%。
生态环境共保联治能力显著提升。",,,,,,,,,,,,,,,,,,,,step7b_iterB_rulefix,strict_all
Clause:53fc822864624a590cef5b5fa21ff00698716adde9cef0962459c0216e2b8855#clause_0020,Clause,,53fc822864624a590cef5b5fa21ff00698716adde9cef0962459c0216e2b8855,53fc822864624a590cef5b5fa21ff00698716adde9cef0962459c0216e2b8855#clause_0020,20,time_rule,"到2025年，细颗粒物（PM2.5）平均浓度总体达标，地级及以上城市空气质量优良天数比率达到80%以上，跨界河流断面水质达标率达到80%，单位GDP能耗较2017年下降10%。
公共服务便利共享水平明显提高。",,,,,,,,,,,,,,,,,,,,step7b_iterB_rulefix,strict_all
Clause:53fc822864624a590cef5b5fa21ff00698716adde9cef0962459c0216e2b8855#clause_0023,Clause,,53fc822864624a590cef5b5fa21ff00698716adde9cef0962459c0216e2b8855,53fc822864624a590cef5b5fa21ff00698716adde9cef0962459c0216e2b8855#clause_0023,23,time_rule,"到2025年，人均公共财政支出达到2.1万元，劳动年龄人口平均受教育年限达到11.5年，人均期望寿命达到79岁。
一体化体制机制更加有效。",,,,,,,,,,,,,,,,,,,,step7b_iterB_rulefix,strict_all
Clause:55486d5eaf1202de357651355eea469df92d887e1b388dd7c1a3fcd9b75286cb#clause_0001,Clause,,55486d5eaf1202de357651355eea469df92d887e1b388dd7c1a3fcd9b75286cb,55486d5eaf1202de357651355eea469df92d887e1b388dd7c1a3fcd9b75286cb#clause_0001,1,time_rule,具体指标：全国细颗粒物（PM2.5）未达标地级及以上城市浓度比2015年下降18%以上，地级及以上城市空气质量优良天数比率达到80%以上；,,,,,,,,,,,,,,,,,,,,step7b_iterB_rulefix,strict_all
Clause:55486d5eaf1202de357651355eea469df92d887e1b388dd7c1a3fcd9b75286cb#clause_0002,Clause,,55486d5eaf1202de357651355eea469df92d887e1b388dd7c1a3fcd9b75286cb,55486d5eaf1202de357651355eea469df92d887e1b388dd7c1a3fcd9b75286cb#clause_0002,2,other,全国地表水Ⅰ－Ⅲ类水体比例达到70%以上，劣Ⅴ类水体比例控制在5%以内；,,,,,,,,,,,,,,,,,,,,step7b_iterB_rulefix,strict_all
Clause:55486d5eaf1202de357651355eea469df92d887e1b388dd7c1a3fcd9b75286cb#clause_0003,Clause,,55486d5eaf1202de357651355eea469df92d887e1b388dd7c1a3fcd9b75286cb,55486d5eaf1202de357651355eea469df92d887e1b388dd7c1a3fcd9b75286cb#clause_0003,3,other,近岸海域水质优良（一、二类）比例达到70%左右；,,,,,,,,,,,,,,,,,,,,step7b_iterB_rulefix,strict_all
Clause:55486d5eaf1202de357651355eea469df92d887e1b388dd7c1a3fcd9b75286cb#clause_0004,Clause,,55486d5eaf1202de357651355eea469df92d887e1b388dd7c1a3fcd9b75286cb,55486d5eaf1202de357651355eea469df92d887e1b388dd7c1a3fcd9b75286cb#clause_0004,4,time_rule,二氧化硫、氮氧化物排放量比2015年减少15%以上，化学需氧量、氨氮排放量减少10%以上；,,,,,,,,,,,,,,,,,,,,step7b_iterB_rulefix,strict_all
Clause:55486d5eaf1202de357651355eea469df92d887e1b388dd7c1a3fcd9b75286cb#clause_0005,Clause,,55486d5eaf1202de357651355eea469df92d887e1b388dd7c1a3fcd9b75286cb,55486d5eaf1202de357651355eea469df92d887e1b388dd7c1a3fcd9b75286cb#clause_0005,5,other,受污染耕地安全利用率达到90%左右，污染地块安全利用率达到90%以上；生态保护红线面积占比达到25%左右；森林覆盖率达到23.04%以上。,,,,,,,,,,,,,,,,,,,,step7b_iterB_rulefix,strict_all
Clause:5640870dc60f351a9c21fe312b04405a5734c115cb295d24a606808ab81e6d0f#clause_0000,Clause,,5640870dc60f351a9c21fe312b04405a5734c115cb295d24a606808ab81e6d0f,5640870dc60f351a9c21fe312b04405a5734c115cb295d24a606808ab81e6d0f#clause_0000,0,time_rule,"<h2>file:国家发展改革委等部门关于加强新能源汽车与电网融合互动的实施意见.txt</h2>
发改能源〔2023〕1721号	国家发展改革委等部门关于加强新能源汽车与电网融合互动的实施意见	
到2025年，我国车网互动技术标准体系初步建成，充电峰谷电价机制全面实施并持续优化，市场机制建设取得重要进展，加大力度开展车网互动试点示范，
力争参与试点示范的城市2025年全年充电电量60%以上集中在低谷时段、私人充电桩充电电量80%以上集中在低谷时段，新能源汽车作为移动式电化学储
能资源的潜力通过试点示范得到初步验证。",,,,,,,,,,,,,,,,,,,,step7b_iterB_rulefix,strict_all
Clause:56a73d05dcfd76555b7fe12d90d1696b709acf1556a8913f3314c3c6c644cfb5#clause_0000,Clause,,56a73d05dcfd76555b7fe12d90d1696b709acf1556a8913f3314c3c6c644cfb5,56a73d05dcfd76555b7fe12d90d1696b709acf1556a8913f3314c3c6c644cfb5#clause_0000,0,time_rule,"<h2>file:《国务院关于印发打赢蓝天保卫战三年行动计划的通知》.txt</h2>
2018年6月27日 《国务院关于印发打赢蓝天保卫战三年行动计划的通知》
到2020年，二氧化硫、氮氧化物排放总量分别比2015年下降15%以上；",,,,,,,,,,,,,,,,,,,,step7b_iterB_rulefix,strict_all
Clause:58335d90e96cc5b4211b57e5ba68639ec110997e34daf85e547cbcf39bcc1906#clause_0001,Clause,,58335d90e96cc5b4211b57e5ba68639ec110997e34daf85e547cbcf39bcc1906,58335d90e96cc5b4211b57e5ba68639ec110997e34daf85e547cbcf39bcc1906#clause_0001,1,time_rule,调整后的高峰时段为7:00-9:00、17:00-23:00；,,,,,,,,,,,,,,,,,,,,step7b_iterB_rulefix,strict_all
Clause:58335d90e96cc5b4211b57e5ba68639ec110997e34daf85e547cbcf39bcc1906#clause_0002,Clause,,58335d90e96cc5b4211b57e5ba68639ec110997e34daf85e547cbcf39bcc1906,58335d90e96cc5b4211b57e5ba68639ec110997e34daf85e547cbcf39bcc1906#clause_0002,2,time_rule,低谷时段为9:00-17:00，其他时间为平时段。,,,,,,,,,,,,,,,,,,,,step7b_iterB_rulefix,strict_all
Clause:58335d90e96cc5b4211b57e5ba68639ec110997e34daf85e547cbcf39bcc1906#clause_0003,Clause,,58335d90e96cc5b4211b57e5ba68639ec110997e34daf85e547cbcf39bcc1906,58335d90e96cc5b4211b57e5ba68639ec110997e34daf85e547cbcf39bcc1906#clause_0003,3,pricing_rule,同时，尖峰电价在每年第一季度和第四季度的每日8:00-9:00和19:00-21:00执行，且尖峰电价将上浮100%。,,,,,,,,,,,,,,,,,,,,step7b_iterB_rulefix,strict_all
Clause:58335d90e96cc5b4211b57e5ba68639ec110997e34daf85e547cbcf39bcc1906#clause_0004,Clause,,58335d90e96cc5b4211b57e5ba68639ec110997e34daf85e547cbcf39bcc1906,58335d90e96cc5b4211b57e5ba68639ec110997e34daf85e547cbcf39bcc1906#clause_0004,4,pricing_rule,高峰电价按平段电价上浮63%，低谷电价下浮65%。,,,,,,,,,,,,,,,,,,,,step7b_iterB_rulefix,strict_all
Clause:58ad7cd309406e184ce7e6d21004def570eec462e6489ea11bebbe2d7b469ea4#clause_0001,Clause,,58ad7cd309406e184ce7e6d21004def570eec462e6489ea11bebbe2d7b469ea4,58ad7cd309406e184ce7e6d21004def570eec462e6489ea11bebbe2d7b469ea4#clause_0001,1,table_row_clause,2024-09-11 	《永春县设施农业温室大棚政策》	起补面积：类温室大棚的起补面积分别为智能温室2亩、智能温控大棚一10亩、智能温控大棚二10亩、温室大棚一20亩、温室大棚二20亩、温室大棚三20亩。多棚型申报的合计起补面积以其中起补要求高的为准。基本补助标准：参照原六类省定温室大棚补助标准，叠加市级补贴后，即：智能温室每亩10万元、智能温控大棚一每亩5万元(其中未配备外遮阳系统的智能温控大棚一基本补助标准调整为每亩补助4万元)、智能温控大棚二每亩2万元、温室大棚一每亩1万元、温室大棚二每亩0.75万元、温室大棚三每亩0.5万元。,,,,,,,,,,,,,,,,,,,,step7b_iterB_rulefix,strict_all
Clause:58ad7cd309406e184ce7e6d21004def570eec462e6489ea11bebbe2d7b469ea4#clause_0003,Clause,,58ad7cd309406e184ce7e6d21004def570eec462e6489ea11bebbe2d7b469ea4,58ad7cd309406e184ce7e6d21004def570eec462e6489ea11bebbe2d7b469ea4#clause_0003,3,subsidy_rule,基本补助标准：参照原六类省定温室大棚补助标准，叠加市级补贴后，即：智能温室每亩10万元、智能温控大棚一每亩5万元(其中未配备外遮阳系统的智能温控大棚一基本补助标准调整为每亩补助4万元)、智能温控大棚二每亩2万元、温室大棚一每亩1万元、温室大棚二每亩0.75万元、温室大棚三每亩0.5万元。,,,,,,,,,,,,,,,,,,,,step7b_iterB_rulefix,strict_all
Clause:59fb420eead4837faf2f90b58927c9c874cd61e9cfbcb91d127cfeeb50f5be76#clause_0000,Clause,,59fb420eead4837faf2f90b58927c9c874cd61e9cfbcb91d127cfeeb50f5be76,59fb420eead4837faf2f90b58927c9c874cd61e9cfbcb91d127cfeeb50f5be76#clause_0000,0,time_rule,"<h2>file:《关于全面加强生态环境保护坚决打好污染防治攻坚战的实施意见》.txt</h2>
2018-06-24 《关于全面加强生态环境保护坚决打好污染防治攻坚战的实施意见》
全国细颗粒物（PM2.5）未达标地级及以上城市浓度比2015年下降18%以上，地级及以上城市空气质量优良天数比率达到80%以上；",,,,,,,,,,,,,,,,,,,,step7b_iterB_rulefix,strict_all
Clause:59fb420eead4837faf2f90b58927c9c874cd61e9cfbcb91d127cfeeb50f5be76#clause_0001,Clause,,59fb420eead4837faf2f90b58927c9c874cd61e9cfbcb91d127cfeeb50f5be76,59fb420eead4837faf2f90b58927c9c874cd61e9cfbcb91d127cfeeb50f5be76#clause_0001,1,other,全国地表水Ⅰ－Ⅲ类水体比例达到70%以上，劣Ⅴ类水体比例控制在5%以内；,,,,,,,,,,,,,,,,,,,,step7b_iterB_rulefix,strict_all
Clause:59fb420eead4837faf2f90b58927c9c874cd61e9cfbcb91d127cfeeb50f5be76#clause_0002,Clause,,59fb420eead4837faf2f90b58927c9c874cd61e9cfbcb91d127cfeeb50f5be76,59fb420eead4837faf2f90b58927c9c874cd61e9cfbcb91d127cfeeb50f5be76#clause_0002,2,other,近岸海域水质优良（一、二类）比例达到70%左右；,,,,,,,,,,,,,,,,,,,,step7b_iterB_rulefix,strict_all
Clause:59fb420eead4837faf2f90b58927c9c874cd61e9cfbcb91d127cfeeb50f5be76#clause_0003,Clause,,59fb420eead4837faf2f90b58927c9c874cd61e9cfbcb91d127cfeeb50f5be76,59fb420eead4837faf2f90b58927c9c874cd61e9cfbcb91d127cfeeb50f5be76#clause_0003,3,time_rule,二氧化硫、氮氧化物排放量比2015年减少15%以上，化学需氧量、氨氮排放量减少10%以上；,,,,,,,,,,,,,,,,,,,,step7b_iterB_rulefix,strict_all
Clause:59fb420eead4837faf2f90b58927c9c874cd61e9cfbcb91d127cfeeb50f5be76#clause_0004,Clause,,59fb420eead4837faf2f90b58927c9c874cd61e9cfbcb91d127cfeeb50f5be76,59fb420eead4837faf2f90b58927c9c874cd61e9cfbcb91d127cfeeb50f5be76#clause_0004,4,other,受污染耕地安全利用率达到90%左右，污染地块安全利用率达到90%以上；生态保护红线面积占比达到25%左右；森林覆盖率达到23.04%以上。,,,,,,,,,,,,,,,,,,,,step7b_iterB_rulefix,strict_all
Clause:5cfa5c6db5cfbf0e99ded013a268ba977818e355f9159ace8db3f1eded786078#clause_0001,Clause,,5cfa5c6db5cfbf0e99ded013a268ba977818e355f9159ace8db3f1eded786078,5cfa5c6db5cfbf0e99ded013a268ba977818e355f9159ace8db3f1eded786078#clause_0001,1,time_rule,供暖期居民采暖用电谷段时间延长2小时，即谷段20时至次日8时，峰段8时至20时；,,,,,,,,,,,,,,,,,,,,step7b_iterB_rulefix,strict_all
Clause:5cfa5c6db5cfbf0e99ded013a268ba977818e355f9159ace8db3f1eded786078#clause_0011,Clause,,5cfa5c6db5cfbf0e99ded013a268ba977818e355f9159ace8db3f1eded786078,5cfa5c6db5cfbf0e99ded013a268ba977818e355f9159ace8db3f1eded786078#clause_0011,11,pricing_rule,"参加电力市场交易的采暖用电，峰段、平段执行相应电压等级的输配电价，谷段输配电价按平段输配电价的50%执行。三是探索市
场化竞价采购机制。支持采暖用电市场化交易，将电供暖电量",,,,,,,,,,,,,,,,,,,,step7b_iterB_rulefix,strict_all
Clause:5d686c4dd3c6d84c37fea441ad526309dc2a68388e69c63ef9a5af13cc2abc6b#clause_0003,Clause,,5d686c4dd3c6d84c37fea441ad526309dc2a68388e69c63ef9a5af13cc2abc6b,5d686c4dd3c6d84c37fea441ad526309dc2a68388e69c63ef9a5af13cc2abc6b#clause_0003,3,subsidy_rule,"不再区分改造户、自改户、常住户、非常住户、低用电量户、稳定运行户等类型。
（依据镇办提供录入省散煤治理平台数据）
二、补贴标准：600元／户／采暖季（每户仅享受一种取暖方式的运行补贴）",,,,,,,,,,,,,,,,,,,,step7b_iterB_rulefix,strict_all
Clause:5d785886820a3ef835d86f0d4c5e3aedb76c51572c87d6f5228dd8e042fa93a4#clause_0000,Clause,,5d785886820a3ef835d86f0d4c5e3aedb76c51572c87d6f5228dd8e042fa93a4,5d785886820a3ef835d86f0d4c5e3aedb76c51572c87d6f5228dd8e042fa93a4#clause_0000,0,time_rule,十三五”期间将全面推进上述四个领域的电能替代实现能源终端消费环节替代散烧煤、燃油消费约1.3亿吨标煤带动电煤占煤炭消费比重提高约1.9%带动电能占终端能源消费比重提高约1.5%促进电能消费比重达到约27%。,,,,,,,,,,,,,,,,,,,,step7b_iterB_rulefix,strict_all
Clause:5d785886820a3ef835d86f0d4c5e3aedb76c51572c87d6f5228dd8e042fa93a4#clause_0026,Clause,,5d785886820a3ef835d86f0d4c5e3aedb76c51572c87d6f5228dd8e042fa93a4,5d785886820a3ef835d86f0d4c5e3aedb76c51572c87d6f5228dd8e042fa93a4#clause_0026,26,time_rule,2016—2020年实现能源终端消费环节电能替代散烧煤、燃油消费总量约1.3亿吨标煤带动电煤占煤炭消费比重提高约1.9%带动电能占终端能源消费比重提高约1.5%促进电能占终端能源消费比重达到约27%。,,,,,,,,,,,,,,,,,,,,step7b_iterB_rulefix,strict_all
Clause:5d785886820a3ef835d86f0d4c5e3aedb76c51572c87d6f5228dd8e042fa93a4#clause_0046,Clause,,5d785886820a3ef835d86f0d4c5e3aedb76c51572c87d6f5228dd8e042fa93a4,5d785886820a3ef835d86f0d4c5e3aedb76c51572c87d6f5228dd8e042fa93a4#clause_0046,46,time_rule,"2016—2020年，实现能源终端消费环节电能替代散烧煤、燃油消费总量约1.3亿吨标煤，带动电煤占煤炭消费比重提高约1.9%，带动电能占终端能源消费比重提高约1.5%，促进电能占终端能源消费比重达到约27%。　　

　　（一）加强规划指导
　　（四）加强配套电网建设改造",,,,,,,,,,,,,,,,,,,,step7b_iterB_rulefix,strict_all
Clause:609908d9bcfc33e3897206e5078e6cd00772ed380b661406f29cddfcd122f57d#clause_0001,Clause,,609908d9bcfc33e3897206e5078e6cd00772ed380b661406f29cddfcd122f57d,609908d9bcfc33e3897206e5078e6cd00772ed380b661406f29cddfcd122f57d#clause_0001,1,time_rule,调整后的高峰时段为夏季14:00-15:00和19:30-21:30、冬季18:00-20:00，其他月份为8:00-11:00和18:00-21:00；,,,,,,,,,,,,,,,,,,,,step7b_iterB_rulefix,strict_all
Clause:609908d9bcfc33e3897206e5078e6cd00772ed380b661406f29cddfcd122f57d#clause_0002,Clause,,609908d9bcfc33e3897206e5078e6cd00772ed380b661406f29cddfcd122f57d,609908d9bcfc33e3897206e5078e6cd00772ed380b661406f29cddfcd122f57d#clause_0002,2,time_rule,平时段为夏季6:00-8:00、15:00-18:00、21:00-22:00，其他月份为6:00-8:00、11:00-18:00、21:00-22:00；低谷时段为22:00-次日6:00。,,,,,,,,,,,,,,,,,,,,step7b_iterB_rulefix,strict_all
Clause:609908d9bcfc33e3897206e5078e6cd00772ed380b661406f29cddfcd122f57d#clause_0003,Clause,,609908d9bcfc33e3897206e5078e6cd00772ed380b661406f29cddfcd122f57d,609908d9bcfc33e3897206e5078e6cd00772ed380b661406f29cddfcd122f57d#clause_0003,3,pricing_rule,夏季和冬季高峰电价上浮20%，低谷电价下浮20%。,,,,,,,,,,,,,,,,,,,,step7b_iterB_rulefix,strict_all
Clause:609908d9bcfc33e3897206e5078e6cd00772ed380b661406f29cddfcd122f57d#clause_0004,Clause,,609908d9bcfc33e3897206e5078e6cd00772ed380b661406f29cddfcd122f57d,609908d9bcfc33e3897206e5078e6cd00772ed380b661406f29cddfcd122f57d#clause_0004,4,time_rule,重大节日期间（如春节、“五一”、国庆节）11:00-15:00时段调整为谷段电价，并下浮20%。,,,,,,,,,,,,,,,,,,,,step7b_iterB_rulefix,strict_all
Clause:60a8d6c66d757ef90db55edf809fb9816c710a1021f9df39aba80b9949b9a6f7#clause_0000,Clause,,60a8d6c66d757ef90db55edf809fb9816c710a1021f9df39aba80b9949b9a6f7,60a8d6c66d757ef90db55edf809fb9816c710a1021f9df39aba80b9949b9a6f7#clause_0000,0,time_rule,"<h2>file:《上海市港口岸电建设方案》.txt</h2>
加快推进在用码头的岸电建设，到2020年，实现50%以上的集装箱、客货滚装、邮轮、3千吨级以上客运和5万吨级以上干散货专业化泊位具备向船舶供应岸电的能力，煤电厂码头、内河码头实现岸电设施全覆盖。",,,,,,,,,,,,,,,,,,,,step7b_iterB_rulefix,strict_all
Clause:60a8d6c66d757ef90db55edf809fb9816c710a1021f9df39aba80b9949b9a6f7#clause_0002,Clause,,60a8d6c66d757ef90db55edf809fb9816c710a1021f9df39aba80b9949b9a6f7,60a8d6c66d757ef90db55edf809fb9816c710a1021f9df39aba80b9949b9a6f7#clause_0002,2,time_rule,根据上海港船舶排放控制区总体要求，研究推进靠港船舶强制使用岸电，逐年提高岸电使用率，力争到2020年，本市集装箱、邮轮码头岸电设施使用率达到10%、港作船舶岸电设施使用率达到80%以上。,,,,,,,,,,,,,,,,,,,,step7b_iterB_rulefix,strict_all
Clause:62f668d2db29a9b35b4e6b01f6064c10ad77ad238436d5b7314a37cbf4824821#clause_0000,Clause,,62f668d2db29a9b35b4e6b01f6064c10ad77ad238436d5b7314a37cbf4824821,62f668d2db29a9b35b4e6b01f6064c10ad77ad238436d5b7314a37cbf4824821#clause_0000,0,subsidy_rule,"<h2>file:《2024-2025年咸阳市采暖季清洁取暖运行.txt</h2>
2024年12月18日	《2024-2025年咸阳市采暖季清洁取暖运行补贴政策》	""补贴标准600元/户/采暖季，每户根据不同取暖方式只能享受一种清洁取暖方式运行补贴。",,,,,,,,,,,,,,,,,,,,step7b_iterB_rulefix,strict_all
Clause:62f668d2db29a9b35b4e6b01f6064c10ad77ad238436d5b7314a37cbf4824821#clause_0001,Clause,,62f668d2db29a9b35b4e6b01f6064c10ad77ad238436d5b7314a37cbf4824821,62f668d2db29a9b35b4e6b01f6064c10ad77ad238436d5b7314a37cbf4824821#clause_0001,1,table_row_clause,"2024年12月18日	《2024-2025年咸阳市采暖季清洁取暖运行补贴政策》	""补贴标准600元/户/采暖季，每户根据不同取暖方式只能享受一种清洁取暖方式运行补贴。中央和省级财政承担240元/户/采暖季，市级财政承担180元/户/采暖季，各县市区财政承担不低于180元/户/采暖季，也可结合各自财力情况和运行情况适度提高补贴标准。",,,,,,,,,,,,,,,,,,,,step7b_iterB_rulefix,strict_all
Clause:62f668d2db29a9b35b4e6b01f6064c10ad77ad238436d5b7314a37cbf4824821#clause_0002,Clause,,62f668d2db29a9b35b4e6b01f6064c10ad77ad238436d5b7314a37cbf4824821,62f668d2db29a9b35b4e6b01f6064c10ad77ad238436d5b7314a37cbf4824821#clause_0002,2,subsidy_rule,中央和省级财政承担240元/户/采暖季，市级财政承担180元/户/采暖季，各县市区财政承担不低于180元/户/采暖季，也可结合各自财力情况和运行情况适度提高补贴标准。,,,,,,,,,,,,,,,,,,,,step7b_iterB_rulefix,strict_all
Clause:62f668d2db29a9b35b4e6b01f6064c10ad77ad238436d5b7314a37cbf4824821#clause_0006,Clause,,62f668d2db29a9b35b4e6b01f6064c10ad77ad238436d5b7314a37cbf4824821,62f668d2db29a9b35b4e6b01f6064c10ad77ad238436d5b7314a37cbf4824821#clause_0006,6,time_rule,（不少于两个月）完成生物质专用颗粒燃料采购，采暖季前发放到户。,,,,,,,,,,,,,,,,,,,,step7b_iterB_rulefix,strict_all
Clause:632c503920a67e010e21ba8cc1bfddfd101d9f4a5981b038ab8e365c65c57b08#clause_0001,Clause,,632c503920a67e010e21ba8cc1bfddfd101d9f4a5981b038ab8e365c65c57b08,632c503920a67e010e21ba8cc1bfddfd101d9f4a5981b038ab8e365c65c57b08#clause_0001,1,pricing_rule,调整后的居民生活用电价格标准为中部电网0.49元/千瓦时，阿里电网0.765元/千瓦时。,,,,,,,,,,,,,,,,,,,,step7b_iterB_rulefix,strict_all
Clause:632c503920a67e010e21ba8cc1bfddfd101d9f4a5981b038ab8e365c65c57b08#clause_0002,Clause,,632c503920a67e010e21ba8cc1bfddfd101d9f4a5981b038ab8e365c65c57b08,632c503920a67e010e21ba8cc1bfddfd101d9f4a5981b038ab8e365c65c57b08#clause_0002,2,pricing_rule,同时，试行阶梯优惠电价，丰水期和枯水期分别对300千瓦时和600千瓦时的用电量进行优惠。,,,,,,,,,,,,,,,,,,,,step7b_iterB_rulefix,strict_all
Clause:632c503920a67e010e21ba8cc1bfddfd101d9f4a5981b038ab8e365c65c57b08#clause_0003,Clause,,632c503920a67e010e21ba8cc1bfddfd101d9f4a5981b038ab8e365c65c57b08,632c503920a67e010e21ba8cc1bfddfd101d9f4a5981b038ab8e365c65c57b08#clause_0003,3,pricing_rule,工商业用电价格在丰水期调整为中部电网0.64元/千瓦时，枯水期调整为0.675元/千瓦时；阿里电网价格调整为1.62元/千瓦时。,,,,,,,,,,,,,,,,,,,,step7b_iterB_rulefix,strict_all
Clause:632c503920a67e010e21ba8cc1bfddfd101d9f4a5981b038ab8e365c65c57b08#clause_0004,Clause,,632c503920a67e010e21ba8cc1bfddfd101d9f4a5981b038ab8e365c65c57b08,632c503920a67e010e21ba8cc1bfddfd101d9f4a5981b038ab8e365c65c57b08#clause_0004,4,time_rule,工商业峰谷分时电价试行，峰时段上调0.02元/千瓦时，谷时段下调0.04元/千瓦时。,,,,,,,,,,,,,,,,,,,,step7b_iterB_rulefix,strict_all
Clause:635192af8baf11262c4e886f015d6f452a5241a0a6d153db4c730e4108cbf7f3#clause_0000,Clause,,635192af8baf11262c4e886f015d6f452a5241a0a6d153db4c730e4108cbf7f3,635192af8baf11262c4e886f015d6f452a5241a0a6d153db4c730e4108cbf7f3#clause_0000,0,time_rule,"<h2>file:16年电能替代文件.txt</h2>
“十三五”期间，将全面推进上述四个领域的电能替代，实现能源终端消费环节替代散烧煤、燃油消费约1.3亿吨标煤，带动电煤占煤炭消费比重提高约1.9%，带动电能占终端能源消费比重提高约1.5%，促进电能消费比重达到约27%。",,,,,,,,,,,,,,,,,,,,step7b_iterB_rulefix,strict_all
Clause:635192af8baf11262c4e886f015d6f452a5241a0a6d153db4c730e4108cbf7f3#clause_0026,Clause,,635192af8baf11262c4e886f015d6f452a5241a0a6d153db4c730e4108cbf7f3,635192af8baf11262c4e886f015d6f452a5241a0a6d153db4c730e4108cbf7f3#clause_0026,26,time_rule,2016—2020年，实现能源终端消费环节电能替代散烧煤、燃油消费总量约1.3亿吨标煤，带动电煤占煤炭消费比重提高约1.9%，带动电能占终端能源消费比重提高约1.5%，促进电能占终端能源消费比重达到约27%。,,,,,,,,,,,,,,,,,,,,step7b_iterB_rulefix,strict_all
Clause:643e29ea09bd03d627a82c72ebc4402207e81fb7b9a7b30dd3af1b538f662166#clause_0001,Clause,,643e29ea09bd03d627a82c72ebc4402207e81fb7b9a7b30dd3af1b538f662166,643e29ea09bd03d627a82c72ebc4402207e81fb7b9a7b30dd3af1b538f662166#clause_0001,1,task_assessment,"2022年12月5日	洋浦港鼓励靠泊船舶使用岸电扶持暂行办法	
为促进港口绿色发展，鼓励和支持船舶受电设施安装，鼓励船舶靠港使用岸电，推进岸电使用率逐年提高，争取到2024年实现具备条件的靠港船舶岸电使用率达到90%目标，根据《港口和船舶岸电管理办法》",,,,,,,,,,,,,,,,,,,,step7b_iterB_rulefix,strict_all
Clause:643e29ea09bd03d627a82c72ebc4402207e81fb7b9a7b30dd3af1b538f662166#clause_0003,Clause,,643e29ea09bd03d627a82c72ebc4402207e81fb7b9a7b30dd3af1b538f662166,643e29ea09bd03d627a82c72ebc4402207e81fb7b9a7b30dd3af1b538f662166#clause_0003,3,subsidy_rule,对于洋浦港岸电使用率低的不同原因，实施不同补贴政策，共分为两类：一是针对具备标准岸电受电设施的船舶极少问题，实施船舶岸电受电设施改造资助，对加入并履行洋浦航绿色公约、航运企业和船舶注册地均为洋浦的船舶岸电受电设施改造按照项目设施设备购置费的30%予以资助。以期促进船舶的岸电受电改造。,,,,,,,,,,,,,,,,,,,,step7b_iterB_rulefix,strict_all
Clause:6618b31ad2d2553801e75f1d42256338782cda332eb141a7fea6466fee1dccfd#clause_0001,Clause,,6618b31ad2d2553801e75f1d42256338782cda332eb141a7fea6466fee1dccfd,6618b31ad2d2553801e75f1d42256338782cda332eb141a7fea6466fee1dccfd#clause_0001,1,subsidy_rule,1.建成区外20蒸吨/时(不含)以下燃煤锅炉拆除，奖补标准为3万元/蒸吨。,,,,,,,,,,,,,,,,,,,,step7b_iterB_rulefix,strict_all
Clause:6618b31ad2d2553801e75f1d42256338782cda332eb141a7fea6466fee1dccfd#clause_0002,Clause,,6618b31ad2d2553801e75f1d42256338782cda332eb141a7fea6466fee1dccfd,6618b31ad2d2553801e75f1d42256338782cda332eb141a7fea6466fee1dccfd#clause_0002,2,subsidy_rule,2.20蒸吨/时及以上燃煤锅炉拆除或实施“煤改气”、“煤改电”、煤改清洁能源，奖励标准为3万元/蒸吨。,,,,,,,,,,,,,,,,,,,,step7b_iterB_rulefix,strict_all
Clause:6618b31ad2d2553801e75f1d42256338782cda332eb141a7fea6466fee1dccfd#clause_0003,Clause,,6618b31ad2d2553801e75f1d42256338782cda332eb141a7fea6466fee1dccfd,6618b31ad2d2553801e75f1d42256338782cda332eb141a7fea6466fee1dccfd#clause_0003,3,subsidy_rule,对不具备拆改条件的燃煤锅炉实施超低排放改造，按总投资的15%给予奖励补助。,,,,,,,,,,,,,,,,,,,,step7b_iterB_rulefix,strict_all
Clause:6618b31ad2d2553801e75f1d42256338782cda332eb141a7fea6466fee1dccfd#clause_0004,Clause,,6618b31ad2d2553801e75f1d42256338782cda332eb141a7fea6466fee1dccfd,6618b31ad2d2553801e75f1d42256338782cda332eb141a7fea6466fee1dccfd#clause_0004,4,subsidy_rule,"3.对驻西安部队燃煤锅炉拆改继续沿用2016年奖补标准(20万元/蒸吨)。
(二)电厂燃煤锅炉超低排放改造项目。",,,,,,,,,,,,,,,,,,,,step7b_iterB_rulefix,strict_all
Clause:6618b31ad2d2553801e75f1d42256338782cda332eb141a7fea6466fee1dccfd#clause_0005,Clause,,6618b31ad2d2553801e75f1d42256338782cda332eb141a7fea6466fee1dccfd,6618b31ad2d2553801e75f1d42256338782cda332eb141a7fea6466fee1dccfd#clause_0005,5,subsidy_rule,"电厂燃煤锅炉超低排放改造项目，按照一炉一塔、每台锅炉300万元标准给予奖补，对采取两炉一塔的锅炉每台按照150万元标准给予奖补(项目奖补额不超过总投资的15%)。
(三)燃气锅炉低氮燃烧改造项目。",,,,,,,,,,,,,,,,,,,,step7b_iterB_rulefix,strict_all
Clause:6618b31ad2d2553801e75f1d42256338782cda332eb141a7fea6466fee1dccfd#clause_0008,Clause,,6618b31ad2d2553801e75f1d42256338782cda332eb141a7fea6466fee1dccfd,6618b31ad2d2553801e75f1d42256338782cda332eb141a7fea6466fee1dccfd#clause_0008,8,subsidy_rule,对具备改造条件区域城乡居民实施“煤改气”、“煤改电”，每户一次性给予天然气初装工料费或改电采暖设备补助1000元；,,,,,,,,,,,,,,,,,,,,step7b_iterB_rulefix,strict_all
Clause:6618b31ad2d2553801e75f1d42256338782cda332eb141a7fea6466fee1dccfd#clause_0009,Clause,,6618b31ad2d2553801e75f1d42256338782cda332eb141a7fea6466fee1dccfd,6618b31ad2d2553801e75f1d42256338782cda332eb141a7fea6466fee1dccfd#clause_0009,9,subsidy_rule,对不具备改造条件的农村地区，改用高效清洁炉具，每户一次性补助300元；,,,,,,,,,,,,,,,,,,,,step7b_iterB_rulefix,strict_all
Clause:6618b31ad2d2553801e75f1d42256338782cda332eb141a7fea6466fee1dccfd#clause_0010,Clause,,6618b31ad2d2553801e75f1d42256338782cda332eb141a7fea6466fee1dccfd,6618b31ad2d2553801e75f1d42256338782cda332eb141a7fea6466fee1dccfd#clause_0010,10,subsidy_rule,对实施改造有困难的城区低保户及农村建档立卡贫困户，改用兰炭、洁净煤等清洁燃料，每户每年补助300元，连续补助三年；,,,,,,,,,,,,,,,,,,,,step7b_iterB_rulefix,strict_all
Clause:6618b31ad2d2553801e75f1d42256338782cda332eb141a7fea6466fee1dccfd#clause_0011,Clause,,6618b31ad2d2553801e75f1d42256338782cda332eb141a7fea6466fee1dccfd,6618b31ad2d2553801e75f1d42256338782cda332eb141a7fea6466fee1dccfd#clause_0011,11,subsidy_rule,鼓励实施农村秸秆全量还田，2017年每亩补助20元；,,,,,,,,,,,,,,,,,,,,step7b_iterB_rulefix,strict_all
Clause:67bb80e9af349ffd1cfa1abcf8a9a811c986f1fc171c93e1f60ce3232981e99c#clause_0001,Clause,,67bb80e9af349ffd1cfa1abcf8a9a811c986f1fc171c93e1f60ce3232981e99c,67bb80e9af349ffd1cfa1abcf8a9a811c986f1fc171c93e1f60ce3232981e99c#clause_0001,1,subsidy_rule,“煤改电”居民扣除生活用电外，采暖用电每度电补贴0.1元，采暖季每户居民最高补贴1040元。,,,,,,,,,,,,,,,,,,,,step7b_iterB_rulefix,strict_all
Clause:67bb80e9af349ffd1cfa1abcf8a9a811c986f1fc171c93e1f60ce3232981e99c#clause_0002,Clause,,67bb80e9af349ffd1cfa1abcf8a9a811c986f1fc171c93e1f60ce3232981e99c,67bb80e9af349ffd1cfa1abcf8a9a811c986f1fc171c93e1f60ce3232981e99c#clause_0002,2,subsidy_rule,农村“煤改电”区域集中供暖按照实际供暖用电量，在供暖用电量额度范围内每度电补贴0.1元。,,,,,,,,,,,,,,,,,,,,step7b_iterB_rulefix,strict_all
Clause:67bb80e9af349ffd1cfa1abcf8a9a811c986f1fc171c93e1f60ce3232981e99c#clause_0003,Clause,,67bb80e9af349ffd1cfa1abcf8a9a811c986f1fc171c93e1f60ce3232981e99c,67bb80e9af349ffd1cfa1abcf8a9a811c986f1fc171c93e1f60ce3232981e99c#clause_0003,3,subsidy_rule,“煤改气”：“煤改气”居民用户每月扣除28方生活用气外，采暖用气每方气补贴1元，采暖季每户居民最高补贴1200元。,,,,,,,,,,,,,,,,,,,,step7b_iterB_rulefix,strict_all
Clause:67bb80e9af349ffd1cfa1abcf8a9a811c986f1fc171c93e1f60ce3232981e99c#clause_0004,Clause,,67bb80e9af349ffd1cfa1abcf8a9a811c986f1fc171c93e1f60ce3232981e99c,67bb80e9af349ffd1cfa1abcf8a9a811c986f1fc171c93e1f60ce3232981e99c#clause_0004,4,subsidy_rule,对于无法计量采暖用气的“煤改气”用户，可由县级政府根据本地实际情况制定统一标准，原则上一个采暖季每户补贴标准不低于600元。,,,,,,,,,,,,,,,,,,,,step7b_iterB_rulefix,strict_all
Clause:68cf8b47055553fd101877102c4de7301c148b4dfe2101a20a960809ffb02d3e#clause_0004,Clause,,68cf8b47055553fd101877102c4de7301c148b4dfe2101a20a960809ffb02d3e,68cf8b47055553fd101877102c4de7301c148b4dfe2101a20a960809ffb02d3e#clause_0004,4,subsidy_rule,（包括无卷帘设备）提升改造为智能化或电动化卷帘设备，补贴标准按不高于350元/台,,,,,,,,,,,,,,,,,,,,step7b_iterB_rulefix,strict_all
Clause:68cf8b47055553fd101877102c4de7301c148b4dfe2101a20a960809ffb02d3e#clause_0005,Clause,,68cf8b47055553fd101877102c4de7301c148b4dfe2101a20a960809ffb02d3e,68cf8b47055553fd101877102c4de7301c148b4dfe2101a20a960809ffb02d3e#clause_0005,5,subsidy_rule,（套）且不超过设备投资的50%予以补贴（包括控制箱、辅材、安装费用等），同一建设内容不重复享受相关补贴政策。,,,,,,,,,,,,,,,,,,,,step7b_iterB_rulefix,strict_all
Clause:68cf8b47055553fd101877102c4de7301c148b4dfe2101a20a960809ffb02d3e#clause_0006,Clause,,68cf8b47055553fd101877102c4de7301c148b4dfe2101a20a960809ffb02d3e,68cf8b47055553fd101877102c4de7301c148b4dfe2101a20a960809ffb02d3e#clause_0006,6,other,其中，智能化卷帘设备100W为350元/台（套）、80W为340元/台（套）、60W为330元/台（套）；电动化卷帘设备100W为330元/台（套）、80W为320元/台（套）、60W为310元/台（套）。,,,,,,,,,,,,,,,,,,,,step7b_iterB_rulefix,strict_all
Clause:693f3a55fe86330e400962dd0b43476d41023ad39e89f0254b4f9e2651efaca2#clause_0001,Clause,,693f3a55fe86330e400962dd0b43476d41023ad39e89f0254b4f9e2651efaca2,693f3a55fe86330e400962dd0b43476d41023ad39e89f0254b4f9e2651efaca2#clause_0001,1,pricing_rule,新方案将月用电量分为三个档次：180度及以下部分电价为0.5224元/度；,,,,,,,,,,,,,,,,,,,,step7b_iterB_rulefix,strict_all
Clause:693f3a55fe86330e400962dd0b43476d41023ad39e89f0254b4f9e2651efaca2#clause_0002,Clause,,693f3a55fe86330e400962dd0b43476d41023ad39e89f0254b4f9e2651efaca2,693f3a55fe86330e400962dd0b43476d41023ad39e89f0254b4f9e2651efaca2#clause_0002,2,time_rule,181度至280度部分电价在第一档基础上每度加价0.1元，为0.6224元/度；,,,,,,,,,,,,,,,,,,,,step7b_iterB_rulefix,strict_all
Clause:693f3a55fe86330e400962dd0b43476d41023ad39e89f0254b4f9e2651efaca2#clause_0003,Clause,,693f3a55fe86330e400962dd0b43476d41023ad39e89f0254b4f9e2651efaca2,693f3a55fe86330e400962dd0b43476d41023ad39e89f0254b4f9e2651efaca2#clause_0003,3,pricing_rule,高于280度部分电价在第一档基础上每度加价0.3元，为0.8224元/度。,,,,,,,,,,,,,,,,,,,,step7b_iterB_rulefix,strict_all
Clause:693f3a55fe86330e400962dd0b43476d41023ad39e89f0254b4f9e2651efaca2#clause_0004,Clause,,693f3a55fe86330e400962dd0b43476d41023ad39e89f0254b4f9e2651efaca2,693f3a55fe86330e400962dd0b43476d41023ad39e89f0254b4f9e2651efaca2#clause_0004,4,time_rule,合表居民用户和执行居民电价的非居民用户电价调整为0.5464元/度，同时保留低谷时段电价优惠政策，丰水期低谷电价为0.175元/度，枯、平水期低谷电价为0.2535元/度。,,,,,,,,,,,,,,,,,,,,step7b_iterB_rulefix,strict_all
Clause:693f3a55fe86330e400962dd0b43476d41023ad39e89f0254b4f9e2651efaca2#clause_0005,Clause,,693f3a55fe86330e400962dd0b43476d41023ad39e89f0254b4f9e2651efaca2,693f3a55fe86330e400962dd0b43476d41023ad39e89f0254b4f9e2651efaca2#clause_0005,5,other,对城乡“低保户”和农村“五保户”家庭每户每月免费15度电，以“先征后返”方式进行结算，免费金额统一为每月每户7.84元。,,,,,,,,,,,,,,,,,,,,step7b_iterB_rulefix,strict_all
Clause:6970500b879273b0b83bb7a489716ace3a254448e313c9392b1c8d699aa8443a#clause_0001,Clause,,6970500b879273b0b83bb7a489716ace3a254448e313c9392b1c8d699aa8443a,6970500b879273b0b83bb7a489716ace3a254448e313c9392b1c8d699aa8443a#clause_0001,1,subsidy_rule,怀农发〔2022〕18号	《怀柔区2022年农村地区“减煤换煤”工程实施方案》	（一）取暖“煤改电”凡在上述实施范围内且具有北京市户籍的农村住户、村级公益性活动场所（如村委会、老年活动站、公共浴室等）和籽种农业设施，可分别享受以下政策补贴。1.取暖电价补贴（1）补贴范围已实施整村取暖“煤改电”的农村住户；镇乡（街道）辖区具备电力供应条件，经用户申请，区供电公司、区农业农村局、镇乡（街道）、村委会共同审核确认，且更换为电采暖专用表的本区自行“煤改电”住户，可享受取暖电价补贴。（2）补贴标准对享受取暖“煤改电”电价补贴的住户，取消阶梯电价。在每年采暖季（本年度11月1日—下年度3月31日）低谷电价时段（晚20:00至次日早8:00），在享受低谷段优惠电价0.3元/度的基础上，由市、区两级财政各补贴0.1元/度，每户用电补贴最高1万度。2.户内线路改造资金。用户电表以下至电采暖设备的户内线路部分,,,,,,,,,,,,,,,,,,,,step7b_iterB_rulefix,strict_all
Clause:6970500b879273b0b83bb7a489716ace3a254448e313c9392b1c8d699aa8443a#clause_0007,Clause,,6970500b879273b0b83bb7a489716ace3a254448e313c9392b1c8d699aa8443a,6970500b879273b0b83bb7a489716ace3a254448e313c9392b1c8d699aa8443a#clause_0007,7,subsidy_rule,在每年采暖季（本年度11月1日—下年度3月31日）低谷电价时段（晚20:00至次日早8:00），在享受低谷段优惠电价0.3元/度的基础上，由市、区两级财政各补贴0.1元/度，每户用电补贴最高1万度。2.户内线路改造资金。,,,,,,,,,,,,,,,,,,,,step7b_iterB_rulefix,strict_all
Clause:6970500b879273b0b83bb7a489716ace3a254448e313c9392b1c8d699aa8443a#clause_0009,Clause,,6970500b879273b0b83bb7a489716ace3a254448e313c9392b1c8d699aa8443a,6970500b879273b0b83bb7a489716ace3a254448e313c9392b1c8d699aa8443a#clause_0009,9,subsidy_rule,按照相关规范要求统一组织实施。区财政按照空气源热泵水暖机1500元/户，空气源热泵热风机、蓄能电暖气2000元/户的标准安排资金。3.设备购置补贴。空气源热泵水暖机、空气源热泵热风机、蓄能式电暖气属于补贴范围，按照以下标准给予补贴，其余部分住户自筹。（1）农村住户空气源热泵水暖机：按照现有房屋采暖建筑面积补贴200元/平方米，最高不超过24000元（市、区财政各补贴100元/平方米）。空气源热泵热风机：按照设备购置费用80%的标准给予补贴，最高不超过24000元。蓄能式电暖气：按照设备购置费用80%的标准给予补贴，最高不超过8000元（其中市财政补贴设备购置费用的三分之一，不足部分由区财政补贴）。对经区民政局认定的低保户、低收入家庭和区退役军人事务局确认的享受定期抚恤和生活补助的烈属个人承担的自筹电采暖设备购置费用由区财政再给予80%的补贴，对经区民政局认定的特困人员（五保户）给予100%,,,,,,,,,,,,,,,,,,,,step7b_iterB_rulefix,strict_all
Clause:6970500b879273b0b83bb7a489716ace3a254448e313c9392b1c8d699aa8443a#clause_0010,Clause,,6970500b879273b0b83bb7a489716ace3a254448e313c9392b1c8d699aa8443a,6970500b879273b0b83bb7a489716ace3a254448e313c9392b1c8d699aa8443a#clause_0010,10,subsidy_rule,区财政按照空气源热泵水暖机1500元/户，空气源热泵热风机、蓄能电暖气2000元/户的标准安排资金。3.设备购置补贴。,,,,,,,,,,,,,,,,,,,,step7b_iterB_rulefix,strict_all
Clause:6970500b879273b0b83bb7a489716ace3a254448e313c9392b1c8d699aa8443a#clause_0012,Clause,,6970500b879273b0b83bb7a489716ace3a254448e313c9392b1c8d699aa8443a,6970500b879273b0b83bb7a489716ace3a254448e313c9392b1c8d699aa8443a#clause_0012,12,subsidy_rule,（1）农村住户空气源热泵水暖机：按照现有房屋采暖建筑面积补贴200元/平方米，最高不超过24000元（市、区财政各补贴100元/平方米）。,,,,,,,,,,,,,,,,,,,,step7b_iterB_rulefix,strict_all
Clause:6970500b879273b0b83bb7a489716ace3a254448e313c9392b1c8d699aa8443a#clause_0013,Clause,,6970500b879273b0b83bb7a489716ace3a254448e313c9392b1c8d699aa8443a,6970500b879273b0b83bb7a489716ace3a254448e313c9392b1c8d699aa8443a#clause_0013,13,subsidy_rule,空气源热泵热风机：按照设备购置费用80%的标准给予补贴，最高不超过24000元。,,,,,,,,,,,,,,,,,,,,step7b_iterB_rulefix,strict_all
Clause:6970500b879273b0b83bb7a489716ace3a254448e313c9392b1c8d699aa8443a#clause_0014,Clause,,6970500b879273b0b83bb7a489716ace3a254448e313c9392b1c8d699aa8443a,6970500b879273b0b83bb7a489716ace3a254448e313c9392b1c8d699aa8443a#clause_0014,14,subsidy_rule,蓄能式电暖气：按照设备购置费用80%的标准给予补贴，最高不超过8000元（其中市财政补贴设备购置费用的三分之一，不足部分由区财政补贴）。,,,,,,,,,,,,,,,,,,,,step7b_iterB_rulefix,strict_all
Clause:6970500b879273b0b83bb7a489716ace3a254448e313c9392b1c8d699aa8443a#clause_0015,Clause,,6970500b879273b0b83bb7a489716ace3a254448e313c9392b1c8d699aa8443a,6970500b879273b0b83bb7a489716ace3a254448e313c9392b1c8d699aa8443a#clause_0015,15,subsidy_rule,对经区民政局认定的低保户、低收入家庭和区退役军人事务局确认的享受定期抚恤和生活补助的烈属个人承担的自筹电采暖设备购置费用由区财政再给予80%的补贴，对经区民政局认定的特困人员（五保户）给予100%的补贴。低保户、低收入家庭、烈属、特困人员,,,,,,,,,,,,,,,,,,,,step7b_iterB_rulefix,strict_all
Clause:6970500b879273b0b83bb7a489716ace3a254448e313c9392b1c8d699aa8443a#clause_0019,Clause,,6970500b879273b0b83bb7a489716ace3a254448e313c9392b1c8d699aa8443a,6970500b879273b0b83bb7a489716ace3a254448e313c9392b1c8d699aa8443a#clause_0019,19,subsidy_rule,即1个户主姓名对应1个电表编号，只享受1次补贴，特殊情况由各镇乡政府、村委会共同认定。对住户有特殊需求的设备机型，在政府补贴标准不变的情况下，设备价格可由住户与中标企业协商。（2）村级公益性活动场所村级公益性活动场所取暖“煤改电”改造费用，按照上一年度区统计局统计年报的村庄户数实行定额补贴，500户以下、500户以上（含）的村庄分别补贴16.2万元/村（市财政补贴1.2万元，区财政补贴15万元）和17.4万元/村（市财政补贴2.4万元，区财政补贴15万元），由区财政拨付到各镇乡政府统筹用于村级公益性活动场所取暖“煤改电”，不足部分由各村自筹。（3）籽种农业设施具备电力供应条件的籽种农业设施实施的取暖“煤改电”改造项目，市财政补贴取暖设备购置费的20%，其余部分由籽种农业设施园区自行承担。工程改造完成并通过验收后，由区财政将补贴资金直接拨付到籽种农业设施园区。4.采暖末端补贴对山区镇乡“煤改,,,,,,,,,,,,,,,,,,,,step7b_iterB_rulefix,strict_all
Clause:6970500b879273b0b83bb7a489716ace3a254448e313c9392b1c8d699aa8443a#clause_0021,Clause,,6970500b879273b0b83bb7a489716ace3a254448e313c9392b1c8d699aa8443a,6970500b879273b0b83bb7a489716ace3a254448e313c9392b1c8d699aa8443a#clause_0021,21,subsidy_rule,（2）村级公益性活动场所村级公益性活动场所取暖“煤改电”改造费用，按照上一年度区统计局统计年报的村庄户数实行定额补贴，500户以下、500户以上,,,,,,,,,,,,,,,,,,,,step7b_iterB_rulefix,strict_all
Clause:6970500b879273b0b83bb7a489716ace3a254448e313c9392b1c8d699aa8443a#clause_0022,Clause,,6970500b879273b0b83bb7a489716ace3a254448e313c9392b1c8d699aa8443a,6970500b879273b0b83bb7a489716ace3a254448e313c9392b1c8d699aa8443a#clause_0022,22,subsidy_rule,（含）的村庄分别补贴16.2万元/村（市财政补贴1.2万元，区财政补贴15万元）和17.4万元/村（市财政补贴2.4万元，区财政补贴15万元），由区财政拨付到各镇乡政府统筹用于村级公益性活动场所取暖“煤改电”，不足部分由各村自筹。,,,,,,,,,,,,,,,,,,,,step7b_iterB_rulefix,strict_all
Clause:6970500b879273b0b83bb7a489716ace3a254448e313c9392b1c8d699aa8443a#clause_0023,Clause,,6970500b879273b0b83bb7a489716ace3a254448e313c9392b1c8d699aa8443a,6970500b879273b0b83bb7a489716ace3a254448e313c9392b1c8d699aa8443a#clause_0023,23,subsidy_rule,（3）籽种农业设施具备电力供应条件的籽种农业设施实施的取暖“煤改电”改造项目，市财政补贴取暖设备购置费的20%，其余部分由籽种农业设施园区自行承担。,,,,,,,,,,,,,,,,,,,,step7b_iterB_rulefix,strict_all
Clause:6970500b879273b0b83bb7a489716ace3a254448e313c9392b1c8d699aa8443a#clause_0025,Clause,,6970500b879273b0b83bb7a489716ace3a254448e313c9392b1c8d699aa8443a,6970500b879273b0b83bb7a489716ace3a254448e313c9392b1c8d699aa8443a#clause_0025,25,subsidy_rule,4.采暖末端补贴对山区镇乡“煤改电”村庄，按照最终审计安装空气源热泵水暖机的总户数，2000元/户的标准给予补贴。,,,,,,,,,,,,,,,,,,,,step7b_iterB_rulefix,strict_all
Clause:6970500b879273b0b83bb7a489716ace3a254448e313c9392b1c8d699aa8443a#clause_0026,Clause,,6970500b879273b0b83bb7a489716ace3a254448e313c9392b1c8d699aa8443a,6970500b879273b0b83bb7a489716ace3a254448e313c9392b1c8d699aa8443a#clause_0026,26,subsidy_rule,按照最终审计安装空气源热泵水暖机的总户数，2000元/户的标准给予补贴。资金拨付至各镇乡，由各镇乡政府统筹用于取暖“煤改电”村庄住户取暖末端改造。5.配网改造占地和地上物腾退补偿在配网改造过程中所发生的占地、地上物腾退补偿，拆迁、评估、审计等取费标准，参照《2017年怀柔农村地区“煤改清洁能源”改造工程地上物腾退补偿实施方案》执行。镇乡负责聘请拆迁和评估公司；区农业农村局负责聘请第三方会计师事务所开展全过程审计，区财政局依据全过程审计结果全额支付相关费用。,,,,,,,,,,,,,,,,,,,,step7b_iterB_rulefix,strict_all
Clause:6a7e111c32163a3064cb3a8b142ab699ba281a3113b7244d73979c6567c58c92#clause_0001,Clause,,6a7e111c32163a3064cb3a8b142ab699ba281a3113b7244d73979c6567c58c92,6a7e111c32163a3064cb3a8b142ab699ba281a3113b7244d73979c6567c58c92#clause_0001,1,time_rule,调整后的高峰时段为7月、8月、9月为16:00-24:00，其他月份为8:00-11:00、16:00-21:00；低谷时段为0:00-9:00；,,,,,,,,,,,,,,,,,,,,step7b_iterB_rulefix,strict_all
Clause:6a7e111c32163a3064cb3a8b142ab699ba281a3113b7244d73979c6567c58c92#clause_0002,Clause,,6a7e111c32163a3064cb3a8b142ab699ba281a3113b7244d73979c6567c58c92,6a7e111c32163a3064cb3a8b142ab699ba281a3113b7244d73979c6567c58c92#clause_0002,2,pricing_rule,季节性高峰电价上浮84.3%，其他月份上浮74%；低谷电价下浮61.8%；尖峰电价在高峰基础上上浮20%。,,,,,,,,,,,,,,,,,,,,step7b_iterB_rulefix,strict_all
Clause:6c3f38914bf7d624cb58e0b3fc02c0ffc21ee712e07549dd930cb57858df5ee7#clause_0000,Clause,,6c3f38914bf7d624cb58e0b3fc02c0ffc21ee712e07549dd930cb57858df5ee7,6c3f38914bf7d624cb58e0b3fc02c0ffc21ee712e07549dd930cb57858df5ee7#clause_0000,0,task_assessment,"<h2>file:《关于印发河津市2024年冬季清洁取暖工作实施方案》.txt</h2>
2024年5月23日	关于印发河津市2024年冬季清洁取暖工作实施方案的通知	　2024年11月15日前，全市完成冬季清洁取暖改造“煤改电”13838户任务，具体数据以验收为准。",,,,,,,,,,,,,,,,,,,,step7b_iterB_rulefix,strict_all
Clause:6c3f38914bf7d624cb58e0b3fc02c0ffc21ee712e07549dd930cb57858df5ee7#clause_0001,Clause,,6c3f38914bf7d624cb58e0b3fc02c0ffc21ee712e07549dd930cb57858df5ee7,6c3f38914bf7d624cb58e0b3fc02c0ffc21ee712e07549dd930cb57858df5ee7#clause_0001,1,table_row_clause,2024年5月23日	关于印发河津市2024年冬季清洁取暖工作实施方案的通知	　2024年11月15日前，全市完成冬季清洁取暖改造“煤改电”13838户任务，具体数据以验收为准。,,,,,,,,,,,,,,,,,,,,step7b_iterB_rulefix,strict_all
Clause:6ca5d9d44b93a3440cc8f24b4feda441563e6841021017b2c5db628a6976c9f5#clause_0001,Clause,,6ca5d9d44b93a3440cc8f24b4feda441563e6841021017b2c5db628a6976c9f5,6ca5d9d44b93a3440cc8f24b4feda441563e6841021017b2c5db628a6976c9f5#clause_0001,1,subsidy_rule,怀农发〔2022〕18号	《怀柔区2022年农村地区“减煤换煤”工程实施方案》	（一）取暖“煤改电”凡在上述实施范围内且具有北京市户籍的农村住户、村级公益性活动场所（如村委会、老年活动站、公共浴室等）和籽种农业设施，可分别享受以下政策补贴。1.取暖电价补贴（1）补贴范围已实施整村取暖“煤改电”的农村住户；镇乡（街道）辖区具备电力供应条件，经用户申请，区供电公司、区农业农村局、镇乡（街道）、村委会共同审核确认，且更换为电采暖专用表的本区自行“煤改电”住户，可享受取暖电价补贴。（2）补贴标准对享受取暖“煤改电”电价补贴的住户，取消阶梯电价。在每年采暖季（本年度11月1日—下年度3月31日）低谷电价时段（晚20:00至次日早8:00），在享受低谷段优惠电价0.3元/度的基础上，由市、区两级财政各补贴0.1元/度，每户用电补贴最高1万度。2.户内线路改造资金。用户电表以下至电采暖设备的户内线路部分,,,,,,,,,,,,,,,,,,,,step7b_iterB_rulefix,strict_all
Clause:6ca5d9d44b93a3440cc8f24b4feda441563e6841021017b2c5db628a6976c9f5#clause_0007,Clause,,6ca5d9d44b93a3440cc8f24b4feda441563e6841021017b2c5db628a6976c9f5,6ca5d9d44b93a3440cc8f24b4feda441563e6841021017b2c5db628a6976c9f5#clause_0007,7,subsidy_rule,在每年采暖季（本年度11月1日—下年度3月31日）低谷电价时段（晚20:00至次日早8:00），在享受低谷段优惠电价0.3元/度的基础上，由市、区两级财政各补贴0.1元/度，每户用电补贴最高1万度。2.户内线路改造资金。,,,,,,,,,,,,,,,,,,,,step7b_iterB_rulefix,strict_all
Clause:6ca5d9d44b93a3440cc8f24b4feda441563e6841021017b2c5db628a6976c9f5#clause_0009,Clause,,6ca5d9d44b93a3440cc8f24b4feda441563e6841021017b2c5db628a6976c9f5,6ca5d9d44b93a3440cc8f24b4feda441563e6841021017b2c5db628a6976c9f5#clause_0009,9,subsidy_rule,按照相关规范要求统一组织实施。区财政按照空气源热泵水暖机1500元/户，空气源热泵热风机、蓄能电暖气2000元/户的标准安排资金。3.设备购置补贴。空气源热泵水暖机、空气源热泵热风机、蓄能式电暖气属于补贴范围，按照以下标准给予补贴，其余部分住户自筹。（1）农村住户空气源热泵水暖机：按照现有房屋采暖建筑面积补贴200元/平方米，最高不超过24000元（市、区财政各补贴100元/平方米）。空气源热泵热风机：按照设备购置费用80%的标准给予补贴，最高不超过24000元。蓄能式电暖气：按照设备购置费用80%的标准给予补贴，最高不超过8000元（其中市财政补贴设备购置费用的三分之一，不足部分由区财政补贴）。对经区民政局认定的低保户、低收入家庭和区退役军人事务局确认的享受定期抚恤和生活补助的烈属个人承担的自筹电采暖设备购置费用由区财政再给予80%的补贴，对经区民政局认定的特困人员（五保户）给予100%,,,,,,,,,,,,,,,,,,,,step7b_iterB_rulefix,strict_all
Clause:6ca5d9d44b93a3440cc8f24b4feda441563e6841021017b2c5db628a6976c9f5#clause_0010,Clause,,6ca5d9d44b93a3440cc8f24b4feda441563e6841021017b2c5db628a6976c9f5,6ca5d9d44b93a3440cc8f24b4feda441563e6841021017b2c5db628a6976c9f5#clause_0010,10,subsidy_rule,区财政按照空气源热泵水暖机1500元/户，空气源热泵热风机、蓄能电暖气2000元/户的标准安排资金。3.设备购置补贴。,,,,,,,,,,,,,,,,,,,,step7b_iterB_rulefix,strict_all
Clause:6ca5d9d44b93a3440cc8f24b4feda441563e6841021017b2c5db628a6976c9f5#clause_0012,Clause,,6ca5d9d44b93a3440cc8f24b4feda441563e6841021017b2c5db628a6976c9f5,6ca5d9d44b93a3440cc8f24b4feda441563e6841021017b2c5db628a6976c9f5#clause_0012,12,subsidy_rule,（1）农村住户空气源热泵水暖机：按照现有房屋采暖建筑面积补贴200元/平方米，最高不超过24000元（市、区财政各补贴100元/平方米）。,,,,,,,,,,,,,,,,,,,,step7b_iterB_rulefix,strict_all
Clause:6ca5d9d44b93a3440cc8f24b4feda441563e6841021017b2c5db628a6976c9f5#clause_0013,Clause,,6ca5d9d44b93a3440cc8f24b4feda441563e6841021017b2c5db628a6976c9f5,6ca5d9d44b93a3440cc8f24b4feda441563e6841021017b2c5db628a6976c9f5#clause_0013,13,subsidy_rule,空气源热泵热风机：按照设备购置费用80%的标准给予补贴，最高不超过24000元。,,,,,,,,,,,,,,,,,,,,step7b_iterB_rulefix,strict_all
Clause:6ca5d9d44b93a3440cc8f24b4feda441563e6841021017b2c5db628a6976c9f5#clause_0014,Clause,,6ca5d9d44b93a3440cc8f24b4feda441563e6841021017b2c5db628a6976c9f5,6ca5d9d44b93a3440cc8f24b4feda441563e6841021017b2c5db628a6976c9f5#clause_0014,14,subsidy_rule,蓄能式电暖气：按照设备购置费用80%的标准给予补贴，最高不超过8000元（其中市财政补贴设备购置费用的三分之一，不足部分由区财政补贴）。,,,,,,,,,,,,,,,,,,,,step7b_iterB_rulefix,strict_all
Clause:6ca5d9d44b93a3440cc8f24b4feda441563e6841021017b2c5db628a6976c9f5#clause_0015,Clause,,6ca5d9d44b93a3440cc8f24b4feda441563e6841021017b2c5db628a6976c9f5,6ca5d9d44b93a3440cc8f24b4feda441563e6841021017b2c5db628a6976c9f5#clause_0015,15,subsidy_rule,对经区民政局认定的低保户、低收入家庭和区退役军人事务局确认的享受定期抚恤和生活补助的烈属个人承担的自筹电采暖设备购置费用由区财政再给予80%的补贴，对经区民政局认定的特困人员（五保户）给予100%的补贴。低保户、低收入家庭、烈属、特困人员,,,,,,,,,,,,,,,,,,,,step7b_iterB_rulefix,strict_all
Clause:6ca5d9d44b93a3440cc8f24b4feda441563e6841021017b2c5db628a6976c9f5#clause_0019,Clause,,6ca5d9d44b93a3440cc8f24b4feda441563e6841021017b2c5db628a6976c9f5,6ca5d9d44b93a3440cc8f24b4feda441563e6841021017b2c5db628a6976c9f5#clause_0019,19,subsidy_rule,即1个户主姓名对应1个电表编号，只享受1次补贴，特殊情况由各镇乡政府、村委会共同认定。对住户有特殊需求的设备机型，在政府补贴标准不变的情况下，设备价格可由住户与中标企业协商。（2）村级公益性活动场所村级公益性活动场所取暖“煤改电”改造费用，按照上一年度区统计局统计年报的村庄户数实行定额补贴，500户以下、500户以上（含）的村庄分别补贴16.2万元/村（市财政补贴1.2万元，区财政补贴15万元）和17.4万元/村（市财政补贴2.4万元，区财政补贴15万元），由区财政拨付到各镇乡政府统筹用于村级公益性活动场所取暖“煤改电”，不足部分由各村自筹。（3）籽种农业设施具备电力供应条件的籽种农业设施实施的取暖“煤改电”改造项目，市财政补贴取暖设备购置费的20%，其余部分由籽种农业设施园区自行承担。工程改造完成并通过验收后，由区财政将补贴资金直接拨付到籽种农业设施园区。4.采暖末端补贴对山区镇乡“煤改,,,,,,,,,,,,,,,,,,,,step7b_iterB_rulefix,strict_all
Clause:6ca5d9d44b93a3440cc8f24b4feda441563e6841021017b2c5db628a6976c9f5#clause_0021,Clause,,6ca5d9d44b93a3440cc8f24b4feda441563e6841021017b2c5db628a6976c9f5,6ca5d9d44b93a3440cc8f24b4feda441563e6841021017b2c5db628a6976c9f5#clause_0021,21,subsidy_rule,（2）村级公益性活动场所村级公益性活动场所取暖“煤改电”改造费用，按照上一年度区统计局统计年报的村庄户数实行定额补贴，500户以下、500户以上,,,,,,,,,,,,,,,,,,,,step7b_iterB_rulefix,strict_all
Clause:6ca5d9d44b93a3440cc8f24b4feda441563e6841021017b2c5db628a6976c9f5#clause_0022,Clause,,6ca5d9d44b93a3440cc8f24b4feda441563e6841021017b2c5db628a6976c9f5,6ca5d9d44b93a3440cc8f24b4feda441563e6841021017b2c5db628a6976c9f5#clause_0022,22,subsidy_rule,（含）的村庄分别补贴16.2万元/村（市财政补贴1.2万元，区财政补贴15万元）和17.4万元/村（市财政补贴2.4万元，区财政补贴15万元），由区财政拨付到各镇乡政府统筹用于村级公益性活动场所取暖“煤改电”，不足部分由各村自筹。,,,,,,,,,,,,,,,,,,,,step7b_iterB_rulefix,strict_all
Clause:6ca5d9d44b93a3440cc8f24b4feda441563e6841021017b2c5db628a6976c9f5#clause_0023,Clause,,6ca5d9d44b93a3440cc8f24b4feda441563e6841021017b2c5db628a6976c9f5,6ca5d9d44b93a3440cc8f24b4feda441563e6841021017b2c5db628a6976c9f5#clause_0023,23,subsidy_rule,（3）籽种农业设施具备电力供应条件的籽种农业设施实施的取暖“煤改电”改造项目，市财政补贴取暖设备购置费的20%，其余部分由籽种农业设施园区自行承担。,,,,,,,,,,,,,,,,,,,,step7b_iterB_rulefix,strict_all
Clause:6ca5d9d44b93a3440cc8f24b4feda441563e6841021017b2c5db628a6976c9f5#clause_0025,Clause,,6ca5d9d44b93a3440cc8f24b4feda441563e6841021017b2c5db628a6976c9f5,6ca5d9d44b93a3440cc8f24b4feda441563e6841021017b2c5db628a6976c9f5#clause_0025,25,subsidy_rule,4.采暖末端补贴对山区镇乡“煤改电”村庄，按照最终审计安装空气源热泵水暖机的总户数，2000元/户的标准给予补贴。,,,,,,,,,,,,,,,,,,,,step7b_iterB_rulefix,strict_all
Clause:6ca5d9d44b93a3440cc8f24b4feda441563e6841021017b2c5db628a6976c9f5#clause_0026,Clause,,6ca5d9d44b93a3440cc8f24b4feda441563e6841021017b2c5db628a6976c9f5,6ca5d9d44b93a3440cc8f24b4feda441563e6841021017b2c5db628a6976c9f5#clause_0026,26,subsidy_rule,按照最终审计安装空气源热泵水暖机的总户数，2000元/户的标准给予补贴。资金拨付至各镇乡，由各镇乡政府统筹用于取暖“煤改电”村庄住户取暖末端改造。5.配网改造占地和地上物腾退补偿在配网改造过程中所发生的占地、地上物腾退补偿，拆迁、评估、审计等取费标准，参照《2017年怀柔农村地区“煤改清洁能源”改造工程地上物腾退补偿实施方案》执行。镇乡负责聘请拆迁和评估公司；区农业农村局负责聘请第三方会计师事务所开展全过程审计，区财政局依据全过程审计结果全额支付相关费用。,,,,,,,,,,,,,,,,,,,,step7b_iterB_rulefix,strict_all
Clause:6cb18e49eef7e01ce34c704b30e6ccb4c6e2697977a292460da68fe51b13ae6d#clause_0000,Clause,,6cb18e49eef7e01ce34c704b30e6ccb4c6e2697977a292460da68fe51b13ae6d,6cb18e49eef7e01ce34c704b30e6ccb4c6e2697977a292460da68fe51b13ae6d#clause_0000,0,subsidy_rule,《夏县2023-2024年度冬季清洁取暖“煤改电”“煤改气”运行补贴实施办法》2024-09-26  煤改电”：采暖用电每度电补贴0.1元，采暖季每户居民累计最高补贴1040元。,,,,,,,,,,,,,,,,,,,,step7b_iterB_rulefix,strict_all
Clause:6cb18e49eef7e01ce34c704b30e6ccb4c6e2697977a292460da68fe51b13ae6d#clause_0001,Clause,,6cb18e49eef7e01ce34c704b30e6ccb4c6e2697977a292460da68fe51b13ae6d,6cb18e49eef7e01ce34c704b30e6ccb4c6e2697977a292460da68fe51b13ae6d#clause_0001,1,table_row_clause,《夏县2023-2024年度冬季清洁取暖“煤改电”“煤改气”运行补贴实施办法》2024-09-26  煤改电”：采暖用电每度电补贴0.1元，采暖季每户居民累计最高补贴1040元。煤改气”：采暖用气每方气补贴1元，采暖季每户居民累计最高补贴1200元。（一）加强组织领导。（二）强化监督管理。（三）加大政策宣传。,,,,,,,,,,,,,,,,,,,,step7b_iterB_rulefix,strict_all
Clause:6cb18e49eef7e01ce34c704b30e6ccb4c6e2697977a292460da68fe51b13ae6d#clause_0002,Clause,,6cb18e49eef7e01ce34c704b30e6ccb4c6e2697977a292460da68fe51b13ae6d,6cb18e49eef7e01ce34c704b30e6ccb4c6e2697977a292460da68fe51b13ae6d#clause_0002,2,subsidy_rule,煤改气”：采暖用气每方气补贴1元，采暖季每户居民累计最高补贴1200元。（一）加强组织领导。（二）强化监督管理。（三）加大政策宣传。,,,,,,,,,,,,,,,,,,,,step7b_iterB_rulefix,strict_all
Clause:6ed6029ec536fdcb1c28233730ac3cff649d9109667a7f16206c20af41b9b4dc#clause_0000,Clause,,6ed6029ec536fdcb1c28233730ac3cff649d9109667a7f16206c20af41b9b4dc,6ed6029ec536fdcb1c28233730ac3cff649d9109667a7f16206c20af41b9b4dc#clause_0000,0,time_rule,"2021年10月26号 关于蒙西电网试行分时电价政策有关事项的通知 关于蒙东电网试行分时电价政策有关事项的通知
2021年11月1日起，蒙西电网大风季（1-5月、9-12月）和小风季（6-8月）分别调整了峰、平、谷时段分布，蒙东电网全年统一调整为峰时段8小时、平时段8小时、谷时段8小时。",,,,,,,,,,,,,,,,,,,,step7b_iterB_rulefix,strict_all
Clause:6ed6029ec536fdcb1c28233730ac3cff649d9109667a7f16206c20af41b9b4dc#clause_0001,Clause,,6ed6029ec536fdcb1c28233730ac3cff649d9109667a7f16206c20af41b9b4dc,6ed6029ec536fdcb1c28233730ac3cff649d9109667a7f16206c20af41b9b4dc#clause_0001,1,pricing_rule,峰谷价差在蒙西电网大风季分别上浮68%、下浮52%，小风季上浮54%、下浮56%，蒙东电网峰谷价差上浮68%、下浮52%。,,,,,,,,,,,,,,,,,,,,step7b_iterB_rulefix,strict_all
Clause:6f9e11a2d7c04d1e2e70825dcb404052e1219052d6c99430f5f25ebd988c1a72#clause_0001,Clause,,6f9e11a2d7c04d1e2e70825dcb404052e1219052d6c99430f5f25ebd988c1a72,6f9e11a2d7c04d1e2e70825dcb404052e1219052d6c99430f5f25ebd988c1a72#clause_0001,1,pricing_rule,本次阶梯电价政策按照用电量分为三档：第一档（0-180千瓦时）保持基础电价不变；,,,,,,,,,,,,,,,,,,,,step7b_iterB_rulefix,strict_all
Clause:6f9e11a2d7c04d1e2e70825dcb404052e1219052d6c99430f5f25ebd988c1a72#clause_0002,Clause,,6f9e11a2d7c04d1e2e70825dcb404052e1219052d6c99430f5f25ebd988c1a72,6f9e11a2d7c04d1e2e70825dcb404052e1219052d6c99430f5f25ebd988c1a72#clause_0002,2,other,第二档（181-400千瓦时）每千瓦时上调0.05元；第三档,,,,,,,,,,,,,,,,,,,,step7b_iterB_rulefix,strict_all
Clause:6f9e11a2d7c04d1e2e70825dcb404052e1219052d6c99430f5f25ebd988c1a72#clause_0003,Clause,,6f9e11a2d7c04d1e2e70825dcb404052e1219052d6c99430f5f25ebd988c1a72,6f9e11a2d7c04d1e2e70825dcb404052e1219052d6c99430f5f25ebd988c1a72#clause_0003,3,other,（401千瓦时及以上）每千瓦时上调0.30元。,,,,,,,,,,,,,,,,,,,,step7b_iterB_rulefix,strict_all
Clause:6f9e11a2d7c04d1e2e70825dcb404052e1219052d6c99430f5f25ebd988c1a72#clause_0005,Clause,,6f9e11a2d7c04d1e2e70825dcb404052e1219052d6c99430f5f25ebd988c1a72,6f9e11a2d7c04d1e2e70825dcb404052e1219052d6c99430f5f25ebd988c1a72#clause_0005,5,other,对城乡“低保户”和农村“五保户”，每户每月设置10千瓦时免费电量，并按月退费。,,,,,,,,,,,,,,,,,,,,step7b_iterB_rulefix,strict_all
Clause:75110d78adc122e8ba1872f733ac9249dc4c04b15561a0470a6fe757f54a20ab#clause_0001,Clause,,75110d78adc122e8ba1872f733ac9249dc4c04b15561a0470a6fe757f54a20ab,75110d78adc122e8ba1872f733ac9249dc4c04b15561a0470a6fe757f54a20ab#clause_0001,1,pricing_rule,对于“一户多人口”，每户家庭人数满5人及以上的，可申请每月增加100千瓦时的阶梯电量基数；,,,,,,,,,,,,,,,,,,,,step7b_iterB_rulefix,strict_all
Clause:75110d78adc122e8ba1872f733ac9249dc4c04b15561a0470a6fe757f54a20ab#clause_0003,Clause,,75110d78adc122e8ba1872f733ac9249dc4c04b15561a0470a6fe757f54a20ab,75110d78adc122e8ba1872f733ac9249dc4c04b15561a0470a6fe757f54a20ab#clause_0003,3,time_rule,困难群体方面，民政部门认定的最低生活保障对象、特困供养人员及特困职工家庭每户每月可享受15千瓦时的免费电量。本政策自2021年3月1日起执行。,,,,,,,,,,,,,,,,,,,,step7b_iterB_rulefix,strict_all
Clause:75833ff273a4d2d6f13f69723a049cea9e1c56a53db43bccd58d074ead1cd079#clause_0000,Clause,,75833ff273a4d2d6f13f69723a049cea9e1c56a53db43bccd58d074ead1cd079,75833ff273a4d2d6f13f69723a049cea9e1c56a53db43bccd58d074ead1cd079#clause_0000,0,task_assessment,"<h2>file:《关于印发河津市2024年冬季清洁取暖工作实施方案》.txt</h2>
2024年5月23日	关于印发河津市2024年冬季清洁取暖工作实施方案的通知	　2024年11月15日前，全市完成冬季清洁取暖改造“煤改电”13838户任务，具体数据以验收为准。",,,,,,,,,,,,,,,,,,,,step7b_iterB_rulefix,strict_all
Clause:75833ff273a4d2d6f13f69723a049cea9e1c56a53db43bccd58d074ead1cd079#clause_0001,Clause,,75833ff273a4d2d6f13f69723a049cea9e1c56a53db43bccd58d074ead1cd079,75833ff273a4d2d6f13f69723a049cea9e1c56a53db43bccd58d074ead1cd079#clause_0001,1,table_row_clause,2024年5月23日	关于印发河津市2024年冬季清洁取暖工作实施方案的通知	　2024年11月15日前，全市完成冬季清洁取暖改造“煤改电”13838户任务，具体数据以验收为准。,,,,,,,,,,,,,,,,,,,,step7b_iterB_rulefix,strict_all
Clause:7a29f52e1059b42ef81433d215f1c22c31c3949674d53979a4d2d151a5bb6cee#clause_0002,Clause,,7a29f52e1059b42ef81433d215f1c22c31c3949674d53979a4d2d151a5bb6cee,7a29f52e1059b42ef81433d215f1c22c31c3949674d53979a4d2d151a5bb6cee#clause_0002,2,pricing_rule,根据电力供需状况，峰段电价上浮64%，谷段电价下浮59%，并实施季节性电价调整。,,,,,,,,,,,,,,,,,,,,step7b_iterB_rulefix,strict_all
Clause:7b751605b49132dd141591500721a0a0aeef9413b412efd887a6985a4ada323a#clause_0001,Clause,,7b751605b49132dd141591500721a0a0aeef9413b412efd887a6985a4ada323a,7b751605b49132dd141591500721a0a0aeef9413b412efd887a6985a4ada323a#clause_0001,1,table_row_clause,2023年9月1日	《关于示范推进国际航线集装箱船舶和邮轮靠港使用岸电行动方案（2023-2025年）》	船舶受电设施安装率方面，到2024年底，国际邮轮公司在具备岸电供应能力的邮轮港口靠泊的邮轮具备受电设施。到2025年底，国际集装箱班轮公司挂靠具备岸电供应能力的港口的国际干线集装箱船舶（含自有及租赁船舶）的40％具备受电设施。港口码头岸电设施安装覆盖率方面，力争到2024年底，邮轮港口企业停靠邮轮的码头实现高压岸电设施100％全覆盖；到2025年底，国际枢纽海港相关集装箱港口企业停靠国际干线集装箱船舶的码头实现高压岸电设施90％覆盖。船港岸电常态化使用方面，到2023年底，具备使用条件的船舶和港口企业实现岸电常态化使用。码头岸电用电量方面，到2025年，国际干线集装箱船舶、邮轮靠泊岸电用电量较2022年大幅上升。,,,,,,,,,,,,,,,,,,,,step7b_iterB_rulefix,strict_all
Clause:7b751605b49132dd141591500721a0a0aeef9413b412efd887a6985a4ada323a#clause_0003,Clause,,7b751605b49132dd141591500721a0a0aeef9413b412efd887a6985a4ada323a,7b751605b49132dd141591500721a0a0aeef9413b412efd887a6985a4ada323a#clause_0003,3,other,（含自有及租赁船舶）的40％具备受电设施。,,,,,,,,,,,,,,,,,,,,step7b_iterB_rulefix,strict_all
Clause:7b751605b49132dd141591500721a0a0aeef9413b412efd887a6985a4ada323a#clause_0004,Clause,,7b751605b49132dd141591500721a0a0aeef9413b412efd887a6985a4ada323a,7b751605b49132dd141591500721a0a0aeef9413b412efd887a6985a4ada323a#clause_0004,4,time_rule,港口码头岸电设施安装覆盖率方面，力争到2024年底，邮轮港口企业停靠邮轮的码头实现高压岸电设施100％全覆盖；,,,,,,,,,,,,,,,,,,,,step7b_iterB_rulefix,strict_all
Clause:7b751605b49132dd141591500721a0a0aeef9413b412efd887a6985a4ada323a#clause_0005,Clause,,7b751605b49132dd141591500721a0a0aeef9413b412efd887a6985a4ada323a,7b751605b49132dd141591500721a0a0aeef9413b412efd887a6985a4ada323a#clause_0005,5,time_rule,到2025年底，国际枢纽海港相关集装箱港口企业停靠国际干线集装箱船舶的码头实现高压岸电设施90％覆盖。,,,,,,,,,,,,,,,,,,,,step7b_iterB_rulefix,strict_all
Clause:7e1dff3ee78977bc7e5f87b686fc7b8ccf4f78bd15144d2fd3f7c60c48ec3209#clause_0002,Clause,,7e1dff3ee78977bc7e5f87b686fc7b8ccf4f78bd15144d2fd3f7c60c48ec3209,7e1dff3ee78977bc7e5f87b686fc7b8ccf4f78bd15144d2fd3f7c60c48ec3209#clause_0002,2,time_rule,调整后的高峰时段为6:00-8:00、18:00-23:00；平时段为23:00-6:00,,,,,,,,,,,,,,,,,,,,step7b_iterB_rulefix,strict_all
Clause:7e1dff3ee78977bc7e5f87b686fc7b8ccf4f78bd15144d2fd3f7c60c48ec3209#clause_0003,Clause,,7e1dff3ee78977bc7e5f87b686fc7b8ccf4f78bd15144d2fd3f7c60c48ec3209,7e1dff3ee78977bc7e5f87b686fc7b8ccf4f78bd15144d2fd3f7c60c48ec3209#clause_0003,3,time_rule,（次日）、8:00-10:00、16:00-18:00；低谷时段为10:00-16:00。,,,,,,,,,,,,,,,,,,,,step7b_iterB_rulefix,strict_all
Clause:7e1dff3ee78977bc7e5f87b686fc7b8ccf4f78bd15144d2fd3f7c60c48ec3209#clause_0004,Clause,,7e1dff3ee78977bc7e5f87b686fc7b8ccf4f78bd15144d2fd3f7c60c48ec3209,7e1dff3ee78977bc7e5f87b686fc7b8ccf4f78bd15144d2fd3f7c60c48ec3209#clause_0004,4,time_rule,峰谷价差比例原则上不低于3:1，煤电在高峰时段上浮50%，低谷时段下浮50%；,,,,,,,,,,,,,,,,,,,,step7b_iterB_rulefix,strict_all
Clause:7e1dff3ee78977bc7e5f87b686fc7b8ccf4f78bd15144d2fd3f7c60c48ec3209#clause_0005,Clause,,7e1dff3ee78977bc7e5f87b686fc7b8ccf4f78bd15144d2fd3f7c60c48ec3209,7e1dff3ee78977bc7e5f87b686fc7b8ccf4f78bd15144d2fd3f7c60c48ec3209#clause_0005,5,time_rule,新能源电价浮动在高峰时段上浮30%，低谷时段下浮30%。对于特定时期,,,,,,,,,,,,,,,,,,,,step7b_iterB_rulefix,strict_all
Clause:7e1dff3ee78977bc7e5f87b686fc7b8ccf4f78bd15144d2fd3f7c60c48ec3209#clause_0006,Clause,,7e1dff3ee78977bc7e5f87b686fc7b8ccf4f78bd15144d2fd3f7c60c48ec3209,7e1dff3ee78977bc7e5f87b686fc7b8ccf4f78bd15144d2fd3f7c60c48ec3209#clause_0006,6,time_rule,（如尖峰和深谷时段），相应电价浮动比例分别为80%。,,,,,,,,,,,,,,,,,,,,step7b_iterB_rulefix,strict_all
Clause:7ed0773389be1fab4cf4b39fd715e035135ac2f3585caf8e1b63b0017de0c7c9#clause_0002,Clause,,7ed0773389be1fab4cf4b39fd715e035135ac2f3585caf8e1b63b0017de0c7c9,7ed0773389be1fab4cf4b39fd715e035135ac2f3585caf8e1b63b0017de0c7c9#clause_0002,2,pricing_rule,第一档电耗标准为13650千瓦时，每千瓦时电价不加价；,,,,,,,,,,,,,,,,,,,,step7b_iterB_rulefix,strict_all
Clause:7ed0773389be1fab4cf4b39fd715e035135ac2f3585caf8e1b63b0017de0c7c9#clause_0003,Clause,,7ed0773389be1fab4cf4b39fd715e035135ac2f3585caf8e1b63b0017de0c7c9,7ed0773389be1fab4cf4b39fd715e035135ac2f3585caf8e1b63b0017de0c7c9#clause_0003,3,pricing_rule,超过标准的部分，每超过20千瓦时，电价加收0.01元。,,,,,,,,,,,,,,,,,,,,step7b_iterB_rulefix,strict_all
Clause:7ed0773389be1fab4cf4b39fd715e035135ac2f3585caf8e1b63b0017de0c7c9#clause_0004,Clause,,7ed0773389be1fab4cf4b39fd715e035135ac2f3585caf8e1b63b0017de0c7c9,7ed0773389be1fab4cf4b39fd715e035135ac2f3585caf8e1b63b0017de0c7c9#clause_0004,4,time_rule,自2023年起，分档标准逐步调整为13450千瓦时，并于2025年进一步调整为13300千瓦时。,,,,,,,,,,,,,,,,,,,,step7b_iterB_rulefix,strict_all
Clause:7ed0773389be1fab4cf4b39fd715e035135ac2f3585caf8e1b63b0017de0c7c9#clause_0005,Clause,,7ed0773389be1fab4cf4b39fd715e035135ac2f3585caf8e1b63b0017de0c7c9,7ed0773389be1fab4cf4b39fd715e035135ac2f3585caf8e1b63b0017de0c7c9#clause_0005,5,pricing_rule,对于消耗非水可再生能源超过15%的电解铝企业，阶梯电价加价标准适当降低。,,,,,,,,,,,,,,,,,,,,step7b_iterB_rulefix,strict_all
Clause:7f64d12d77538daeb634de40f7634de40d034d5512fa29948f5af09d83039026#clause_0000,Clause,,7f64d12d77538daeb634de40f7634de40d034d5512fa29948f5af09d83039026,7f64d12d77538daeb634de40f7634de40d034d5512fa29948f5af09d83039026#clause_0000,0,time_rule,"<h2>file:《关于大气污染防治行动计划的通知》.txt</h2>
2013年9月10日    国务院关于印发大气污染防治行动计划的通知
到2017年，全国地级及以上城市可吸入颗粒物浓度比2012年下降10%以上，优良天数逐年提高；",,,,,,,,,,,,,,,,,,,,step7b_iterB_rulefix,strict_all
Clause:7f64d12d77538daeb634de40f7634de40d034d5512fa29948f5af09d83039026#clause_0002,Clause,,7f64d12d77538daeb634de40f7634de40d034d5512fa29948f5af09d83039026,7f64d12d77538daeb634de40f7634de40d034d5512fa29948f5af09d83039026#clause_0002,2,other,京津冀、长三角、珠三角等区域细颗粒物浓度分别下降25%、20%、15%左右，其中北京市细颗粒物年均浓度控制在60微克/立方米左右。,,,,,,,,,,,,,,,,,,,,step7b_iterB_rulefix,strict_all
Clause:819c31e2886f7e8adcaade88373bb32f7768902a56246226666f0aeddd11bb1b#clause_0001,Clause,,819c31e2886f7e8adcaade88373bb32f7768902a56246226666f0aeddd11bb1b,819c31e2886f7e8adcaade88373bb32f7768902a56246226666f0aeddd11bb1b#clause_0001,1,time_rule,自2022年4月1日起，居民和农业电量执行既定趸售目录电价，工商业电量价格由市场交易或代理购电价格、输配电价及政府性基金构成，其中2022年输配电价暂按0.1元/千瓦时执行，2023年按新标准执行。,,,,,,,,,,,,,,,,,,,,step7b_iterB_rulefix,strict_all
Clause:819c31e2886f7e8adcaade88373bb32f7768902a56246226666f0aeddd11bb1b#clause_0002,Clause,,819c31e2886f7e8adcaade88373bb32f7768902a56246226666f0aeddd11bb1b,819c31e2886f7e8adcaade88373bb32f7768902a56246226666f0aeddd11bb1b#clause_0002,2,pricing_rule,分时电价中，燃煤发电基准价以外的价格浮动纳入分时电价计算，月度分时平均浮动电价在1、7、8、9、12月为0.09729元/千瓦时，其余月份为0.0634元/千瓦时。,,,,,,,,,,,,,,,,,,,,step7b_iterB_rulefix,strict_all
Clause:8293b970f4e2ac1c39653b3e5937d089fbcd1b69315da4d962c2e805f3a1ca2e#clause_0001,Clause,,8293b970f4e2ac1c39653b3e5937d089fbcd1b69315da4d962c2e805f3a1ca2e,8293b970f4e2ac1c39653b3e5937d089fbcd1b69315da4d962c2e805f3a1ca2e#clause_0001,1,pricing_rule,第一档电量为每户每月180千瓦时及以下，电价按现行标准执行；,,,,,,,,,,,,,,,,,,,,step7b_iterB_rulefix,strict_all
Clause:8293b970f4e2ac1c39653b3e5937d089fbcd1b69315da4d962c2e805f3a1ca2e#clause_0002,Clause,,8293b970f4e2ac1c39653b3e5937d089fbcd1b69315da4d962c2e805f3a1ca2e,8293b970f4e2ac1c39653b3e5937d089fbcd1b69315da4d962c2e805f3a1ca2e#clause_0002,2,time_rule,第二档电量为每户每月180至260千瓦时，电价上调0.05元/千瓦时；,,,,,,,,,,,,,,,,,,,,step7b_iterB_rulefix,strict_all
Clause:8293b970f4e2ac1c39653b3e5937d089fbcd1b69315da4d962c2e805f3a1ca2e#clause_0003,Clause,,8293b970f4e2ac1c39653b3e5937d089fbcd1b69315da4d962c2e805f3a1ca2e,8293b970f4e2ac1c39653b3e5937d089fbcd1b69315da4d962c2e805f3a1ca2e#clause_0003,3,pricing_rule,第三档电量为每户每月260千瓦时以上，电价上调0.30元/千瓦时。,,,,,,,,,,,,,,,,,,,,step7b_iterB_rulefix,strict_all
Clause:8293b970f4e2ac1c39653b3e5937d089fbcd1b69315da4d962c2e805f3a1ca2e#clause_0004,Clause,,8293b970f4e2ac1c39653b3e5937d089fbcd1b69315da4d962c2e805f3a1ca2e,8293b970f4e2ac1c39653b3e5937d089fbcd1b69315da4d962c2e805f3a1ca2e#clause_0004,4,other,城乡低保户和农村五保户家庭的每月用电量前10千瓦时免费。,,,,,,,,,,,,,,,,,,,,step7b_iterB_rulefix,strict_all
Clause:8293b970f4e2ac1c39653b3e5937d089fbcd1b69315da4d962c2e805f3a1ca2e#clause_0005,Clause,,8293b970f4e2ac1c39653b3e5937d089fbcd1b69315da4d962c2e805f3a1ca2e,8293b970f4e2ac1c39653b3e5937d089fbcd1b69315da4d962c2e805f3a1ca2e#clause_0005,5,time_rule,分档电量标准按年计算，超过2160千瓦时部分将适用第二档或第三档电价。电价调整自2012年7月1日起执行。,,,,,,,,,,,,,,,,,,,,step7b_iterB_rulefix,strict_all
Clause:83348a380b3b3d6a053a6b89707affb993adc6db4dd70aed9d2fc76779e202b5#clause_0001,Clause,,83348a380b3b3d6a053a6b89707affb993adc6db4dd70aed9d2fc76779e202b5,83348a380b3b3d6a053a6b89707affb993adc6db4dd70aed9d2fc76779e202b5#clause_0001,1,subsidy_rule,"2024年12月18日	《2024-2025年咸阳市采暖季清洁取暖运行补贴政策》	
""补贴标准600元/户/采暖季，每户根据不同取暖方式只能享受一种清洁取暖方式运行补贴。",,,,,,,,,,,,,,,,,,,,step7b_iterB_rulefix,strict_all
Clause:83348a380b3b3d6a053a6b89707affb993adc6db4dd70aed9d2fc76779e202b5#clause_0002,Clause,,83348a380b3b3d6a053a6b89707affb993adc6db4dd70aed9d2fc76779e202b5,83348a380b3b3d6a053a6b89707affb993adc6db4dd70aed9d2fc76779e202b5#clause_0002,2,subsidy_rule,"中央和省级财政承担240元/户/采暖季，市级财政承担180元/户/采暖季，
各县市区财政承担不低于180元/户/采暖季，也可结合各自财力情况和运行情况适度提高补贴标准。",,,,,,,,,,,,,,,,,,,,step7b_iterB_rulefix,strict_all
Clause:83348a380b3b3d6a053a6b89707affb993adc6db4dd70aed9d2fc76779e202b5#clause_0006,Clause,,83348a380b3b3d6a053a6b89707affb993adc6db4dd70aed9d2fc76779e202b5,83348a380b3b3d6a053a6b89707affb993adc6db4dd70aed9d2fc76779e202b5#clause_0006,6,time_rule,"（不少于两个月）
完成生物质专用颗粒燃料采购，采暖季前发放到户。",,,,,,,,,,,,,,,,,,,,step7b_iterB_rulefix,strict_all
Clause:856652d4d7364977a05a7a183b892b5d146cb65bbc1a45dd030bcf53c76f25b3#clause_0001,Clause,,856652d4d7364977a05a7a183b892b5d146cb65bbc1a45dd030bcf53c76f25b3,856652d4d7364977a05a7a183b892b5d146cb65bbc1a45dd030bcf53c76f25b3#clause_0001,1,pricing_rule,第一档电量为每月180千瓦时及以下，维持现行价格不加价；,,,,,,,,,,,,,,,,,,,,step7b_iterB_rulefix,strict_all
Clause:856652d4d7364977a05a7a183b892b5d146cb65bbc1a45dd030bcf53c76f25b3#clause_0002,Clause,,856652d4d7364977a05a7a183b892b5d146cb65bbc1a45dd030bcf53c76f25b3,856652d4d7364977a05a7a183b892b5d146cb65bbc1a45dd030bcf53c76f25b3#clause_0002,2,other,第二档电量为181-350千瓦时，价格在第一档基础上每千瓦时提高0.05元；,,,,,,,,,,,,,,,,,,,,step7b_iterB_rulefix,strict_all
Clause:856652d4d7364977a05a7a183b892b5d146cb65bbc1a45dd030bcf53c76f25b3#clause_0003,Clause,,856652d4d7364977a05a7a183b892b5d146cb65bbc1a45dd030bcf53c76f25b3,856652d4d7364977a05a7a183b892b5d146cb65bbc1a45dd030bcf53c76f25b3#clause_0003,3,other,第三档电量为351千瓦时及以上，价格在第一档基础上每千瓦时提高0.3元。,,,,,,,,,,,,,,,,,,,,step7b_iterB_rulefix,strict_all
Clause:856652d4d7364977a05a7a183b892b5d146cb65bbc1a45dd030bcf53c76f25b3#clause_0004,Clause,,856652d4d7364977a05a7a183b892b5d146cb65bbc1a45dd030bcf53c76f25b3,856652d4d7364977a05a7a183b892b5d146cb65bbc1a45dd030bcf53c76f25b3#clause_0004,4,time_rule,年累计用电量在2160千瓦时及以下的按第一档执行，2161千瓦时至4200千瓦时的按第二档执行，4201千瓦时及以上的按第三档执行。,,,,,,,,,,,,,,,,,,,,step7b_iterB_rulefix,strict_all
Clause:85f4b58cc76ff64db857d8c4b587b2d911ae13a29f7c836d636ef07c2efd6e24#clause_0004,Clause,,85f4b58cc76ff64db857d8c4b587b2d911ae13a29f7c836d636ef07c2efd6e24,85f4b58cc76ff64db857d8c4b587b2d911ae13a29f7c836d636ef07c2efd6e24#clause_0004,4,subsidy_rule,2016-2018年采用的奖励标准分别不超过项目设施设备购置费的60%、50%、 40％。,,,,,,,,,,,,,,,,,,,,step7b_iterB_rulefix,strict_all
Clause:869f1167336d179cdaad4a6fe47e4b0f5ad79fa8075d3bd91d28203f0c8b3282#clause_0001,Clause,,869f1167336d179cdaad4a6fe47e4b0f5ad79fa8075d3bd91d28203f0c8b3282,869f1167336d179cdaad4a6fe47e4b0f5ad79fa8075d3bd91d28203f0c8b3282#clause_0001,1,time_rule,2016—2020年，实现能源终端消费环节电能替代散烧煤、燃油消费总量约1.3亿吨标煤，带动电煤占煤炭消费比重提高约1.9%，带动电能占终端能源消费比重提高约1.5%，促进电能占终端能源消费比重达到约27%。,,,,,,,,,,,,,,,,,,,,step7b_iterB_rulefix,strict_all
Clause:872f329b829fabeae485580e6ea8ffc598cb678cf546ae789f8ed60a40bf8ae6#clause_0002,Clause,,872f329b829fabeae485580e6ea8ffc598cb678cf546ae789f8ed60a40bf8ae6,872f329b829fabeae485580e6ea8ffc598cb678cf546ae789f8ed60a40bf8ae6#clause_0002,2,pricing_rule,第一档为每月不超过220度的电量，电价保持每度0.49元不变；,,,,,,,,,,,,,,,,,,,,step7b_iterB_rulefix,strict_all
Clause:872f329b829fabeae485580e6ea8ffc598cb678cf546ae789f8ed60a40bf8ae6#clause_0003,Clause,,872f329b829fabeae485580e6ea8ffc598cb678cf546ae789f8ed60a40bf8ae6,872f329b829fabeae485580e6ea8ffc598cb678cf546ae789f8ed60a40bf8ae6#clause_0003,3,time_rule,第二档为每月221至400度之间的电量，电价每度0.54元，比第一档提高0.05元；,,,,,,,,,,,,,,,,,,,,step7b_iterB_rulefix,strict_all
Clause:872f329b829fabeae485580e6ea8ffc598cb678cf546ae789f8ed60a40bf8ae6#clause_0004,Clause,,872f329b829fabeae485580e6ea8ffc598cb678cf546ae789f8ed60a40bf8ae6,872f329b829fabeae485580e6ea8ffc598cb678cf546ae789f8ed60a40bf8ae6#clause_0004,4,pricing_rule,第三档为每月超过400度的电量，电价每度0.79元，比第一档提高0.3元；居民阶梯电价以年度为周期结算。,,,,,,,,,,,,,,,,,,,,step7b_iterB_rulefix,strict_all
Clause:881491ec6e32e0e2abc98ea7df793609e0167cc5202791da22a326af5e787a2c#clause_0005,Clause,,881491ec6e32e0e2abc98ea7df793609e0167cc5202791da22a326af5e787a2c,881491ec6e32e0e2abc98ea7df793609e0167cc5202791da22a326af5e787a2c#clause_0005,5,other,一批机器人核心技术和高端产品取得突破，整机综合指标达到国际先进水平，关键零部件性能和可靠性达到国际同类产品水平。机器人产业营业收入年均增速超过20%。,,,,,,,,,,,,,,,,,,,,step7b_iterB_rulefix,strict_all
Clause:88741f01ecfe3abf37bb1d0d44c17bad4304be617de9deefdeb893a60fd9290e#clause_0012,Clause,,88741f01ecfe3abf37bb1d0d44c17bad4304be617de9deefdeb893a60fd9290e,88741f01ecfe3abf37bb1d0d44c17bad4304be617de9deefdeb893a60fd9290e#clause_0012,12,time_rule,到2030年，营运交通工具单位换算周转量碳排放强度比2020年下降9.5%左右。,,,,,,,,,,,,,,,,,,,,step7b_iterB_rulefix,strict_all
Clause:8892852e8071ae32c3725e87e81968070485fe999feb530a747dad8a040341e0#clause_0000,Clause,,8892852e8071ae32c3725e87e81968070485fe999feb530a747dad8a040341e0,8892852e8071ae32c3725e87e81968070485fe999feb530a747dad8a040341e0#clause_0000,0,time_rule,"<h2>file:《关于延续和优化新能源汽车车辆购置税减免政策的公告》.txt</h2>
2023年6月19日	《关于延续和优化新能源汽车车辆购置税减免政策的公告》	一、对购置日期在2024年1月1日至2025年12月31日期间的新能源汽车免征车辆购置税，其中，每辆新能源乘用车免税额不超过3万元；",,,,,,,,,,,,,,,,,,,,step7b_iterB_rulefix,strict_all
Clause:8892852e8071ae32c3725e87e81968070485fe999feb530a747dad8a040341e0#clause_0001,Clause,,8892852e8071ae32c3725e87e81968070485fe999feb530a747dad8a040341e0,8892852e8071ae32c3725e87e81968070485fe999feb530a747dad8a040341e0#clause_0001,1,table_row_clause,2023年6月19日	《关于延续和优化新能源汽车车辆购置税减免政策的公告》	一、对购置日期在2024年1月1日至2025年12月31日期间的新能源汽车免征车辆购置税，其中，每辆新能源乘用车免税额不超过3万元；对购置日期在2026年1月1日至2027年12月31日期间的新能源汽车减半征收车辆购置税，其中，每辆新能源乘用车减税额不超过1.5万元。,,,,,,,,,,,,,,,,,,,,step7b_iterB_rulefix,strict_all
Clause:8892852e8071ae32c3725e87e81968070485fe999feb530a747dad8a040341e0#clause_0002,Clause,,8892852e8071ae32c3725e87e81968070485fe999feb530a747dad8a040341e0,8892852e8071ae32c3725e87e81968070485fe999feb530a747dad8a040341e0#clause_0002,2,time_rule,对购置日期在2026年1月1日至2027年12月31日期间的新能源汽车减半征收车辆购置税，其中，每辆新能源乘用车减税额不超过1.5万元。,,,,,,,,,,,,,,,,,,,,step7b_iterB_rulefix,strict_all
Clause:8a38fc0ed229ca59f4e8c0338588ed972cd97c0a52ee067064d2d696dd9021bd#clause_0001,Clause,,8a38fc0ed229ca59f4e8c0338588ed972cd97c0a52ee067064d2d696dd9021bd,8a38fc0ed229ca59f4e8c0338588ed972cd97c0a52ee067064d2d696dd9021bd#clause_0001,1,table_row_clause,2024-09-11 	《永春县设施农业温室大棚政策》	起补面积：类温室大棚的起补面积分别为智能温室2亩、智能温控大棚一10亩、智能温控大棚二10亩、温室大棚一20亩、温室大棚二20亩、温室大棚三20亩。多棚型申报的合计起补面积以其中起补要求高的为准。基本补助标准：参照原六类省定温室大棚补助标准，叠加市级补贴后，即：智能温室每亩10万元、智能温控大棚一每亩5万元(其中未配备外遮阳系统的智能温控大棚一基本补助标准调整为每亩补助4万元)、智能温控大棚二每亩2万元、温室大棚一每亩1万元、温室大棚二每亩0.75万元、温室大棚三每亩0.5万元。,,,,,,,,,,,,,,,,,,,,step7b_iterB_rulefix,strict_all
Clause:8a38fc0ed229ca59f4e8c0338588ed972cd97c0a52ee067064d2d696dd9021bd#clause_0003,Clause,,8a38fc0ed229ca59f4e8c0338588ed972cd97c0a52ee067064d2d696dd9021bd,8a38fc0ed229ca59f4e8c0338588ed972cd97c0a52ee067064d2d696dd9021bd#clause_0003,3,subsidy_rule,基本补助标准：参照原六类省定温室大棚补助标准，叠加市级补贴后，即：智能温室每亩10万元、智能温控大棚一每亩5万元(其中未配备外遮阳系统的智能温控大棚一基本补助标准调整为每亩补助4万元)、智能温控大棚二每亩2万元、温室大棚一每亩1万元、温室大棚二每亩0.75万元、温室大棚三每亩0.5万元。,,,,,,,,,,,,,,,,,,,,step7b_iterB_rulefix,strict_all
Clause:8b20b8b5d683f19fe69f3fa1ec0f3272c5e99b10590f82cf4e238232ec7ee7fa#clause_0000,Clause,,8b20b8b5d683f19fe69f3fa1ec0f3272c5e99b10590f82cf4e238232ec7ee7fa,8b20b8b5d683f19fe69f3fa1ec0f3272c5e99b10590f82cf4e238232ec7ee7fa#clause_0000,0,time_rule,"2022年3月2日 山东省发展改革委关于完善居民分时电价政策的通知
2022年5月1日起，为鼓励居民用户参与电力移峰填谷，优化电力资源利用，本通知对居民分时电价政策进行调整，峰段电价每千瓦时提高0.03元，谷段电价降低0.17元，且电动汽车充电桩分时电价调整为峰段0.725元、谷段0.385元，采暖期谷段电价进一步降低至0.3469元。",,,,,,,,,,,,,,,,,,,,step7b_iterB_rulefix,strict_all
Clause:8cb1f5c7e00d4df09dab22618fbcfa02b68ae905acba728be35b24aade110dc9#clause_0000,Clause,,8cb1f5c7e00d4df09dab22618fbcfa02b68ae905acba728be35b24aade110dc9,8cb1f5c7e00d4df09dab22618fbcfa02b68ae905acba728be35b24aade110dc9#clause_0000,0,time_rule,"<h2>file:《关于延续和优化新能源汽车车辆购置税减免政策的公告》.txt</h2>
2023年6月19日	《关于延续和优化新能源汽车车辆购置税减免政策的公告》	一、对购置日期在2024年1月1日至2025年12月31日期间的新能源汽车免征车辆购置税，其中，每辆新能源乘用车免税额不超过3万元；",,,,,,,,,,,,,,,,,,,,step7b_iterB_rulefix,strict_all
Clause:8cb1f5c7e00d4df09dab22618fbcfa02b68ae905acba728be35b24aade110dc9#clause_0001,Clause,,8cb1f5c7e00d4df09dab22618fbcfa02b68ae905acba728be35b24aade110dc9,8cb1f5c7e00d4df09dab22618fbcfa02b68ae905acba728be35b24aade110dc9#clause_0001,1,table_row_clause,2023年6月19日	《关于延续和优化新能源汽车车辆购置税减免政策的公告》	一、对购置日期在2024年1月1日至2025年12月31日期间的新能源汽车免征车辆购置税，其中，每辆新能源乘用车免税额不超过3万元；对购置日期在2026年1月1日至2027年12月31日期间的新能源汽车减半征收车辆购置税，其中，每辆新能源乘用车减税额不超过1.5万元。,,,,,,,,,,,,,,,,,,,,step7b_iterB_rulefix,strict_all
Clause:8cb1f5c7e00d4df09dab22618fbcfa02b68ae905acba728be35b24aade110dc9#clause_0002,Clause,,8cb1f5c7e00d4df09dab22618fbcfa02b68ae905acba728be35b24aade110dc9,8cb1f5c7e00d4df09dab22618fbcfa02b68ae905acba728be35b24aade110dc9#clause_0002,2,time_rule,对购置日期在2026年1月1日至2027年12月31日期间的新能源汽车减半征收车辆购置税，其中，每辆新能源乘用车减税额不超过1.5万元。,,,,,,,,,,,,,,,,,,,,step7b_iterB_rulefix,strict_all
Clause:8cbf9d571e472404e9b79d5a7ebb488d70af5040f4c4a6f056ba9491f738d6fb#clause_0002,Clause,,8cbf9d571e472404e9b79d5a7ebb488d70af5040f4c4a6f056ba9491f738d6fb,8cbf9d571e472404e9b79d5a7ebb488d70af5040f4c4a6f056ba9491f738d6fb#clause_0002,2,subsidy_rule,（含表后线路改造）费用，实行一次补贴，按照4600元/户的标准补贴至用户，市、县（市、区）按照2：3比例分担，不足部分由用户承担。,,,,,,,,,,,,,,,,,,,,step7b_iterB_rulefix,strict_all
Clause:8cbf9d571e472404e9b79d5a7ebb488d70af5040f4c4a6f056ba9491f738d6fb#clause_0005,Clause,,8cbf9d571e472404e9b79d5a7ebb488d70af5040f4c4a6f056ba9491f738d6fb,8cbf9d571e472404e9b79d5a7ebb488d70af5040f4c4a6f056ba9491f738d6fb#clause_0005,5,subsidy_rule,自2019年起对本年度“煤改电”用户按照采暖期用电0.2元/千瓦时的标准补贴，每户每年最高补贴电量6000千瓦时,,,,,,,,,,,,,,,,,,,,step7b_iterB_rulefix,strict_all
Clause:8cbf9d571e472404e9b79d5a7ebb488d70af5040f4c4a6f056ba9491f738d6fb#clause_0006,Clause,,8cbf9d571e472404e9b79d5a7ebb488d70af5040f4c4a6f056ba9491f738d6fb,8cbf9d571e472404e9b79d5a7ebb488d70af5040f4c4a6f056ba9491f738d6fb#clause_0006,6,subsidy_rule,（每户每年最高补贴1200元），所需资金由市、县按照3：7比例分担，补贴时间暂定3年。,,,,,,,,,,,,,,,,,,,,step7b_iterB_rulefix,strict_all
Clause:8e6fda04dc4cc2a5dabc23280052ecf857f10f0630620fa83d268a2bad0818f2#clause_0000,Clause,,8e6fda04dc4cc2a5dabc23280052ecf857f10f0630620fa83d268a2bad0818f2,8e6fda04dc4cc2a5dabc23280052ecf857f10f0630620fa83d268a2bad0818f2#clause_0000,0,time_rule,"2023年8月30日 新疆维吾尔自治区发展改革委关于进一步完善分时电价有关事宜的通知
2023年10月1日起，为进一步优化分时电价政策，促进新能源消纳，推动绿色低碳发展，本通知对峰谷时段进行了优化，调整后的高峰时段为8:00-11:00和19:00-24:00，低谷时段为4:00-8:00和13:00-17:00，其他时间为平时段。",,,,,,,,,,,,,,,,,,,,step7b_iterB_rulefix,strict_all
Clause:8e6fda04dc4cc2a5dabc23280052ecf857f10f0630620fa83d268a2bad0818f2#clause_0001,Clause,,8e6fda04dc4cc2a5dabc23280052ecf857f10f0630620fa83d268a2bad0818f2,8e6fda04dc4cc2a5dabc23280052ecf857f10f0630620fa83d268a2bad0818f2#clause_0001,1,pricing_rule,高峰、低谷电价在平段电价基础上浮动75%。,,,,,,,,,,,,,,,,,,,,step7b_iterB_rulefix,strict_all
Clause:8e6fda04dc4cc2a5dabc23280052ecf857f10f0630620fa83d268a2bad0818f2#clause_0002,Clause,,8e6fda04dc4cc2a5dabc23280052ecf857f10f0630620fa83d268a2bad0818f2,8e6fda04dc4cc2a5dabc23280052ecf857f10f0630620fa83d268a2bad0818f2#clause_0002,2,time_rule,此外，设置深谷电价，5至8月的14:00-16:00为深谷时段，电价下浮90%。,,,,,,,,,,,,,,,,,,,,step7b_iterB_rulefix,strict_all
Clause:8e6fda04dc4cc2a5dabc23280052ecf857f10f0630620fa83d268a2bad0818f2#clause_0003,Clause,,8e6fda04dc4cc2a5dabc23280052ecf857f10f0630620fa83d268a2bad0818f2,8e6fda04dc4cc2a5dabc23280052ecf857f10f0630620fa83d268a2bad0818f2#clause_0003,3,time_rule,尖峰时段保持不变，1月、11月、12月的19:00-21:00以及7月的21:00-23:00为尖峰时段，电价上浮100%。,,,,,,,,,,,,,,,,,,,,step7b_iterB_rulefix,strict_all
Clause:8e713f5036be608e8536659484a13e29de44d6d15aa0bd0098266d8d1e9e0242#clause_0007,Clause,,8e713f5036be608e8536659484a13e29de44d6d15aa0bd0098266d8d1e9e0242,8e713f5036be608e8536659484a13e29de44d6d15aa0bd0098266d8d1e9e0242#clause_0007,7,time_rule,2016—2020年，实现能源终端消费环节电能替代散烧煤、燃油消费总量约1.3亿吨标煤，带动电煤占煤炭消费比重提高约1.9%，带动电能占终端能源消费比重提高约1.5%，促进电能占终端能源消费比重达到约27%。,,,,,,,,,,,,,,,,,,,,step7b_iterB_rulefix,strict_all
Clause:8ef9c7da6345158c1bdde2870ce06ba13dba085fbeb6e9018927491cf218225c#clause_0001,Clause,,8ef9c7da6345158c1bdde2870ce06ba13dba085fbeb6e9018927491cf218225c,8ef9c7da6345158c1bdde2870ce06ba13dba085fbeb6e9018927491cf218225c#clause_0001,1,time_rule,调整后的高峰时段为10:00-12:00和15:00-21:00，平段为7:00-10:00、12:00-15:00及21:00-23:00，低谷时段为23:00-次日7:00。,,,,,,,,,,,,,,,,,,,,step7b_iterB_rulefix,strict_all
Clause:8ef9c7da6345158c1bdde2870ce06ba13dba085fbeb6e9018927491cf218225c#clause_0002,Clause,,8ef9c7da6345158c1bdde2870ce06ba13dba085fbeb6e9018927491cf218225c,8ef9c7da6345158c1bdde2870ce06ba13dba085fbeb6e9018927491cf218225c#clause_0002,2,time_rule,夏季（7月、8月）和冬季（1月、12月）负荷高峰期的尖峰电价时段分别为15:00-17:00和19:00-21:00。对于大容量商业用户,,,,,,,,,,,,,,,,,,,,step7b_iterB_rulefix,strict_all
Clause:8ff4be5e9f150c3bdbcf092c80c3c0b53be7375d0f00106ad6ada53c4e2294a5#clause_0003,Clause,,8ff4be5e9f150c3bdbcf092c80c3c0b53be7375d0f00106ad6ada53c4e2294a5,8ff4be5e9f150c3bdbcf092c80c3c0b53be7375d0f00106ad6ada53c4e2294a5#clause_0003,3,time_rule,到2025年，电能占终端能源消费比重达到30%左右。大力推进工业领域电气化。,,,,,,,,,,,,,,,,,,,,step7b_iterB_rulefix,strict_all
Clause:917e89c9d28f08e37543fdcddbf99ba7c272516ee6b3ca3536d685ecfe8c86f0#clause_0001,Clause,,917e89c9d28f08e37543fdcddbf99ba7c272516ee6b3ca3536d685ecfe8c86f0,917e89c9d28f08e37543fdcddbf99ba7c272516ee6b3ca3536d685ecfe8c86f0#clause_0001,1,table_row_clause,京政农发〔2023〕49号	北京市农村地区清洁取暖设备更新工作指导意见	对清洁取暖设备运行使用满10年（燃气壁挂炉运行使用满8年）且无法正常使用和虽没有达到使用年限经认定具备报废标准（见附件）的，参照家电下乡补贴的方式，由农村住户市场化自行购买符合要求的清洁取暖设备，按照产品销售价格的40%进行补贴（对生态涵养区，市、区财政分别补贴30%和10%；对其他区，市、区财政分别补贴20%）。空气源热泵类产品最高补贴金额不超过0.6万元/户，其他产品最高补贴金额不超过0.36万元/户。设备更新后10年内不得再次享受更新补贴政策。对一次性支付设备资金有困难的农户，符合条件的，可按照银行机构推出的相关金融产品，自愿向银行机构申请分期付款，区级财政予以贴息支持。对低保户、五保户、低收入家庭等特殊困难群体，经各区民政部门核实后，应在现有补贴的基础上加大补贴力度，具体政策由各区政府研究制定。,,,,,,,,,,,,,,,,,,,,step7b_iterB_rulefix,strict_all
Clause:917e89c9d28f08e37543fdcddbf99ba7c272516ee6b3ca3536d685ecfe8c86f0#clause_0003,Clause,,917e89c9d28f08e37543fdcddbf99ba7c272516ee6b3ca3536d685ecfe8c86f0,917e89c9d28f08e37543fdcddbf99ba7c272516ee6b3ca3536d685ecfe8c86f0#clause_0003,3,subsidy_rule,（见附件）的，参照家电下乡补贴的方式，由农村住户市场化自行购买符合要求的清洁取暖设备，按照产品销售价格的40%进行补贴（对生态涵养区，市、区财政分别补贴30%和10%；对其他区，市、区财政分别补贴20%）。,,,,,,,,,,,,,,,,,,,,step7b_iterB_rulefix,strict_all
Clause:917e89c9d28f08e37543fdcddbf99ba7c272516ee6b3ca3536d685ecfe8c86f0#clause_0004,Clause,,917e89c9d28f08e37543fdcddbf99ba7c272516ee6b3ca3536d685ecfe8c86f0,917e89c9d28f08e37543fdcddbf99ba7c272516ee6b3ca3536d685ecfe8c86f0#clause_0004,4,subsidy_rule,空气源热泵类产品最高补贴金额不超过0.6万元/户，其他产品最高补贴金额不超过0.36万元/户。,,,,,,,,,,,,,,,,,,,,step7b_iterB_rulefix,strict_all
Clause:92e84b72ef2f5a11bbc950bceb47099d119cfe6635c2b8757f6582b673168bf0#clause_0001,Clause,,92e84b72ef2f5a11bbc950bceb47099d119cfe6635c2b8757f6582b673168bf0,92e84b72ef2f5a11bbc950bceb47099d119cfe6635c2b8757f6582b673168bf0#clause_0001,1,time_rule,峰谷时段划分为高峰（9:00-12:00、16:00-21:00）、平段（7:00-9:00、12:00-16:00、21:00-23:00）和低谷（23:00-7:00），其中冬季（1、12月）和夏季（7、8月）部分高峰时段包含尖峰时段。,,,,,,,,,,,,,,,,,,,,step7b_iterB_rulefix,strict_all
Clause:92e84b72ef2f5a11bbc950bceb47099d119cfe6635c2b8757f6582b673168bf0#clause_0002,Clause,,92e84b72ef2f5a11bbc950bceb47099d119cfe6635c2b8757f6582b673168bf0,92e84b72ef2f5a11bbc950bceb47099d119cfe6635c2b8757f6582b673168bf0#clause_0002,2,pricing_rule,高峰电价在平段电价基础上上浮50%，低谷电价下浮54%，尖峰电价在高峰电价基础上上浮20%。,,,,,,,,,,,,,,,,,,,,step7b_iterB_rulefix,strict_all
Clause:94c590b102ade026538aeffdd33a1708509a35674bb3f467aed33c570fc34908#clause_0003,Clause,,94c590b102ade026538aeffdd33a1708509a35674bb3f467aed33c570fc34908,94c590b102ade026538aeffdd33a1708509a35674bb3f467aed33c570fc34908#clause_0003,3,subsidy_rule,（见附件）的，参照家电下乡补贴的方式，由农村住户市场化自行购买符合要求的清洁取暖设备，按照产品销售价格的40%进行补贴（对生态涵养区，市、区财政分别补贴30%和10%；对其他区，市、区财政分别补贴20%）。,,,,,,,,,,,,,,,,,,,,step7b_iterB_rulefix,strict_all
Clause:94c590b102ade026538aeffdd33a1708509a35674bb3f467aed33c570fc34908#clause_0004,Clause,,94c590b102ade026538aeffdd33a1708509a35674bb3f467aed33c570fc34908,94c590b102ade026538aeffdd33a1708509a35674bb3f467aed33c570fc34908#clause_0004,4,subsidy_rule,空气源热泵类产品最高补贴金额不超过0.6万元/户，其他产品最高补贴金额不超过0.36万元/户。,,,,,,,,,,,,,,,,,,,,step7b_iterB_rulefix,strict_all
Clause:95f6ba6c18bedd1be1da79aa08a7d72056b883f00acb9c39d5361b880a4dd595#clause_0001,Clause,,95f6ba6c18bedd1be1da79aa08a7d72056b883f00acb9c39d5361b880a4dd595,95f6ba6c18bedd1be1da79aa08a7d72056b883f00acb9c39d5361b880a4dd595#clause_0001,1,time_rule,（4月至10月）两种模式，其中夏季第一档月用电量为220度（含）以内，第二档为221-360度（含），第三档为361度（含）以上；冬季第一档为160度（含）以内，第二档为161-290度（含），第三档为291度（含）以上。,,,,,,,,,,,,,,,,,,,,step7b_iterB_rulefix,strict_all
Clause:95f6ba6c18bedd1be1da79aa08a7d72056b883f00acb9c39d5361b880a4dd595#clause_0002,Clause,,95f6ba6c18bedd1be1da79aa08a7d72056b883f00acb9c39d5361b880a4dd595,95f6ba6c18bedd1be1da79aa08a7d72056b883f00acb9c39d5361b880a4dd595#clause_0002,2,pricing_rule,第一档电价标准维持不变，第二档加价0.05元/千瓦时，第三档加价0.3元/千瓦时。,,,,,,,,,,,,,,,,,,,,step7b_iterB_rulefix,strict_all
Clause:95f6ba6c18bedd1be1da79aa08a7d72056b883f00acb9c39d5361b880a4dd595#clause_0003,Clause,,95f6ba6c18bedd1be1da79aa08a7d72056b883f00acb9c39d5361b880a4dd595,95f6ba6c18bedd1be1da79aa08a7d72056b883f00acb9c39d5361b880a4dd595#clause_0003,3,other,城乡低保户和农村五保户每月享有10度免费电量，由供电企业在抄表收费时直接扣减；,,,,,,,,,,,,,,,,,,,,step7b_iterB_rulefix,strict_all
Clause:95f6ba6c18bedd1be1da79aa08a7d72056b883f00acb9c39d5361b880a4dd595#clause_0004,Clause,,95f6ba6c18bedd1be1da79aa08a7d72056b883f00acb9c39d5361b880a4dd595,95f6ba6c18bedd1be1da79aa08a7d72056b883f00acb9c39d5361b880a4dd595#clause_0004,4,pricing_rule,合表居民用户及执行居民电价的非居民用户每度加价0.0212元。,,,,,,,,,,,,,,,,,,,,step7b_iterB_rulefix,strict_all
Clause:9634a7cefdb8a7018741e8ef683bb7b815f1dbc1d60d42350574f3dd240e55b7#clause_0000,Clause,,9634a7cefdb8a7018741e8ef683bb7b815f1dbc1d60d42350574f3dd240e55b7,9634a7cefdb8a7018741e8ef683bb7b815f1dbc1d60d42350574f3dd240e55b7#clause_0000,0,time_rule,"<h2>file:《关于全面加强生态环境保护坚决打好污染防治攻坚战的实施意见》.txt</h2>
2018-06-24 《关于全面加强生态环境保护坚决打好污染防治攻坚战的实施意见》
全国细颗粒物（PM2.5）未达标地级及以上城市浓度比2015年下降18%以上，地级及以上城市空气质量优良天数比率达到80%以上；",,,,,,,,,,,,,,,,,,,,step7b_iterB_rulefix,strict_all
Clause:9634a7cefdb8a7018741e8ef683bb7b815f1dbc1d60d42350574f3dd240e55b7#clause_0001,Clause,,9634a7cefdb8a7018741e8ef683bb7b815f1dbc1d60d42350574f3dd240e55b7,9634a7cefdb8a7018741e8ef683bb7b815f1dbc1d60d42350574f3dd240e55b7#clause_0001,1,other,全国地表水Ⅰ－Ⅲ类水体比例达到70%以上，劣Ⅴ类水体比例控制在5%以内；,,,,,,,,,,,,,,,,,,,,step7b_iterB_rulefix,strict_all
Clause:9634a7cefdb8a7018741e8ef683bb7b815f1dbc1d60d42350574f3dd240e55b7#clause_0002,Clause,,9634a7cefdb8a7018741e8ef683bb7b815f1dbc1d60d42350574f3dd240e55b7,9634a7cefdb8a7018741e8ef683bb7b815f1dbc1d60d42350574f3dd240e55b7#clause_0002,2,other,近岸海域水质优良（一、二类）比例达到70%左右；,,,,,,,,,,,,,,,,,,,,step7b_iterB_rulefix,strict_all
Clause:9634a7cefdb8a7018741e8ef683bb7b815f1dbc1d60d42350574f3dd240e55b7#clause_0003,Clause,,9634a7cefdb8a7018741e8ef683bb7b815f1dbc1d60d42350574f3dd240e55b7,9634a7cefdb8a7018741e8ef683bb7b815f1dbc1d60d42350574f3dd240e55b7#clause_0003,3,time_rule,二氧化硫、氮氧化物排放量比2015年减少15%以上，化学需氧量、氨氮排放量减少10%以上；,,,,,,,,,,,,,,,,,,,,step7b_iterB_rulefix,strict_all
Clause:9634a7cefdb8a7018741e8ef683bb7b815f1dbc1d60d42350574f3dd240e55b7#clause_0004,Clause,,9634a7cefdb8a7018741e8ef683bb7b815f1dbc1d60d42350574f3dd240e55b7,9634a7cefdb8a7018741e8ef683bb7b815f1dbc1d60d42350574f3dd240e55b7#clause_0004,4,other,受污染耕地安全利用率达到90%左右，污染地块安全利用率达到90%以上；生态保护红线面积占比达到25%左右；森林覆盖率达到23.04%以上。,,,,,,,,,,,,,,,,,,,,step7b_iterB_rulefix,strict_all
Clause:96b1a22b2ec5ddcc9e6133c59976da4937836c097e7e7f973b60ec9f8374b7a0#clause_0001,Clause,,96b1a22b2ec5ddcc9e6133c59976da4937836c097e7e7f973b60ec9f8374b7a0,96b1a22b2ec5ddcc9e6133c59976da4937836c097e7e7f973b60ec9f8374b7a0#clause_0001,1,time_rule,"2017年7月20日  《港口岸电布局方案》
2020年底前，实现全国主要港口和船舶排放控制区内港口50%以上已建的集装箱、客滚、邮轮、3千吨级以上客运和5万吨级以上干散货专业化泊位具备向船舶供应岸电的能力。",,,,,,,,,,,,,,,,,,,,step7b_iterB_rulefix,strict_all
Clause:96b1a22b2ec5ddcc9e6133c59976da4937836c097e7e7f973b60ec9f8374b7a0#clause_0002,Clause,,96b1a22b2ec5ddcc9e6133c59976da4937836c097e7e7f973b60ec9f8374b7a0,96b1a22b2ec5ddcc9e6133c59976da4937836c097e7e7f973b60ec9f8374b7a0#clause_0002,2,other,同时，鼓励岸电需求较大、基础条件较好的港口争取实现100%的泊位岸电覆盖率。,,,,,,,,,,,,,,,,,,,,step7b_iterB_rulefix,strict_all
Clause:96b1a22b2ec5ddcc9e6133c59976da4937836c097e7e7f973b60ec9f8374b7a0#clause_0003,Clause,,96b1a22b2ec5ddcc9e6133c59976da4937836c097e7e7f973b60ec9f8374b7a0,96b1a22b2ec5ddcc9e6133c59976da4937836c097e7e7f973b60ec9f8374b7a0#clause_0003,3,task_assessment,"以主要港口和排放控制区内已建的5类专业化泊位的总数为基础，以实现总体覆盖率50%
的布局目标为导向，考虑各港口的不同地理区位、泊位能力、吞吐量等多种因素，综合运用数学规划与筛选相结合的方法确定岸电布局方案：到2020年底前，在全国主要港口
和排放控制区共布局493个具备向船舶供应岸电能力的专业化泊位，其中沿海366个，内河127个。",,,,,,,,,,,,,,,,,,,,step7b_iterB_rulefix,strict_all
Clause:9842b76e12450c90ad9c0680b04217082b8a8fafe2cef53d19367fc9dd8179c2#clause_0000,Clause,,9842b76e12450c90ad9c0680b04217082b8a8fafe2cef53d19367fc9dd8179c2,9842b76e12450c90ad9c0680b04217082b8a8fafe2cef53d19367fc9dd8179c2#clause_0000,0,subsidy_rule,"<h2>file:《晋城市冬季清洁取暖“煤改电”工作实施方案》.txt</h2>
《晋城市冬季清洁取暖“煤改电”工作实施方案》
中指出泽州县、高平区、阳城县、陵川县等5个县16个乡19个村3041户居民和30个单位，共计3071户居民为该市“以电代煤”电网改造范围，并对每户进行6500元的标准补贴；",,,,,,,,,,,,,,,,,,,,step7b_iterB_rulefix,strict_all
Clause:9842b76e12450c90ad9c0680b04217082b8a8fafe2cef53d19367fc9dd8179c2#clause_0001,Clause,,9842b76e12450c90ad9c0680b04217082b8a8fafe2cef53d19367fc9dd8179c2,9842b76e12450c90ad9c0680b04217082b8a8fafe2cef53d19367fc9dd8179c2#clause_0001,1,subsidy_rule,对“以电代煤”供热改造中配套电网工程给予30%的补贴。,,,,,,,,,,,,,,,,,,,,step7b_iterB_rulefix,strict_all
Clause:9842b76e12450c90ad9c0680b04217082b8a8fafe2cef53d19367fc9dd8179c2#clause_0003,Clause,,9842b76e12450c90ad9c0680b04217082b8a8fafe2cef53d19367fc9dd8179c2,9842b76e12450c90ad9c0680b04217082b8a8fafe2cef53d19367fc9dd8179c2#clause_0003,3,time_rule,（1）峰谷时段计价方式，谷电时段延长至12个小时，谷电价按0.2862元/千瓦时，峰电按0.507元/千瓦时；,,,,,,,,,,,,,,,,,,,,step7b_iterB_rulefix,strict_all
Clause:9842b76e12450c90ad9c0680b04217082b8a8fafe2cef53d19367fc9dd8179c2#clause_0004,Clause,,9842b76e12450c90ad9c0680b04217082b8a8fafe2cef53d19367fc9dd8179c2,9842b76e12450c90ad9c0680b04217082b8a8fafe2cef53d19367fc9dd8179c2#clause_0004,4,other,（2）用电量计价方式，月用电量2600千瓦时以内按0.2862元/千瓦时，超过的按0.507元/千瓦时；,,,,,,,,,,,,,,,,,,,,step7b_iterB_rulefix,strict_all
Clause:9842b76e12450c90ad9c0680b04217082b8a8fafe2cef53d19367fc9dd8179c2#clause_0005,Clause,,9842b76e12450c90ad9c0680b04217082b8a8fafe2cef53d19367fc9dd8179c2,9842b76e12450c90ad9c0680b04217082b8a8fafe2cef53d19367fc9dd8179c2#clause_0005,5,pricing_rule,（3）平段电价计划方式，电采暖用量不受限制，用电价格按0.4770元/千瓦时。,,,,,,,,,,,,,,,,,,,,step7b_iterB_rulefix,strict_all
Clause:9977a1b4a371e69cc97e07c3dc35c2f6e10314b35aaf7e35995468d3930cbcea#clause_0001,Clause,,9977a1b4a371e69cc97e07c3dc35c2f6e10314b35aaf7e35995468d3930cbcea,9977a1b4a371e69cc97e07c3dc35c2f6e10314b35aaf7e35995468d3930cbcea#clause_0001,1,time_rule,全省峰时段为10:00-12:00、15:00-20:00、21:00-22:00，谷时段为0:00-8:00，其他为平时段；,,,,,,,,,,,,,,,,,,,,step7b_iterB_rulefix,strict_all
Clause:9977a1b4a371e69cc97e07c3dc35c2f6e10314b35aaf7e35995468d3930cbcea#clause_0002,Clause,,9977a1b4a371e69cc97e07c3dc35c2f6e10314b35aaf7e35995468d3930cbcea,9977a1b4a371e69cc97e07c3dc35c2f6e10314b35aaf7e35995468d3930cbcea#clause_0002,2,time_rule,峰时段电价上浮58%，谷时段下浮63%；,,,,,,,,,,,,,,,,,,,,step7b_iterB_rulefix,strict_all
Clause:9977a1b4a371e69cc97e07c3dc35c2f6e10314b35aaf7e35995468d3930cbcea#clause_0003,Clause,,9977a1b4a371e69cc97e07c3dc35c2f6e10314b35aaf7e35995468d3930cbcea,9977a1b4a371e69cc97e07c3dc35c2f6e10314b35aaf7e35995468d3930cbcea#clause_0003,3,pricing_rule,设立尖峰电价，7-9月11:00-12:00和17:00-18:00上浮80%。,,,,,,,,,,,,,,,,,,,,step7b_iterB_rulefix,strict_all
Clause:99bfb079cc9a0ac097ce291b686022d6fc947c4ca53f0ca785a04338057cf2cb#clause_0003,Clause,,99bfb079cc9a0ac097ce291b686022d6fc947c4ca53f0ca785a04338057cf2cb,99bfb079cc9a0ac097ce291b686022d6fc947c4ca53f0ca785a04338057cf2cb#clause_0003,3,subsidy_rule,"（含表后线路改造）费用，实行一次补贴，按照4600元/户的标准补贴至
用户，市、县（市、区）按照2：3比例分担，不足部分由用户承担。",,,,,,,,,,,,,,,,,,,,step7b_iterB_rulefix,strict_all
Clause:99bfb079cc9a0ac097ce291b686022d6fc947c4ca53f0ca785a04338057cf2cb#clause_0006,Clause,,99bfb079cc9a0ac097ce291b686022d6fc947c4ca53f0ca785a04338057cf2cb,99bfb079cc9a0ac097ce291b686022d6fc947c4ca53f0ca785a04338057cf2cb#clause_0006,6,subsidy_rule,"自2019年起对本年度“煤改电”用户按照采暖期用电0.2元/千瓦时的标准补贴，每户每年最高补贴电量6000千瓦时（每户每年
最高补贴1200元），所需资金由市、县按照3：7比例分担，补贴时间暂定3年。",,,,,,,,,,,,,,,,,,,,step7b_iterB_rulefix,strict_all
Clause:99dce90179e84c5da237d3a228a84ba994f4c04a9a167533654c0cfcdc8d9686#clause_0000,Clause,,99dce90179e84c5da237d3a228a84ba994f4c04a9a167533654c0cfcdc8d9686,99dce90179e84c5da237d3a228a84ba994f4c04a9a167533654c0cfcdc8d9686#clause_0000,0,subsidy_rule,"《晋城市冬季清洁取暖“煤改电”工作实施方案》
中指出泽州县、高平区、阳城县、陵川县等5个县16个乡19个村3041户居民和30个单位，共计3071户居民为该市“以电代煤”电网改造范围，并对每户进行6500元的标准补贴；",,,,,,,,,,,,,,,,,,,,step7b_iterB_rulefix,strict_all
Clause:99dce90179e84c5da237d3a228a84ba994f4c04a9a167533654c0cfcdc8d9686#clause_0001,Clause,,99dce90179e84c5da237d3a228a84ba994f4c04a9a167533654c0cfcdc8d9686,99dce90179e84c5da237d3a228a84ba994f4c04a9a167533654c0cfcdc8d9686#clause_0001,1,subsidy_rule,对“以电代煤”供热改造中配套电网工程给予30%的补贴。,,,,,,,,,,,,,,,,,,,,step7b_iterB_rulefix,strict_all
Clause:99dce90179e84c5da237d3a228a84ba994f4c04a9a167533654c0cfcdc8d9686#clause_0003,Clause,,99dce90179e84c5da237d3a228a84ba994f4c04a9a167533654c0cfcdc8d9686,99dce90179e84c5da237d3a228a84ba994f4c04a9a167533654c0cfcdc8d9686#clause_0003,3,time_rule,（1）峰谷时段计价方式，谷电时段延长至12个小时，谷电价按0.2862元/千瓦时，峰电按0.507元/千瓦时；,,,,,,,,,,,,,,,,,,,,step7b_iterB_rulefix,strict_all
Clause:99dce90179e84c5da237d3a228a84ba994f4c04a9a167533654c0cfcdc8d9686#clause_0004,Clause,,99dce90179e84c5da237d3a228a84ba994f4c04a9a167533654c0cfcdc8d9686,99dce90179e84c5da237d3a228a84ba994f4c04a9a167533654c0cfcdc8d9686#clause_0004,4,other,（2）用电量计价方式，月用电量2600千瓦时以内按0.2862元/千瓦时，超过的按0.507元/千瓦时；,,,,,,,,,,,,,,,,,,,,step7b_iterB_rulefix,strict_all
Clause:99dce90179e84c5da237d3a228a84ba994f4c04a9a167533654c0cfcdc8d9686#clause_0005,Clause,,99dce90179e84c5da237d3a228a84ba994f4c04a9a167533654c0cfcdc8d9686,99dce90179e84c5da237d3a228a84ba994f4c04a9a167533654c0cfcdc8d9686#clause_0005,5,pricing_rule,"（3）平段电价计划方式，电采暖用量不受限制，用电价格按0.4770元/千瓦时。（一）加强组织领导。
（二）及时协调调度。（三）严格监督管理。（四）注重宣传引导。",,,,,,,,,,,,,,,,,,,,step7b_iterB_rulefix,strict_all
Clause:9b06cc894aac361e91193d1e2d076802b7d20c8895b79245d14a48f8ce5543ce#clause_0001,Clause,,9b06cc894aac361e91193d1e2d076802b7d20c8895b79245d14a48f8ce5543ce,9b06cc894aac361e91193d1e2d076802b7d20c8895b79245d14a48f8ce5543ce#clause_0001,1,time_rule,全年每日24小时分为高峰（10:00-13:00、17:00-22:00）、平段（7:00-10:00、13:00-17:00、22:00-23:00）、低谷（23:00-次日7:00）三时段，夏季（7、8月）11:00-13:00和16:00-17:00及冬季（1、12月）18:00-21:00为尖峰时段。,,,,,,,,,,,,,,,,,,,,step7b_iterB_rulefix,strict_all
Clause:9b06cc894aac361e91193d1e2d076802b7d20c8895b79245d14a48f8ce5543ce#clause_0002,Clause,,9b06cc894aac361e91193d1e2d076802b7d20c8895b79245d14a48f8ce5543ce,9b06cc894aac361e91193d1e2d076802b7d20c8895b79245d14a48f8ce5543ce#clause_0002,2,pricing_rule,峰平谷电价比例按电压等级设置，不满1千伏用户为1.71:1:0.36，1千伏及以上用户为1.8:1:0.3，两部制用户为1.6:1:0.4，尖峰电价在高峰电价基础上上浮20%。,,,,,,,,,,,,,,,,,,,,step7b_iterB_rulefix,strict_all
Clause:9b573a30294f2b87e5bc8a1733dc8154869687fb42b7fbcbc23dc1cf3c74f11b#clause_0001,Clause,,9b573a30294f2b87e5bc8a1733dc8154869687fb42b7fbcbc23dc1cf3c74f11b,9b573a30294f2b87e5bc8a1733dc8154869687fb42b7fbcbc23dc1cf3c74f11b#clause_0001,1,subsidy_rule,"（一）煤改气
1．对实施煤改燃气壁挂炉采暖改造的居民用户购买燃气壁挂炉和支付天气然工程安装费，给予一次性补贴,补贴比例为费用总额的60%，每户最高补贴3000元,不足部分由居民自行承担。

2．对于实施改造煤改气并签订煤改洁合约",,,,,,,,,,,,,,,,,,,,step7b_iterB_rulefix,strict_all
Clause:9b573a30294f2b87e5bc8a1733dc8154869687fb42b7fbcbc23dc1cf3c74f11b#clause_0002,Clause,,9b573a30294f2b87e5bc8a1733dc8154869687fb42b7fbcbc23dc1cf3c74f11b,9b573a30294f2b87e5bc8a1733dc8154869687fb42b7fbcbc23dc1cf3c74f11b#clause_0002,2,subsidy_rule,"（协议）承诺书的城乡居民，在首个供暖季结束后,依据采暖期天然气购气缴费凭证，按照1元/立方米的标准一次性补贴用户,每户最高补贴1000元,用气量不足1000立方米的根据实际使用量补贴。",,,,,,,,,,,,,,,,,,,,step7b_iterB_rulefix,strict_all
Clause:9b573a30294f2b87e5bc8a1733dc8154869687fb42b7fbcbc23dc1cf3c74f11b#clause_0004,Clause,,9b573a30294f2b87e5bc8a1733dc8154869687fb42b7fbcbc23dc1cf3c74f11b,9b573a30294f2b87e5bc8a1733dc8154869687fb42b7fbcbc23dc1cf3c74f11b#clause_0004,4,subsidy_rule,"（二）煤改电

1．对实施居民家庭煤改电采暖改造的用户，购买电取暖设备费用给予一次性财政补贴,补贴比例为费用总额的60%，每户最高补贴3000元,不足部分由居民自行承担。",,,,,,,,,,,,,,,,,,,,step7b_iterB_rulefix,strict_all
Clause:9b573a30294f2b87e5bc8a1733dc8154869687fb42b7fbcbc23dc1cf3c74f11b#clause_0005,Clause,,9b573a30294f2b87e5bc8a1733dc8154869687fb42b7fbcbc23dc1cf3c74f11b,9b573a30294f2b87e5bc8a1733dc8154869687fb42b7fbcbc23dc1cf3c74f11b#clause_0005,5,subsidy_rule,"单个采暖产品购置价低于100元的不予补贴。

2．对于购置电采暖设备并签订煤改洁合约",,,,,,,,,,,,,,,,,,,,step7b_iterB_rulefix,strict_all
Clause:9b573a30294f2b87e5bc8a1733dc8154869687fb42b7fbcbc23dc1cf3c74f11b#clause_0006,Clause,,9b573a30294f2b87e5bc8a1733dc8154869687fb42b7fbcbc23dc1cf3c74f11b,9b573a30294f2b87e5bc8a1733dc8154869687fb42b7fbcbc23dc1cf3c74f11b#clause_0006,6,subsidy_rule,"（协议）承诺书的城乡居民，在首个供暖季结束后,依据供暖期电费缴费凭证按照每度电0.25元一次性给予财政补贴，补贴金额最高不超过1000元。",,,,,,,,,,,,,,,,,,,,step7b_iterB_rulefix,strict_all
Clause:9b573a30294f2b87e5bc8a1733dc8154869687fb42b7fbcbc23dc1cf3c74f11b#clause_0009,Clause,,9b573a30294f2b87e5bc8a1733dc8154869687fb42b7fbcbc23dc1cf3c74f11b,9b573a30294f2b87e5bc8a1733dc8154869687fb42b7fbcbc23dc1cf3c74f11b#clause_0009,9,subsidy_rule,"（三）购置高效清洁炉具

对天然气管网覆盖不到的区域，且当地输配电网等电力基础设施达不到“煤改电”条件，购买使用二次配风多燃料高效清洁水暖炉具的农村居民，给予每户一次性补助300元。",,,,,,,,,,,,,,,,,,,,step7b_iterB_rulefix,strict_all
Clause:9b573a30294f2b87e5bc8a1733dc8154869687fb42b7fbcbc23dc1cf3c74f11b#clause_0011,Clause,,9b573a30294f2b87e5bc8a1733dc8154869687fb42b7fbcbc23dc1cf3c74f11b,9b573a30294f2b87e5bc8a1733dc8154869687fb42b7fbcbc23dc1cf3c74f11b#clause_0011,11,subsidy_rule,"（四）洁净煤替代

对不具备“煤改气”“煤改电”条件，且未享受农村居民高效清洁炉具补助的农村建档立卡贫困户、城乡低保户和城乡特困人员，使用洁净煤替代劣质煤采暖的，每户每年补助300元。",,,,,,,,,,,,,,,,,,,,step7b_iterB_rulefix,strict_all
Clause:9b9dc731d84971b347984a61cebe82dfa99c5011c92f8e92ff5e8eae8821ced0#clause_0001,Clause,,9b9dc731d84971b347984a61cebe82dfa99c5011c92f8e92ff5e8eae8821ced0,9b9dc731d84971b347984a61cebe82dfa99c5011c92f8e92ff5e8eae8821ced0#clause_0001,1,time_rule,调整后的峰谷时段划分为春秋季高峰时段为8:00-11:00、13:00-17:00，夏冬季尖峰时段为9:00-11:00、15:00-17:00；,,,,,,,,,,,,,,,,,,,,step7b_iterB_rulefix,strict_all
Clause:9b9dc731d84971b347984a61cebe82dfa99c5011c92f8e92ff5e8eae8821ced0#clause_0002,Clause,,9b9dc731d84971b347984a61cebe82dfa99c5011c92f8e92ff5e8eae8821ced0,9b9dc731d84971b347984a61cebe82dfa99c5011c92f8e92ff5e8eae8821ced0#clause_0002,2,pricing_rule,高峰电价浮动上浮65%-98%，低谷电价下浮50%-80%。,,,,,,,,,,,,,,,,,,,,step7b_iterB_rulefix,strict_all
Clause:9b9dc731d84971b347984a61cebe82dfa99c5011c92f8e92ff5e8eae8821ced0#clause_0003,Clause,,9b9dc731d84971b347984a61cebe82dfa99c5011c92f8e92ff5e8eae8821ced0,9b9dc731d84971b347984a61cebe82dfa99c5011c92f8e92ff5e8eae8821ced0#clause_0003,3,pricing_rule,重大节假日10:00-14:00设置深谷电价，并下浮20%。,,,,,,,,,,,,,,,,,,,,step7b_iterB_rulefix,strict_all
Clause:9c3afee7cca39cb92c7272cf554cc02fdb162ec89bc92c98f6324cf2bb423c92#clause_0000,Clause,,9c3afee7cca39cb92c7272cf554cc02fdb162ec89bc92c98f6324cf2bb423c92,9c3afee7cca39cb92c7272cf554cc02fdb162ec89bc92c98f6324cf2bb423c92#clause_0000,0,time_rule,"2021年4月29日 广东省发展改革委关于居民阶梯电价“一户多人口”政策有关事项的通知
2021年6月1日起，为进一步优化居民阶梯电价制度，我省对“一户多人口”政策作出如下规定：符合条件的家庭（户籍或居住证地址一致，人口5人及以上）可申请每月第一、二、三档阶梯电量基数各增加100千瓦时；",,,,,,,,,,,,,,,,,,,,step7b_iterB_rulefix,strict_all
Clause:9c3afee7cca39cb92c7272cf554cc02fdb162ec89bc92c98f6324cf2bb423c92#clause_0002,Clause,,9c3afee7cca39cb92c7272cf554cc02fdb162ec89bc92c98f6324cf2bb423c92,9c3afee7cca39cb92c7272cf554cc02fdb162ec89bc92c98f6324cf2bb423c92#clause_0002,2,execution_rule,每户居民只能在一个地址申请，政策有效期原则上不超过两年，期满需及时续申，否则将停止执行。,,,,,,,,,,,,,,,,,,,,step7b_iterB_rulefix,strict_all
Clause:9f3a13c9638cc5c7deb8ecad47f6052f7b19aa02e4514ce8b2b5376c00e60c86#clause_0001,Clause,,9f3a13c9638cc5c7deb8ecad47f6052f7b19aa02e4514ce8b2b5376c00e60c86,9f3a13c9638cc5c7deb8ecad47f6052f7b19aa02e4514ce8b2b5376c00e60c86#clause_0001,1,pricing_rule,根据用电量，电价分为三档：每月210度及以下的第一档电价为0.5469元/度；,,,,,,,,,,,,,,,,,,,,step7b_iterB_rulefix,strict_all
Clause:9f3a13c9638cc5c7deb8ecad47f6052f7b19aa02e4514ce8b2b5376c00e60c86#clause_0002,Clause,,9f3a13c9638cc5c7deb8ecad47f6052f7b19aa02e4514ce8b2b5376c00e60c86,9f3a13c9638cc5c7deb8ecad47f6052f7b19aa02e4514ce8b2b5376c00e60c86#clause_0002,2,pricing_rule,每月210-400度之间的第二档电价为0.5969元/度；,,,,,,,,,,,,,,,,,,,,step7b_iterB_rulefix,strict_all
Clause:9f3a13c9638cc5c7deb8ecad47f6052f7b19aa02e4514ce8b2b5376c00e60c86#clause_0003,Clause,,9f3a13c9638cc5c7deb8ecad47f6052f7b19aa02e4514ce8b2b5376c00e60c86,9f3a13c9638cc5c7deb8ecad47f6052f7b19aa02e4514ce8b2b5376c00e60c86#clause_0003,3,pricing_rule,每月400度以上的第三档电价为0.8469元/度。,,,,,,,,,,,,,,,,,,,,step7b_iterB_rulefix,strict_all
Clause:9f3a13c9638cc5c7deb8ecad47f6052f7b19aa02e4514ce8b2b5376c00e60c86#clause_0004,Clause,,9f3a13c9638cc5c7deb8ecad47f6052f7b19aa02e4514ce8b2b5376c00e60c86,9f3a13c9638cc5c7deb8ecad47f6052f7b19aa02e4514ce8b2b5376c00e60c86#clause_0004,4,time_rule,对于户籍人口5人及以上的“一户一表”居民用户，第一档电量上调至310度。,,,,,,,,,,,,,,,,,,,,step7b_iterB_rulefix,strict_all
Clause:9f3a13c9638cc5c7deb8ecad47f6052f7b19aa02e4514ce8b2b5376c00e60c86#clause_0005,Clause,,9f3a13c9638cc5c7deb8ecad47f6052f7b19aa02e4514ce8b2b5376c00e60c86,9f3a13c9638cc5c7deb8ecad47f6052f7b19aa02e4514ce8b2b5376c00e60c86#clause_0005,5,time_rule,对于低保户、农村五保户等困难群体，每月提供15度免费电量。此政策执行至2024年6月30日。,,,,,,,,,,,,,,,,,,,,step7b_iterB_rulefix,strict_all
Clause:a4146178085d1b27e6b2be802686e7ddffe59ded7cc7590d7c70417aa2b345ae#clause_0000,Clause,,a4146178085d1b27e6b2be802686e7ddffe59ded7cc7590d7c70417aa2b345ae,a4146178085d1b27e6b2be802686e7ddffe59ded7cc7590d7c70417aa2b345ae#clause_0000,0,time_rule,"<h2>file:国家发展改革委等部门关于加强新能源汽车与电网融合互动的实施意见.txt</h2>
发改能源〔2023〕1721号	国家发展改革委等部门关于加强新能源汽车与电网融合互动的实施意见	
到2025年，我国车网互动技术标准体系初步建成，充电峰谷电价机制全面实施并持续优化，市场机制建设取得重要进展，加大力度开展车网互动试点示范，
力争参与试点示范的城市2025年全年充电电量60%以上集中在低谷时段、私人充电桩充电电量80%以上集中在低谷时段，新能源汽车作为移动式电化学储
能资源的潜力通过试点示范得到初步验证。",,,,,,,,,,,,,,,,,,,,step7b_iterB_rulefix,strict_all
Clause:a49f7415cfe87b2c990d945f2320013ad4be0c26bbe7e6ecee3d7c9c163e2aba#clause_0000,Clause,,a49f7415cfe87b2c990d945f2320013ad4be0c26bbe7e6ecee3d7c9c163e2aba,a49f7415cfe87b2c990d945f2320013ad4be0c26bbe7e6ecee3d7c9c163e2aba#clause_0000,0,time_rule,"<h2>file:国家发展改革委等部门关于加强新能源汽车与电网融合互动的实施意见.txt</h2>
发改能源〔2023〕1721号	国家发展改革委等部门关于加强新能源汽车与电网融合互动的实施意见	
到2025年，我国车网互动技术标准体系初步建成，充电峰谷电价机制全面实施并持续优化，市场机制建设取得重要进展，加大力度开展车网互动试点示范，
力争参与试点示范的城市2025年全年充电电量60%以上集中在低谷时段、私人充电桩充电电量80%以上集中在低谷时段，新能源汽车作为移动式电化学储
能资源的潜力通过试点示范得到初步验证。",,,,,,,,,,,,,,,,,,,,step7b_iterB_rulefix,strict_all
Clause:a63aaa1b99aae78cd58b5beb8c271e538c4b10b43ff4aff7312d6e081dd79eed#clause_0006,Clause,,a63aaa1b99aae78cd58b5beb8c271e538c4b10b43ff4aff7312d6e081dd79eed,a63aaa1b99aae78cd58b5beb8c271e538c4b10b43ff4aff7312d6e081dd79eed#clause_0006,6,subsidy_rule,"在每年采暖季（本年度11月1日—下年度3月31日）低谷电价时段（晚20:00至次日早8:00），在享受低谷段优惠电价0.3元/度的基础上，由市、区两级财政各补贴0.1元/度，每户用电补贴最高1万度。
2.户内线路改造资金。",,,,,,,,,,,,,,,,,,,,step7b_iterB_rulefix,strict_all
Clause:a63aaa1b99aae78cd58b5beb8c271e538c4b10b43ff4aff7312d6e081dd79eed#clause_0008,Clause,,a63aaa1b99aae78cd58b5beb8c271e538c4b10b43ff4aff7312d6e081dd79eed,a63aaa1b99aae78cd58b5beb8c271e538c4b10b43ff4aff7312d6e081dd79eed#clause_0008,8,subsidy_rule,区财政按照空气源热泵水暖机1500元/户，空气源热泵热风机、蓄能电暖气2000元/户的标准安排资金。3.设备购置补贴。,,,,,,,,,,,,,,,,,,,,step7b_iterB_rulefix,strict_all
Clause:a63aaa1b99aae78cd58b5beb8c271e538c4b10b43ff4aff7312d6e081dd79eed#clause_0010,Clause,,a63aaa1b99aae78cd58b5beb8c271e538c4b10b43ff4aff7312d6e081dd79eed,a63aaa1b99aae78cd58b5beb8c271e538c4b10b43ff4aff7312d6e081dd79eed#clause_0010,10,subsidy_rule,（1）农村住户空气源热泵水暖机：按照现有房屋采暖建筑面积补贴200元/平方米，最高不超过24000元（市、区财政各补贴100元/平方米）。,,,,,,,,,,,,,,,,,,,,step7b_iterB_rulefix,strict_all
Clause:a63aaa1b99aae78cd58b5beb8c271e538c4b10b43ff4aff7312d6e081dd79eed#clause_0011,Clause,,a63aaa1b99aae78cd58b5beb8c271e538c4b10b43ff4aff7312d6e081dd79eed,a63aaa1b99aae78cd58b5beb8c271e538c4b10b43ff4aff7312d6e081dd79eed#clause_0011,11,subsidy_rule,空气源热泵热风机：按照设备购置费用80%的标准给予补贴，最高不超过24000元。,,,,,,,,,,,,,,,,,,,,step7b_iterB_rulefix,strict_all
Clause:a63aaa1b99aae78cd58b5beb8c271e538c4b10b43ff4aff7312d6e081dd79eed#clause_0012,Clause,,a63aaa1b99aae78cd58b5beb8c271e538c4b10b43ff4aff7312d6e081dd79eed,a63aaa1b99aae78cd58b5beb8c271e538c4b10b43ff4aff7312d6e081dd79eed#clause_0012,12,subsidy_rule,蓄能式电暖气：按照设备购置费用80%的标准给予补贴，最高不超过8000元（其中市财政补贴设备购置费用的三分之一，不足部分由区财政补贴）。,,,,,,,,,,,,,,,,,,,,step7b_iterB_rulefix,strict_all
Clause:a63aaa1b99aae78cd58b5beb8c271e538c4b10b43ff4aff7312d6e081dd79eed#clause_0013,Clause,,a63aaa1b99aae78cd58b5beb8c271e538c4b10b43ff4aff7312d6e081dd79eed,a63aaa1b99aae78cd58b5beb8c271e538c4b10b43ff4aff7312d6e081dd79eed#clause_0013,13,subsidy_rule,对经区民政局认定的低保户、低收入家庭和区退役军人事务局确认的享受定期抚恤和生活补助的烈属个人承担的自筹电采暖设备购置费用由区财政再给予80%的补贴，对经区民政局认定的特困人员（五保户）给予100%的补贴。低保户、低收入家庭、烈属、特困人员,,,,,,,,,,,,,,,,,,,,step7b_iterB_rulefix,strict_all
Clause:a63aaa1b99aae78cd58b5beb8c271e538c4b10b43ff4aff7312d6e081dd79eed#clause_0017,Clause,,a63aaa1b99aae78cd58b5beb8c271e538c4b10b43ff4aff7312d6e081dd79eed,a63aaa1b99aae78cd58b5beb8c271e538c4b10b43ff4aff7312d6e081dd79eed#clause_0017,17,subsidy_rule,（2）村级公益性活动场所村级公益性活动场所取暖“煤改电”改造费用，按照上一年度区统计局统计年报的村庄户数实行定额补贴，500户以下、500户以上,,,,,,,,,,,,,,,,,,,,step7b_iterB_rulefix,strict_all
Clause:a63aaa1b99aae78cd58b5beb8c271e538c4b10b43ff4aff7312d6e081dd79eed#clause_0018,Clause,,a63aaa1b99aae78cd58b5beb8c271e538c4b10b43ff4aff7312d6e081dd79eed,a63aaa1b99aae78cd58b5beb8c271e538c4b10b43ff4aff7312d6e081dd79eed#clause_0018,18,subsidy_rule,（含）的村庄分别补贴16.2万元/村（市财政补贴1.2万元，区财政补贴15万元）和17.4万元/村（市财政补贴2.4万元，区财政补贴15万元），由区财政拨付到各镇乡政府统筹用于村级公益性活动场所取暖“煤改电”，不足部分由各村自筹。,,,,,,,,,,,,,,,,,,,,step7b_iterB_rulefix,strict_all
Clause:a63aaa1b99aae78cd58b5beb8c271e538c4b10b43ff4aff7312d6e081dd79eed#clause_0019,Clause,,a63aaa1b99aae78cd58b5beb8c271e538c4b10b43ff4aff7312d6e081dd79eed,a63aaa1b99aae78cd58b5beb8c271e538c4b10b43ff4aff7312d6e081dd79eed#clause_0019,19,subsidy_rule,（3）籽种农业设施具备电力供应条件的籽种农业设施实施的取暖“煤改电”改造项目，市财政补贴取暖设备购置费的20%，其余部分由籽种农业设施园区自行承担。,,,,,,,,,,,,,,,,,,,,step7b_iterB_rulefix,strict_all
Clause:a63aaa1b99aae78cd58b5beb8c271e538c4b10b43ff4aff7312d6e081dd79eed#clause_0021,Clause,,a63aaa1b99aae78cd58b5beb8c271e538c4b10b43ff4aff7312d6e081dd79eed,a63aaa1b99aae78cd58b5beb8c271e538c4b10b43ff4aff7312d6e081dd79eed#clause_0021,21,subsidy_rule,4.采暖末端补贴对山区镇乡“煤改电”村庄，按照最终审计安装空气源热泵水暖机的总户数，2000元/户的标准给予补贴。,,,,,,,,,,,,,,,,,,,,step7b_iterB_rulefix,strict_all
Clause:a69f4fada444fbf3a5477b252309fb00555c6f7cb1797785c73b753cdaf02622#clause_0001,Clause,,a69f4fada444fbf3a5477b252309fb00555c6f7cb1797785c73b753cdaf02622,a69f4fada444fbf3a5477b252309fb00555c6f7cb1797785c73b753cdaf02622#clause_0001,1,subsidy_rule,“煤改电”居民扣除生活用电外，采暖用电每度电补贴0.1元，采暖季每户居民最高补贴1040元。,,,,,,,,,,,,,,,,,,,,step7b_iterB_rulefix,strict_all
Clause:a69f4fada444fbf3a5477b252309fb00555c6f7cb1797785c73b753cdaf02622#clause_0002,Clause,,a69f4fada444fbf3a5477b252309fb00555c6f7cb1797785c73b753cdaf02622,a69f4fada444fbf3a5477b252309fb00555c6f7cb1797785c73b753cdaf02622#clause_0002,2,subsidy_rule,农村“煤改电”区域集中供暖按照实际供暖用电量，在供暖用电量额度范围内每度电补贴0.1元。,,,,,,,,,,,,,,,,,,,,step7b_iterB_rulefix,strict_all
Clause:a69f4fada444fbf3a5477b252309fb00555c6f7cb1797785c73b753cdaf02622#clause_0003,Clause,,a69f4fada444fbf3a5477b252309fb00555c6f7cb1797785c73b753cdaf02622,a69f4fada444fbf3a5477b252309fb00555c6f7cb1797785c73b753cdaf02622#clause_0003,3,subsidy_rule,“煤改气”：“煤改气”居民用户每月扣除28方生活用气外，采暖用气每方气补贴1元，采暖季每户居民最高补贴1200元。,,,,,,,,,,,,,,,,,,,,step7b_iterB_rulefix,strict_all
Clause:a69f4fada444fbf3a5477b252309fb00555c6f7cb1797785c73b753cdaf02622#clause_0004,Clause,,a69f4fada444fbf3a5477b252309fb00555c6f7cb1797785c73b753cdaf02622,a69f4fada444fbf3a5477b252309fb00555c6f7cb1797785c73b753cdaf02622#clause_0004,4,subsidy_rule,对于无法计量采暖用气的“煤改气”用户，可由县级政府根据本地实际情况制定统一标准，原则上一个采暖季每户补贴标准不低于600元。,,,,,,,,,,,,,,,,,,,,step7b_iterB_rulefix,strict_all
Clause:a735ca67be12d3b0a942b516c34fc3488730bd0b1628ccf60e57a2451aa63180#clause_0003,Clause,,a735ca67be12d3b0a942b516c34fc3488730bd0b1628ccf60e57a2451aa63180,a735ca67be12d3b0a942b516c34fc3488730bd0b1628ccf60e57a2451aa63180#clause_0003,3,subsidy_rule,（二）采暖季运行补贴标准为 600 元/户。,,,,,,,,,,,,,,,,,,,,step7b_iterB_rulefix,strict_all
Clause:a7f3f83cc719dbd58fa3cba1078d11a8511ace91597d326e11375e817e2d73f6#clause_0001,Clause,,a7f3f83cc719dbd58fa3cba1078d11a8511ace91597d326e11375e817e2d73f6,a7f3f83cc719dbd58fa3cba1078d11a8511ace91597d326e11375e817e2d73f6#clause_0001,1,pricing_rule,居民用户用电仍按月抄表、年度阶梯电量结算，年度分档如下：第一档为年用电量≤2760千瓦时（对应月均≤230千瓦时），维持现行电价；,,,,,,,,,,,,,,,,,,,,step7b_iterB_rulefix,strict_all
Clause:a7f3f83cc719dbd58fa3cba1078d11a8511ace91597d326e11375e817e2d73f6#clause_0002,Clause,,a7f3f83cc719dbd58fa3cba1078d11a8511ace91597d326e11375e817e2d73f6,a7f3f83cc719dbd58fa3cba1078d11a8511ace91597d326e11375e817e2d73f6#clause_0002,2,pricing_rule,第二档为2760千瓦时＜年用电量≤4440千瓦时（对应月均230-370千瓦时），在第一档基础上加价0.05元/千瓦时；,,,,,,,,,,,,,,,,,,,,step7b_iterB_rulefix,strict_all
Clause:a7f3f83cc719dbd58fa3cba1078d11a8511ace91597d326e11375e817e2d73f6#clause_0003,Clause,,a7f3f83cc719dbd58fa3cba1078d11a8511ace91597d326e11375e817e2d73f6,a7f3f83cc719dbd58fa3cba1078d11a8511ace91597d326e11375e817e2d73f6#clause_0003,3,pricing_rule,第三档为年用电量＞4440千瓦时（对应月均＞370千瓦时），加价0.30元/千瓦时。,,,,,,,,,,,,,,,,,,,,step7b_iterB_rulefix,strict_all
Clause:a7f3f83cc719dbd58fa3cba1078d11a8511ace91597d326e11375e817e2d73f6#clause_0004,Clause,,a7f3f83cc719dbd58fa3cba1078d11a8511ace91597d326e11375e817e2d73f6,a7f3f83cc719dbd58fa3cba1078d11a8511ace91597d326e11375e817e2d73f6#clause_0004,4,time_rule,2016年过渡期间第一档为≤2400千瓦时，第二档为2400-3840千瓦时，第三档为＞3840千瓦时，保持现行加价标准，年度结束后清算未用足低档电量的客户。,,,,,,,,,,,,,,,,,,,,step7b_iterB_rulefix,strict_all
Clause:a841fd40884f65693f42fff950340f5c6e1dbdd734f6cb20bc5e15c9bbf474ec#clause_0003,Clause,,a841fd40884f65693f42fff950340f5c6e1dbdd734f6cb20bc5e15c9bbf474ec,a841fd40884f65693f42fff950340f5c6e1dbdd734f6cb20bc5e15c9bbf474ec#clause_0003,3,other,（含自有及租赁船舶）的40％具备受电设施。,,,,,,,,,,,,,,,,,,,,step7b_iterB_rulefix,strict_all
Clause:a841fd40884f65693f42fff950340f5c6e1dbdd734f6cb20bc5e15c9bbf474ec#clause_0004,Clause,,a841fd40884f65693f42fff950340f5c6e1dbdd734f6cb20bc5e15c9bbf474ec,a841fd40884f65693f42fff950340f5c6e1dbdd734f6cb20bc5e15c9bbf474ec#clause_0004,4,time_rule,港口码头岸电设施安装覆盖率方面，力争到2024年底，邮轮港口企业停靠邮轮的码头实现高压岸电设施100％全覆盖；,,,,,,,,,,,,,,,,,,,,step7b_iterB_rulefix,strict_all
Clause:a841fd40884f65693f42fff950340f5c6e1dbdd734f6cb20bc5e15c9bbf474ec#clause_0005,Clause,,a841fd40884f65693f42fff950340f5c6e1dbdd734f6cb20bc5e15c9bbf474ec,a841fd40884f65693f42fff950340f5c6e1dbdd734f6cb20bc5e15c9bbf474ec#clause_0005,5,time_rule,到2025年底，国际枢纽海港相关集装箱港口企业停靠国际干线集装箱船舶的码头实现高压岸电设施90％覆盖。,,,,,,,,,,,,,,,,,,,,step7b_iterB_rulefix,strict_all
Clause:a90ad1a3b708e8808bab56f3ff9155d788b100ae8fd28a759d636304a9fb6b03#clause_0001,Clause,,a90ad1a3b708e8808bab56f3ff9155d788b100ae8fd28a759d636304a9fb6b03,a90ad1a3b708e8808bab56f3ff9155d788b100ae8fd28a759d636304a9fb6b03#clause_0001,1,time_rule,高峰时段为11:00-17:00及20:00-22:00，电价上浮0.10元/千瓦时；,,,,,,,,,,,,,,,,,,,,step7b_iterB_rulefix,strict_all
Clause:a90ad1a3b708e8808bab56f3ff9155d788b100ae8fd28a759d636304a9fb6b03#clause_0002,Clause,,a90ad1a3b708e8808bab56f3ff9155d788b100ae8fd28a759d636304a9fb6b03,a90ad1a3b708e8808bab56f3ff9155d788b100ae8fd28a759d636304a9fb6b03#clause_0002,2,time_rule,低谷时段为00:00-08:00，电价下调0.18元/千瓦时；,,,,,,,,,,,,,,,,,,,,step7b_iterB_rulefix,strict_all
Clause:a90ad1a3b708e8808bab56f3ff9155d788b100ae8fd28a759d636304a9fb6b03#clause_0003,Clause,,a90ad1a3b708e8808bab56f3ff9155d788b100ae8fd28a759d636304a9fb6b03,a90ad1a3b708e8808bab56f3ff9155d788b100ae8fd28a759d636304a9fb6b03#clause_0003,3,pricing_rule,平段为08:00-11:00、17:00-20:00及22:00-24:00，执行国家规定的销售电价。,,,,,,,,,,,,,,,,,,,,step7b_iterB_rulefix,strict_all
Clause:ad67c3fdaa5a26925e5e3474443bab3a8b1737e94937ccbe115cabd74e2fc9a0#clause_0000,Clause,,ad67c3fdaa5a26925e5e3474443bab3a8b1737e94937ccbe115cabd74e2fc9a0,ad67c3fdaa5a26925e5e3474443bab3a8b1737e94937ccbe115cabd74e2fc9a0#clause_0000,0,time_rule,"2012年6月15日 北京市发展和改革委员会关于北京市居民生活用电试行阶梯电价的通知
2012年7月1日起，北京市对“一户一表”居民用户试行阶梯电价制度，电量分档及电价标准分为三档：第一档为不超过240千瓦时/月，维持现价；",,,,,,,,,,,,,,,,,,,,step7b_iterB_rulefix,strict_all
Clause:ad67c3fdaa5a26925e5e3474443bab3a8b1737e94937ccbe115cabd74e2fc9a0#clause_0001,Clause,,ad67c3fdaa5a26925e5e3474443bab3a8b1737e94937ccbe115cabd74e2fc9a0,ad67c3fdaa5a26925e5e3474443bab3a8b1737e94937ccbe115cabd74e2fc9a0#clause_0001,1,pricing_rule,第二档为241～400千瓦时/月，上浮0.05元/千瓦时；,,,,,,,,,,,,,,,,,,,,step7b_iterB_rulefix,strict_all
Clause:ad67c3fdaa5a26925e5e3474443bab3a8b1737e94937ccbe115cabd74e2fc9a0#clause_0002,Clause,,ad67c3fdaa5a26925e5e3474443bab3a8b1737e94937ccbe115cabd74e2fc9a0,ad67c3fdaa5a26925e5e3474443bab3a8b1737e94937ccbe115cabd74e2fc9a0#clause_0002,2,pricing_rule,第三档为超过400千瓦时/月，上浮0.3元/千瓦时。,,,,,,,,,,,,,,,,,,,,step7b_iterB_rulefix,strict_all
Clause:ad67c3fdaa5a26925e5e3474443bab3a8b1737e94937ccbe115cabd74e2fc9a0#clause_0003,Clause,,ad67c3fdaa5a26925e5e3474443bab3a8b1737e94937ccbe115cabd74e2fc9a0,ad67c3fdaa5a26925e5e3474443bab3a8b1737e94937ccbe115cabd74e2fc9a0#clause_0003,3,scope_rule,未实行“一户一表”的合表居民用户统一上调0.022元/千瓦时。,,,,,,,,,,,,,,,,,,,,step7b_iterB_rulefix,strict_all
Clause:ad67c3fdaa5a26925e5e3474443bab3a8b1737e94937ccbe115cabd74e2fc9a0#clause_0004,Clause,,ad67c3fdaa5a26925e5e3474443bab3a8b1737e94937ccbe115cabd74e2fc9a0,ad67c3fdaa5a26925e5e3474443bab3a8b1737e94937ccbe115cabd74e2fc9a0#clause_0004,4,subsidy_rule,城乡“低保户”和农村“五保户”享受每月15千瓦时的免费电量补贴。,,,,,,,,,,,,,,,,,,,,step7b_iterB_rulefix,strict_all
Clause:ad8d0971d97051367bf7e78a6885dd89b83772d35f94aaff8c56c77398caa167#clause_0002,Clause,,ad8d0971d97051367bf7e78a6885dd89b83772d35f94aaff8c56c77398caa167,ad8d0971d97051367bf7e78a6885dd89b83772d35f94aaff8c56c77398caa167#clause_0002,2,subsidy_rule,（对设备台数不作要求）购置、安装及电表后管线改造费用，按照不超过中标价格的标准进行补贴，最高补贴5000元/户，原则上补贴资金由中央、市、区（市）按照1:1:1的比例分担。有特殊情况的区,,,,,,,,,,,,,,,,,,,,step7b_iterB_rulefix,strict_all
Clause:ad8d0971d97051367bf7e78a6885dd89b83772d35f94aaff8c56c77398caa167#clause_0005,Clause,,ad8d0971d97051367bf7e78a6885dd89b83772d35f94aaff8c56c77398caa167,ad8d0971d97051367bf7e78a6885dd89b83772d35f94aaff8c56c77398caa167#clause_0005,5,subsidy_rule,"（含一台燃气壁挂炉和两组散热器）购置及安装费用，按照不超过决算价格的标准进行补贴，最高补贴5000元/户，燃气管网建设费用对燃气企业按照最高4000元/户进行补贴，原则上补贴资金由中央、市、区（市）按照1:1:1的比例分担。

3.分散式电代煤运行补贴。一户一表分散式电代煤用户，采暖期（11月至次年3月）居民",,,,,,,,,,,,,,,,,,,,step7b_iterB_rulefix,strict_all
Clause:ad8d0971d97051367bf7e78a6885dd89b83772d35f94aaff8c56c77398caa167#clause_0007,Clause,,ad8d0971d97051367bf7e78a6885dd89b83772d35f94aaff8c56c77398caa167,ad8d0971d97051367bf7e78a6885dd89b83772d35f94aaff8c56c77398caa167#clause_0007,7,subsidy_rule,每个采暖期按照最高600元/户进行补贴，原则上补贴资金由中央、市、区（市）按照1:1:1的比例分担。,,,,,,,,,,,,,,,,,,,,step7b_iterB_rulefix,strict_all
Clause:ad8d0971d97051367bf7e78a6885dd89b83772d35f94aaff8c56c77398caa167#clause_0010,Clause,,ad8d0971d97051367bf7e78a6885dd89b83772d35f94aaff8c56c77398caa167,ad8d0971d97051367bf7e78a6885dd89b83772d35f94aaff8c56c77398caa167#clause_0010,10,subsidy_rule,每个采暖期按照最高600元/户进行补贴，原则上补贴资金由中央、市、区（市）按照1:1:1的比例分担。,,,,,,,,,,,,,,,,,,,,step7b_iterB_rulefix,strict_all
Clause:ad8d0971d97051367bf7e78a6885dd89b83772d35f94aaff8c56c77398caa167#clause_0012,Clause,,ad8d0971d97051367bf7e78a6885dd89b83772d35f94aaff8c56c77398caa167,ad8d0971d97051367bf7e78a6885dd89b83772d35f94aaff8c56c77398caa167#clause_0012,12,task_assessment,按照相关建设技术标准，经验收合格后，按照最高40元/平方米,,,,,,,,,,,,,,,,,,,,step7b_iterB_rulefix,strict_all
Clause:ad8d0971d97051367bf7e78a6885dd89b83772d35f94aaff8c56c77398caa167#clause_0014,Clause,,ad8d0971d97051367bf7e78a6885dd89b83772d35f94aaff8c56c77398caa167,ad8d0971d97051367bf7e78a6885dd89b83772d35f94aaff8c56c77398caa167#clause_0014,14,task_assessment,市南区、市北区、李沧区三区按照相关建设技术标准，经验收合格后，按照最高150元/平方米,,,,,,,,,,,,,,,,,,,,step7b_iterB_rulefix,strict_all
Clause:ad8d0971d97051367bf7e78a6885dd89b83772d35f94aaff8c56c77398caa167#clause_0015,Clause,,ad8d0971d97051367bf7e78a6885dd89b83772d35f94aaff8c56c77398caa167,ad8d0971d97051367bf7e78a6885dd89b83772d35f94aaff8c56c77398caa167#clause_0015,15,subsidy_rule,"（改造建筑面积）进行补贴，原则上补贴资金由中央、市、区（市）按照1:1:1的比例分担。

3.农房节能改造项目。",,,,,,,,,,,,,,,,,,,,step7b_iterB_rulefix,strict_all
Clause:ad8d0971d97051367bf7e78a6885dd89b83772d35f94aaff8c56c77398caa167#clause_0016,Clause,,ad8d0971d97051367bf7e78a6885dd89b83772d35f94aaff8c56c77398caa167,ad8d0971d97051367bf7e78a6885dd89b83772d35f94aaff8c56c77398caa167#clause_0016,16,subsidy_rule,按照相关建设技术标准，经验收合格后，按照不超过中标价格的标准进行补贴，最高补贴7000元/户，原则上补贴资金由中央、市、区,,,,,,,,,,,,,,,,,,,,step7b_iterB_rulefix,strict_all
Clause:ad8d0971d97051367bf7e78a6885dd89b83772d35f94aaff8c56c77398caa167#clause_0018,Clause,,ad8d0971d97051367bf7e78a6885dd89b83772d35f94aaff8c56c77398caa167,ad8d0971d97051367bf7e78a6885dd89b83772d35f94aaff8c56c77398caa167#clause_0018,18,subsidy_rule,"对三年项目建设期内开展的超低能耗建筑建设项目，按照最高300元/平方米标准进行补贴，原则上补贴资金由中央、市、区（市）按照1:1:1的比例分担。

（四）供热燃煤锅炉改造项目。",,,,,,,,,,,,,,,,,,,,step7b_iterB_rulefix,strict_all
Clause:ad8d0971d97051367bf7e78a6885dd89b83772d35f94aaff8c56c77398caa167#clause_0020,Clause,,ad8d0971d97051367bf7e78a6885dd89b83772d35f94aaff8c56c77398caa167,ad8d0971d97051367bf7e78a6885dd89b83772d35f94aaff8c56c77398caa167#clause_0020,20,subsidy_rule,以社区为单位实施区域集中供热的可再生能源取暖、多能互补取暖等清洁取暖工程项目，依据建设项目的评估面积，按照55元/平方米且每户不高于3850元的标准进行补贴，原则上补贴资金由中央、市、区（市）按照1:1:1的比例分担。,,,,,,,,,,,,,,,,,,,,step7b_iterB_rulefix,strict_all
Clause:b226c20a65783d1f8db7b2363b213e14f1e34d6b8e5e8bdb96566bb70d6c687a#clause_0001,Clause,,b226c20a65783d1f8db7b2363b213e14f1e34d6b8e5e8bdb96566bb70d6c687a,b226c20a65783d1f8db7b2363b213e14f1e34d6b8e5e8bdb96566bb70d6c687a#clause_0001,1,table_row_clause,2024-09-11 	《永春县设施农业温室大棚政策》	起补面积：类温室大棚的起补面积分别为智能温室2亩、智能温控大棚一10亩、智能温控大棚二10亩、温室大棚一20亩、温室大棚二20亩、温室大棚三20亩。多棚型申报的合计起补面积以其中起补要求高的为准。基本补助标准：参照原六类省定温室大棚补助标准，叠加市级补贴后，即：智能温室每亩10万元、智能温控大棚一每亩5万元(其中未配备外遮阳系统的智能温控大棚一基本补助标准调整为每亩补助4万元)、智能温控大棚二每亩2万元、温室大棚一每亩1万元、温室大棚二每亩0.75万元、温室大棚三每亩0.5万元。,,,,,,,,,,,,,,,,,,,,step7b_iterB_rulefix,strict_all
Clause:b226c20a65783d1f8db7b2363b213e14f1e34d6b8e5e8bdb96566bb70d6c687a#clause_0003,Clause,,b226c20a65783d1f8db7b2363b213e14f1e34d6b8e5e8bdb96566bb70d6c687a,b226c20a65783d1f8db7b2363b213e14f1e34d6b8e5e8bdb96566bb70d6c687a#clause_0003,3,subsidy_rule,基本补助标准：参照原六类省定温室大棚补助标准，叠加市级补贴后，即：智能温室每亩10万元、智能温控大棚一每亩5万元(其中未配备外遮阳系统的智能温控大棚一基本补助标准调整为每亩补助4万元)、智能温控大棚二每亩2万元、温室大棚一每亩1万元、温室大棚二每亩0.75万元、温室大棚三每亩0.5万元。,,,,,,,,,,,,,,,,,,,,step7b_iterB_rulefix,strict_all
Clause:b271f30c7c5bbb7895cc6deb831772df2106e756fd6d2f0fa32695d59dba3cda#clause_0003,Clause,,b271f30c7c5bbb7895cc6deb831772df2106e756fd6d2f0fa32695d59dba3cda,b271f30c7c5bbb7895cc6deb831772df2106e756fd6d2f0fa32695d59dba3cda#clause_0003,3,time_rule,纯电动乘用车新车平均电耗降至12.0千瓦时/百公里，新能源汽车新车销售量达到汽车新车销售总量的20%左右，高度自动驾驶汽车实现限定区域和特定场景商业化应用，充换电服务便利性显著提高。,,,,,,,,,,,,,,,,,,,,step7b_iterB_rulefix,strict_all
Clause:b5738e1db12f50b7e6a3416bacdba11f06c5373d2cb3d80d31a90bdf09b3ddb1#clause_0001,Clause,,b5738e1db12f50b7e6a3416bacdba11f06c5373d2cb3d80d31a90bdf09b3ddb1,b5738e1db12f50b7e6a3416bacdba11f06c5373d2cb3d80d31a90bdf09b3ddb1#clause_0001,1,time_rule,调整后，尖峰时段为7月、8月20:00-22:00，其他月份18:00-20:00；,,,,,,,,,,,,,,,,,,,,step7b_iterB_rulefix,strict_all
Clause:b5738e1db12f50b7e6a3416bacdba11f06c5373d2cb3d80d31a90bdf09b3ddb1#clause_0002,Clause,,b5738e1db12f50b7e6a3416bacdba11f06c5373d2cb3d80d31a90bdf09b3ddb1,b5738e1db12f50b7e6a3416bacdba11f06c5373d2cb3d80d31a90bdf09b3ddb1#clause_0002,2,time_rule,高峰时段为7月、8月16:00-20:00和22:00-24:00，其他月份16:00-18:00和20:00-24:00；,,,,,,,,,,,,,,,,,,,,step7b_iterB_rulefix,strict_all
Clause:b5738e1db12f50b7e6a3416bacdba11f06c5373d2cb3d80d31a90bdf09b3ddb1#clause_0003,Clause,,b5738e1db12f50b7e6a3416bacdba11f06c5373d2cb3d80d31a90bdf09b3ddb1,b5738e1db12f50b7e6a3416bacdba11f06c5373d2cb3d80d31a90bdf09b3ddb1#clause_0003,3,time_rule,平时段为6:00-12:00和14:00-16:00；,,,,,,,,,,,,,,,,,,,,step7b_iterB_rulefix,strict_all
Clause:b5738e1db12f50b7e6a3416bacdba11f06c5373d2cb3d80d31a90bdf09b3ddb1#clause_0004,Clause,,b5738e1db12f50b7e6a3416bacdba11f06c5373d2cb3d80d31a90bdf09b3ddb1,b5738e1db12f50b7e6a3416bacdba11f06c5373d2cb3d80d31a90bdf09b3ddb1#clause_0004,4,time_rule,低谷时段为0:00-6:00和12:00-14:00。,,,,,,,,,,,,,,,,,,,,step7b_iterB_rulefix,strict_all
Clause:b5738e1db12f50b7e6a3416bacdba11f06c5373d2cb3d80d31a90bdf09b3ddb1#clause_0005,Clause,,b5738e1db12f50b7e6a3416bacdba11f06c5373d2cb3d80d31a90bdf09b3ddb1,b5738e1db12f50b7e6a3416bacdba11f06c5373d2cb3d80d31a90bdf09b3ddb1#clause_0005,5,time_rule,尖峰、高峰、平时、低谷电价比调整为平常月份1.8:1.49:1:0.48，夏季、冬季高峰月份（7月、8月及12月、1月）尖峰电价上浮至2.0，低谷电价下调至0.45。,,,,,,,,,,,,,,,,,,,,step7b_iterB_rulefix,strict_all
Clause:b6ac32394452c6d0ae0c24d7fb0f3da37e1c69cccd0cb1261cfbe06d98960bfe#clause_0002,Clause,,b6ac32394452c6d0ae0c24d7fb0f3da37e1c69cccd0cb1261cfbe06d98960bfe,b6ac32394452c6d0ae0c24d7fb0f3da37e1c69cccd0cb1261cfbe06d98960bfe#clause_0002,2,subsidy_rule,（含表后线路改造）费用，实行一次补贴，按照4600元/户的标准补贴至用户，市、县（市、区）按照2：3比例分担，不足部分由用户承担。,,,,,,,,,,,,,,,,,,,,step7b_iterB_rulefix,strict_all
Clause:b6ac32394452c6d0ae0c24d7fb0f3da37e1c69cccd0cb1261cfbe06d98960bfe#clause_0005,Clause,,b6ac32394452c6d0ae0c24d7fb0f3da37e1c69cccd0cb1261cfbe06d98960bfe,b6ac32394452c6d0ae0c24d7fb0f3da37e1c69cccd0cb1261cfbe06d98960bfe#clause_0005,5,subsidy_rule,自2019年起对本年度“煤改电”用户按照采暖期用电0.2元/千瓦时的标准补贴，每户每年最高补贴电量6000千瓦时,,,,,,,,,,,,,,,,,,,,step7b_iterB_rulefix,strict_all
Clause:b6ac32394452c6d0ae0c24d7fb0f3da37e1c69cccd0cb1261cfbe06d98960bfe#clause_0006,Clause,,b6ac32394452c6d0ae0c24d7fb0f3da37e1c69cccd0cb1261cfbe06d98960bfe,b6ac32394452c6d0ae0c24d7fb0f3da37e1c69cccd0cb1261cfbe06d98960bfe#clause_0006,6,subsidy_rule,（每户每年最高补贴1200元），所需资金由市、县按照3：7比例分担，补贴时间暂定3年。,,,,,,,,,,,,,,,,,,,,step7b_iterB_rulefix,strict_all
Clause:b7970415004e18258dafe12d1a8aab2812448cb5c877684915b31d587b891911#clause_0001,Clause,,b7970415004e18258dafe12d1a8aab2812448cb5c877684915b31d587b891911,b7970415004e18258dafe12d1a8aab2812448cb5c877684915b31d587b891911#clause_0001,1,pricing_rule,具体电价标准为：第一档电量为每户每月0-150度，电价为每度0.3771元；,,,,,,,,,,,,,,,,,,,,step7b_iterB_rulefix,strict_all
Clause:b7970415004e18258dafe12d1a8aab2812448cb5c877684915b31d587b891911#clause_0002,Clause,,b7970415004e18258dafe12d1a8aab2812448cb5c877684915b31d587b891911,b7970415004e18258dafe12d1a8aab2812448cb5c877684915b31d587b891911#clause_0002,2,pricing_rule,第二档电量为每户每月151-230度，电价为每度0.4271元；,,,,,,,,,,,,,,,,,,,,step7b_iterB_rulefix,strict_all
Clause:b7970415004e18258dafe12d1a8aab2812448cb5c877684915b31d587b891911#clause_0003,Clause,,b7970415004e18258dafe12d1a8aab2812448cb5c877684915b31d587b891911,b7970415004e18258dafe12d1a8aab2812448cb5c877684915b31d587b891911#clause_0003,3,pricing_rule,第三档电量为每户每月超过230度的电量，电价为每度0.6771元。,,,,,,,,,,,,,,,,,,,,step7b_iterB_rulefix,strict_all
Clause:bafa420f1d8370c5c99454d226f26a0e88bc2bbe6c9dd1cfdde722b231931173#clause_0000,Clause,,bafa420f1d8370c5c99454d226f26a0e88bc2bbe6c9dd1cfdde722b231931173,bafa420f1d8370c5c99454d226f26a0e88bc2bbe6c9dd1cfdde722b231931173#clause_0000,0,subsidy_rule,"<h2>file:洋浦港鼓励靠泊船舶使用岸电扶持暂行办法.txt</h2>
2022年12月5日	洋浦港鼓励靠泊船舶使用岸电扶持暂行办法	
对于洋浦港岸电使用率低的不同原因，实施不同补贴政策，共分为两类：一是针对具备标准岸电受电设施的船舶极少问题，实施船舶岸电受电设施改造资助，
对加入并履行洋浦港航绿色公约、航运企业和船舶注册地均为洋浦的船舶岸电受电设施改造按照项目设施设备购置费的30%予以资助。以期促进船舶的岸电
受电改造。",,,,,,,,,,,,,,,,,,,,step7b_iterB_rulefix,strict_all
Clause:bd51cc43b481bc63bc7d269674f0a2f4518f280c59a782356bbaab35e7c9725c#clause_0001,Clause,,bd51cc43b481bc63bc7d269674f0a2f4518f280c59a782356bbaab35e7c9725c,bd51cc43b481bc63bc7d269674f0a2f4518f280c59a782356bbaab35e7c9725c#clause_0001,1,pricing_rule,新的阶梯电价标准根据铝液综合交流电耗进行分档，高于分档标准的每超出20千瓦时将加价0.01元。,,,,,,,,,,,,,,,,,,,,step7b_iterB_rulefix,strict_all
Clause:bd51cc43b481bc63bc7d269674f0a2f4518f280c59a782356bbaab35e7c9725c#clause_0002,Clause,,bd51cc43b481bc63bc7d269674f0a2f4518f280c59a782356bbaab35e7c9725c,bd51cc43b481bc63bc7d269674f0a2f4518f280c59a782356bbaab35e7c9725c#clause_0002,2,time_rule,2023年起，分档标准调整为13450千瓦时/吨，2025年将进一步调整为13300千瓦时/吨。,,,,,,,,,,,,,,,,,,,,step7b_iterB_rulefix,strict_all
Clause:bd51cc43b481bc63bc7d269674f0a2f4518f280c59a782356bbaab35e7c9725c#clause_0003,Clause,,bd51cc43b481bc63bc7d269674f0a2f4518f280c59a782356bbaab35e7c9725c,bd51cc43b481bc63bc7d269674f0a2f4518f280c59a782356bbaab35e7c9725c#clause_0003,3,pricing_rule,同时，鼓励企业提高清洁能源使用水平，减少化石能源消耗，非水可再生能源占比每增加1%，加价标准相应降低1%,,,,,,,,,,,,,,,,,,,,step7b_iterB_rulefix,strict_all
Clause:bd6202baffd47fe0052d9accf098e87cdadac6623a4be7112867c5541bb55aeb#clause_0000,Clause,,bd6202baffd47fe0052d9accf098e87cdadac6623a4be7112867c5541bb55aeb,bd6202baffd47fe0052d9accf098e87cdadac6623a4be7112867c5541bb55aeb#clause_0000,0,subsidy_rule,"<h2>file:《关中地区铁腕治霾专项行动奖补办法》.txt</h2>
《关中地区铁腕治霾专项行动奖补办法》2017-06-01 对具备改造条件区域城乡居民实施“煤改气”、“煤改电”，每户一次性给予天然气初装工料费或改电采暖设备补助1000元；",,,,,,,,,,,,,,,,,,,,step7b_iterB_rulefix,strict_all
Clause:bd6202baffd47fe0052d9accf098e87cdadac6623a4be7112867c5541bb55aeb#clause_0001,Clause,,bd6202baffd47fe0052d9accf098e87cdadac6623a4be7112867c5541bb55aeb,bd6202baffd47fe0052d9accf098e87cdadac6623a4be7112867c5541bb55aeb#clause_0001,1,subsidy_rule,对不具备改造条件的农村地区，改用高效清洁炉具，每户一次性补助300元；,,,,,,,,,,,,,,,,,,,,step7b_iterB_rulefix,strict_all
Clause:bd6202baffd47fe0052d9accf098e87cdadac6623a4be7112867c5541bb55aeb#clause_0002,Clause,,bd6202baffd47fe0052d9accf098e87cdadac6623a4be7112867c5541bb55aeb,bd6202baffd47fe0052d9accf098e87cdadac6623a4be7112867c5541bb55aeb#clause_0002,2,subsidy_rule,对实施改造有困难的城区低保户及农村建档立卡贫困户，改用兰炭、洁净煤等清洁燃料，每户每年补助300元，连续补助三年；,,,,,,,,,,,,,,,,,,,,step7b_iterB_rulefix,strict_all
Clause:bd6202baffd47fe0052d9accf098e87cdadac6623a4be7112867c5541bb55aeb#clause_0003,Clause,,bd6202baffd47fe0052d9accf098e87cdadac6623a4be7112867c5541bb55aeb,bd6202baffd47fe0052d9accf098e87cdadac6623a4be7112867c5541bb55aeb#clause_0003,3,subsidy_rule,鼓励实施农村秸秆全量还田，2017年每亩补助20元；,,,,,,,,,,,,,,,,,,,,step7b_iterB_rulefix,strict_all
Clause:bd73b5413d3142d68aeb1a0da4a43352c8e1b26d5db0852155778c681c7a2aa4#clause_0009,Clause,,bd73b5413d3142d68aeb1a0da4a43352c8e1b26d5db0852155778c681c7a2aa4,bd73b5413d3142d68aeb1a0da4a43352c8e1b26d5db0852155778c681c7a2aa4#clause_0009,9,time_rule,到2025年，电能占终端能源消费比重达到30%左右。,,,,,,,,,,,,,,,,,,,,step7b_iterB_rulefix,strict_all
Clause:bd9a5debe3e285290408196ff9a61cc7d1acd325eab100746bcd7562b196b7dd#clause_0000,Clause,,bd9a5debe3e285290408196ff9a61cc7d1acd325eab100746bcd7562b196b7dd,bd9a5debe3e285290408196ff9a61cc7d1acd325eab100746bcd7562b196b7dd#clause_0000,0,subsidy_rule,"<h2>file:《2024-2025年咸阳市采暖季清洁取暖运行.txt</h2>
2024年12月18日	《2024-2025年咸阳市采暖季清洁取暖运行补贴政策》	""补贴标准600元/户/采暖季，每户根据不同取暖方式只能享受一种清洁取暖方式运行补贴。",,,,,,,,,,,,,,,,,,,,step7b_iterB_rulefix,strict_all
Clause:bd9a5debe3e285290408196ff9a61cc7d1acd325eab100746bcd7562b196b7dd#clause_0001,Clause,,bd9a5debe3e285290408196ff9a61cc7d1acd325eab100746bcd7562b196b7dd,bd9a5debe3e285290408196ff9a61cc7d1acd325eab100746bcd7562b196b7dd#clause_0001,1,table_row_clause,"2024年12月18日	《2024-2025年咸阳市采暖季清洁取暖运行补贴政策》	""补贴标准600元/户/采暖季，每户根据不同取暖方式只能享受一种清洁取暖方式运行补贴。中央和省级财政承担240元/户/采暖季，市级财政承担180元/户/采暖季，各县市区财政承担不低于180元/户/采暖季，也可结合各自财力情况和运行情况适度提高补贴标准。",,,,,,,,,,,,,,,,,,,,step7b_iterB_rulefix,strict_all
Clause:bd9a5debe3e285290408196ff9a61cc7d1acd325eab100746bcd7562b196b7dd#clause_0002,Clause,,bd9a5debe3e285290408196ff9a61cc7d1acd325eab100746bcd7562b196b7dd,bd9a5debe3e285290408196ff9a61cc7d1acd325eab100746bcd7562b196b7dd#clause_0002,2,subsidy_rule,中央和省级财政承担240元/户/采暖季，市级财政承担180元/户/采暖季，各县市区财政承担不低于180元/户/采暖季，也可结合各自财力情况和运行情况适度提高补贴标准。,,,,,,,,,,,,,,,,,,,,step7b_iterB_rulefix,strict_all
Clause:bd9a5debe3e285290408196ff9a61cc7d1acd325eab100746bcd7562b196b7dd#clause_0006,Clause,,bd9a5debe3e285290408196ff9a61cc7d1acd325eab100746bcd7562b196b7dd,bd9a5debe3e285290408196ff9a61cc7d1acd325eab100746bcd7562b196b7dd#clause_0006,6,time_rule,（不少于两个月）完成生物质专用颗粒燃料采购，采暖季前发放到户。,,,,,,,,,,,,,,,,,,,,step7b_iterB_rulefix,strict_all
Clause:be6ae43a80945b2c12f24215ce25f2251d1063d21021b1879c021d8cbdc168d0#clause_0001,Clause,,be6ae43a80945b2c12f24215ce25f2251d1063d21021b1879c021d8cbdc168d0,be6ae43a80945b2c12f24215ce25f2251d1063d21021b1879c021d8cbdc168d0#clause_0001,1,time_rule,2016—2020年，实现能源终端消费环节电能替代散烧煤、燃油消费总量约1.3亿吨标煤，带动电煤占煤炭消费比重提高约1.9%，带动电能占终端能源消费比重提高约1.5%，促进电能占终端能源消费比重达到约27%。,,,,,,,,,,,,,,,,,,,,step7b_iterB_rulefix,strict_all
Clause:c2a4e02e4cd2e0f22c6b14e2826b94e5c6662dcc9e7b29844165f14d4e30aceb#clause_0001,Clause,,c2a4e02e4cd2e0f22c6b14e2826b94e5c6662dcc9e7b29844165f14d4e30aceb,c2a4e02e4cd2e0f22c6b14e2826b94e5c6662dcc9e7b29844165f14d4e30aceb#clause_0001,1,time_rule,2016—2020年，实现能源终端消费环节电能替代散烧煤、燃油消费总量约1.3亿吨标煤，带动电煤占煤炭消费比重提高约1.9%，带动电能占终端能源消费比重提高约1.5%，促进电能占终端能源消费比重达到约27%。,,,,,,,,,,,,,,,,,,,,step7b_iterB_rulefix,strict_all
Clause:c2ce66de36909532e26911cf9b98d757038c277f798c2df1d78f1637f74e4b2a#clause_0000,Clause,,c2ce66de36909532e26911cf9b98d757038c277f798c2df1d78f1637f74e4b2a,c2ce66de36909532e26911cf9b98d757038c277f798c2df1d78f1637f74e4b2a#clause_0000,0,subsidy_rule,"<h2>file:《2024—2025年咸阳市采暖季清洁取暖运行补贴政策》.txt</h2>
《2024—2025年咸阳市采暖季清洁取暖运行补贴政策》
2024年12月18日，咸阳召开新闻发布会，补贴范围中明确，纳入关中地区散煤治理平台的2024—2025年采暖季录入生效农村地区825212户居民用户，各县市区可根据农村居民户实际用电、用气情况细化确定补贴范围，对于符合补贴发放的用户采取据实发放方式予以补贴，不再区分改造户、自改户、常住户、非常住户、低用电量户、稳定运行户等类型。",,,,,,,,,,,,,,,,,,,,step7b_iterB_rulefix,strict_all
Clause:c2ce66de36909532e26911cf9b98d757038c277f798c2df1d78f1637f74e4b2a#clause_0001,Clause,,c2ce66de36909532e26911cf9b98d757038c277f798c2df1d78f1637f74e4b2a,c2ce66de36909532e26911cf9b98d757038c277f798c2df1d78f1637f74e4b2a#clause_0001,1,subsidy_rule,补贴标准为600元/户/采暖季，每户根据不同取暖方式只能享受一种清洁取暖方式运行补贴。,,,,,,,,,,,,,,,,,,,,step7b_iterB_rulefix,strict_all
Clause:c32ed07b1f8848d45dcf196616c7064ebdf5a10f0ce328b277c662ee5197f29b#clause_0008,Clause,,c32ed07b1f8848d45dcf196616c7064ebdf5a10f0ce328b277c662ee5197f29b,c32ed07b1f8848d45dcf196616c7064ebdf5a10f0ce328b277c662ee5197f29b#clause_0008,8,subsidy_rule,在报废基础上更新为燃油动力船舶或新能源清洁能源船舶的，根据不同船舶类型按1500—3200元/总吨予以补贴；,,,,,,,,,,,,,,,,,,,,step7b_iterB_rulefix,strict_all
Clause:c32ed07b1f8848d45dcf196616c7064ebdf5a10f0ce328b277c662ee5197f29b#clause_0009,Clause,,c32ed07b1f8848d45dcf196616c7064ebdf5a10f0ce328b277c662ee5197f29b,c32ed07b1f8848d45dcf196616c7064ebdf5a10f0ce328b277c662ee5197f29b#clause_0009,9,subsidy_rule,新建新能源清洁能源船舶，根据不同船舶类型按1000—2200元/总吨予以补贴；,,,,,,,,,,,,,,,,,,,,step7b_iterB_rulefix,strict_all
Clause:c32ed07b1f8848d45dcf196616c7064ebdf5a10f0ce328b277c662ee5197f29b#clause_0010,Clause,,c32ed07b1f8848d45dcf196616c7064ebdf5a10f0ce328b277c662ee5197f29b,c32ed07b1f8848d45dcf196616c7064ebdf5a10f0ce328b277c662ee5197f29b#clause_0010,10,subsidy_rule,只提前报废老旧营运船舶的，平均按1000元/总吨予以补贴提高新能源公交车及动力电池更新补贴标准。,,,,,,,,,,,,,,,,,,,,step7b_iterB_rulefix,strict_all
Clause:c32ed07b1f8848d45dcf196616c7064ebdf5a10f0ce328b277c662ee5197f29b#clause_0012,Clause,,c32ed07b1f8848d45dcf196616c7064ebdf5a10f0ce328b277c662ee5197f29b,c32ed07b1f8848d45dcf196616c7064ebdf5a10f0ce328b277c662ee5197f29b#clause_0012,12,subsidy_rule,更新车龄 8 年及以上的新能源公交车及动力电池，平均每辆车补贴6万元,,,,,,,,,,,,,,,,,,,,step7b_iterB_rulefix,strict_all
Clause:c6c4d1cca7577b75493e8eccc57343e9ea85d61bd6551b6ac6674cdb45eba353#clause_0001,Clause,,c6c4d1cca7577b75493e8eccc57343e9ea85d61bd6551b6ac6674cdb45eba353,c6c4d1cca7577b75493e8eccc57343e9ea85d61bd6551b6ac6674cdb45eba353#clause_0001,1,table_row_clause,2024-09-11 	《永春县设施农业温室大棚政策》	起补面积：类温室大棚的起补面积分别为智能温室2亩、智能温控大棚一10亩、智能温控大棚二10亩、温室大棚一20亩、温室大棚二20亩、温室大棚三20亩。多棚型申报的合计起补面积以其中起补要求高的为准。基本补助标准：参照原六类省定温室大棚补助标准，叠加市级补贴后，即：智能温室每亩10万元、智能温控大棚一每亩5万元(其中未配备外遮阳系统的智能温控大棚一基本补助标准调整为每亩补助4万元)、智能温控大棚二每亩2万元、温室大棚一每亩1万元、温室大棚二每亩0.75万元、温室大棚三每亩0.5万元。,,,,,,,,,,,,,,,,,,,,step7b_iterB_rulefix,strict_all
Clause:c6c4d1cca7577b75493e8eccc57343e9ea85d61bd6551b6ac6674cdb45eba353#clause_0003,Clause,,c6c4d1cca7577b75493e8eccc57343e9ea85d61bd6551b6ac6674cdb45eba353,c6c4d1cca7577b75493e8eccc57343e9ea85d61bd6551b6ac6674cdb45eba353#clause_0003,3,subsidy_rule,基本补助标准：参照原六类省定温室大棚补助标准，叠加市级补贴后，即：智能温室每亩10万元、智能温控大棚一每亩5万元(其中未配备外遮阳系统的智能温控大棚一基本补助标准调整为每亩补助4万元)、智能温控大棚二每亩2万元、温室大棚一每亩1万元、温室大棚二每亩0.75万元、温室大棚三每亩0.5万元。,,,,,,,,,,,,,,,,,,,,step7b_iterB_rulefix,strict_all
Clause:c80f2dd9f8ab9ede518f687340532ea6c112fcb9853f34f7e4222b63d0b21ed5#clause_0003,Clause,,c80f2dd9f8ab9ede518f687340532ea6c112fcb9853f34f7e4222b63d0b21ed5,c80f2dd9f8ab9ede518f687340532ea6c112fcb9853f34f7e4222b63d0b21ed5#clause_0003,3,task_assessment,2024年11月15日前，全市完成冬季清洁取暖改造“煤改电”13838户任务，具体数据以验收为准。,,,,,,,,,,,,,,,,,,,,step7b_iterB_rulefix,strict_all
Clause:c87c6c303d4ebe0bce627bed2792bac1dd9e89ad192d23b7144aa9570705b240#clause_0000,Clause,,c87c6c303d4ebe0bce627bed2792bac1dd9e89ad192d23b7144aa9570705b240,c87c6c303d4ebe0bce627bed2792bac1dd9e89ad192d23b7144aa9570705b240#clause_0000,0,subsidy_rule,"<h2>file:《2024-2025年咸阳市采暖季清洁取暖运行.txt</h2>
2024年12月18日	《2024-2025年咸阳市采暖季清洁取暖运行补贴政策》	""补贴标准600元/户/采暖季，每户根据不同取暖方式只能享受一种清洁取暖方式运行补贴。",,,,,,,,,,,,,,,,,,,,step7b_iterB_rulefix,strict_all
Clause:c87c6c303d4ebe0bce627bed2792bac1dd9e89ad192d23b7144aa9570705b240#clause_0001,Clause,,c87c6c303d4ebe0bce627bed2792bac1dd9e89ad192d23b7144aa9570705b240,c87c6c303d4ebe0bce627bed2792bac1dd9e89ad192d23b7144aa9570705b240#clause_0001,1,table_row_clause,"2024年12月18日	《2024-2025年咸阳市采暖季清洁取暖运行补贴政策》	""补贴标准600元/户/采暖季，每户根据不同取暖方式只能享受一种清洁取暖方式运行补贴。中央和省级财政承担240元/户/采暖季，市级财政承担180元/户/采暖季，各县市区财政承担不低于180元/户/采暖季，也可结合各自财力情况和运行情况适度提高补贴标准。",,,,,,,,,,,,,,,,,,,,step7b_iterB_rulefix,strict_all
Clause:c87c6c303d4ebe0bce627bed2792bac1dd9e89ad192d23b7144aa9570705b240#clause_0002,Clause,,c87c6c303d4ebe0bce627bed2792bac1dd9e89ad192d23b7144aa9570705b240,c87c6c303d4ebe0bce627bed2792bac1dd9e89ad192d23b7144aa9570705b240#clause_0002,2,subsidy_rule,中央和省级财政承担240元/户/采暖季，市级财政承担180元/户/采暖季，各县市区财政承担不低于180元/户/采暖季，也可结合各自财力情况和运行情况适度提高补贴标准。,,,,,,,,,,,,,,,,,,,,step7b_iterB_rulefix,strict_all
Clause:c87c6c303d4ebe0bce627bed2792bac1dd9e89ad192d23b7144aa9570705b240#clause_0006,Clause,,c87c6c303d4ebe0bce627bed2792bac1dd9e89ad192d23b7144aa9570705b240,c87c6c303d4ebe0bce627bed2792bac1dd9e89ad192d23b7144aa9570705b240#clause_0006,6,time_rule,（不少于两个月）完成生物质专用颗粒燃料采购，采暖季前发放到户。,,,,,,,,,,,,,,,,,,,,step7b_iterB_rulefix,strict_all
Clause:ca0ecafa5d9b0881a307250ed1dfb3f239da064ec327235d5f6bf4b0afde27d8#clause_0001,Clause,,ca0ecafa5d9b0881a307250ed1dfb3f239da064ec327235d5f6bf4b0afde27d8,ca0ecafa5d9b0881a307250ed1dfb3f239da064ec327235d5f6bf4b0afde27d8#clause_0001,1,table_row_clause,2023年9月1日	《关于示范推进国际航线集装箱船舶和邮轮靠港使用岸电行动方案（2023-2025年）》	船舶受电设施安装率方面，到2024年底，国际邮轮公司在具备岸电供应能力的邮轮港口靠泊的邮轮具备受电设施。到2025年底，国际集装箱班轮公司挂靠具备岸电供应能力的港口的国际干线集装箱船舶（含自有及租赁船舶）的40％具备受电设施。港口码头岸电设施安装覆盖率方面，力争到2024年底，邮轮港口企业停靠邮轮的码头实现高压岸电设施100％全覆盖；到2025年底，国际枢纽海港相关集装箱港口企业停靠国际干线集装箱船舶的码头实现高压岸电设施90％覆盖。船港岸电常态化使用方面，到2023年底，具备使用条件的船舶和港口企业实现岸电常态化使用。码头岸电用电量方面，到2025年，国际干线集装箱船舶、邮轮靠泊岸电用电量较2022年大幅上升。,,,,,,,,,,,,,,,,,,,,step7b_iterB_rulefix,strict_all
Clause:ca0ecafa5d9b0881a307250ed1dfb3f239da064ec327235d5f6bf4b0afde27d8#clause_0003,Clause,,ca0ecafa5d9b0881a307250ed1dfb3f239da064ec327235d5f6bf4b0afde27d8,ca0ecafa5d9b0881a307250ed1dfb3f239da064ec327235d5f6bf4b0afde27d8#clause_0003,3,other,（含自有及租赁船舶）的40％具备受电设施。,,,,,,,,,,,,,,,,,,,,step7b_iterB_rulefix,strict_all
Clause:ca0ecafa5d9b0881a307250ed1dfb3f239da064ec327235d5f6bf4b0afde27d8#clause_0004,Clause,,ca0ecafa5d9b0881a307250ed1dfb3f239da064ec327235d5f6bf4b0afde27d8,ca0ecafa5d9b0881a307250ed1dfb3f239da064ec327235d5f6bf4b0afde27d8#clause_0004,4,time_rule,港口码头岸电设施安装覆盖率方面，力争到2024年底，邮轮港口企业停靠邮轮的码头实现高压岸电设施100％全覆盖；,,,,,,,,,,,,,,,,,,,,step7b_iterB_rulefix,strict_all
Clause:ca0ecafa5d9b0881a307250ed1dfb3f239da064ec327235d5f6bf4b0afde27d8#clause_0005,Clause,,ca0ecafa5d9b0881a307250ed1dfb3f239da064ec327235d5f6bf4b0afde27d8,ca0ecafa5d9b0881a307250ed1dfb3f239da064ec327235d5f6bf4b0afde27d8#clause_0005,5,time_rule,到2025年底，国际枢纽海港相关集装箱港口企业停靠国际干线集装箱船舶的码头实现高压岸电设施90％覆盖。,,,,,,,,,,,,,,,,,,,,step7b_iterB_rulefix,strict_all
Clause:caba957d68aa6af5d167e94c352c8d9f5f96b825d40f347b6718b9d13c8253b4#clause_0001,Clause,,caba957d68aa6af5d167e94c352c8d9f5f96b825d40f347b6718b9d13c8253b4,caba957d68aa6af5d167e94c352c8d9f5f96b825d40f347b6718b9d13c8253b4#clause_0001,1,task_assessment,"2024年5月23日	关于印发河津市2024年冬季清洁取暖工作实施方案的通知	　
2024年11月15日前，全市完成冬季清洁取暖改造“煤改电”13838户任务，具体数据以验收为准。",,,,,,,,,,,,,,,,,,,,step7b_iterB_rulefix,strict_all
Clause:cabe05c4dbda50ec49c95f7660116adc6893472b4c0d161d06711a5647f6c00f#clause_0000,Clause,,cabe05c4dbda50ec49c95f7660116adc6893472b4c0d161d06711a5647f6c00f,cabe05c4dbda50ec49c95f7660116adc6893472b4c0d161d06711a5647f6c00f#clause_0000,0,time_rule,"<h2>file:《国务院关于印发打赢蓝天保卫战三年行动计划的通知》.txt</h2>
2018年6月27日 《国务院关于印发打赢蓝天保卫战三年行动计划的通知》
到2020年，二氧化硫、氮氧化物排放总量分别比2015年下降15%以上；",,,,,,,,,,,,,,,,,,,,step7b_iterB_rulefix,strict_all
Clause:cad55946076888ab390523abaa4dc15b06bee710324ecad19516c32d9ece078d#clause_0000,Clause,,cad55946076888ab390523abaa4dc15b06bee710324ecad19516c32d9ece078d,cad55946076888ab390523abaa4dc15b06bee710324ecad19516c32d9ece078d#clause_0000,0,time_rule,"<h2>file:国家发展改革委等部门关于加强新能源汽车与电网融合互动的实施意见.txt</h2>
发改能源〔2023〕1721号	国家发展改革委等部门关于加强新能源汽车与电网融合互动的实施意见	
到2025年，我国车网互动技术标准体系初步建成，充电峰谷电价机制全面实施并持续优化，市场机制建设取得重要进展，加大力度开展车网互动试点示范，
力争参与试点示范的城市2025年全年充电电量60%以上集中在低谷时段、私人充电桩充电电量80%以上集中在低谷时段，新能源汽车作为移动式电化学储
能资源的潜力通过试点示范得到初步验证。",,,,,,,,,,,,,,,,,,,,step7b_iterB_rulefix,strict_all
Clause:caf6cea05c2383ef47c5578fbf1392dfbf0ec0b4fbdc53de67e6f1d3bd2062fc#clause_0001,Clause,,caf6cea05c2383ef47c5578fbf1392dfbf0ec0b4fbdc53de67e6f1d3bd2062fc,caf6cea05c2383ef47c5578fbf1392dfbf0ec0b4fbdc53de67e6f1d3bd2062fc#clause_0001,1,time_rule,调整后的峰谷时段划分为：高峰时段为11:00-13:00和17:00-23:00，平时段为7:00-11:00和13:00-17:00，低谷时段为23:00-次日7:00。,,,,,,,,,,,,,,,,,,,,step7b_iterB_rulefix,strict_all
Clause:caf6cea05c2383ef47c5578fbf1392dfbf0ec0b4fbdc53de67e6f1d3bd2062fc#clause_0002,Clause,,caf6cea05c2383ef47c5578fbf1392dfbf0ec0b4fbdc53de67e6f1d3bd2062fc,caf6cea05c2383ef47c5578fbf1392dfbf0ec0b4fbdc53de67e6f1d3bd2062fc#clause_0002,2,pricing_rule,高峰电价在平段电价基础上上浮50%，低谷电价在平段电价基础上下浮50%。,,,,,,,,,,,,,,,,,,,,step7b_iterB_rulefix,strict_all
Clause:cb0c5b8b05cfdf3cf5e27c0081d86b7f45c5f12b09a9fa3f2da332bc102a849b#clause_0001,Clause,,cb0c5b8b05cfdf3cf5e27c0081d86b7f45c5f12b09a9fa3f2da332bc102a849b,cb0c5b8b05cfdf3cf5e27c0081d86b7f45c5f12b09a9fa3f2da332bc102a849b#clause_0001,1,time_rule,全年按每日24小时划分为高峰、平段、低谷三段，各为8小时，其中高峰时段为11:00-14:00和18:00-23:00，平段为7:00-11:00和14:00-18:00，低谷为23:00-次日7:00。,,,,,,,,,,,,,,,,,,,,step7b_iterB_rulefix,strict_all
Clause:cb0c5b8b05cfdf3cf5e27c0081d86b7f45c5f12b09a9fa3f2da332bc102a849b#clause_0002,Clause,,cb0c5b8b05cfdf3cf5e27c0081d86b7f45c5f12b09a9fa3f2da332bc102a849b,cb0c5b8b05cfdf3cf5e27c0081d86b7f45c5f12b09a9fa3f2da332bc102a849b#clause_0002,2,time_rule,高峰、平段、低谷电价比调整为1.6:1:0.4，季节性尖峰电价在每年1月、7月、8月、9月、12月18:00-22:00期间，在高峰电价基础上上浮20%。,,,,,,,,,,,,,,,,,,,,step7b_iterB_rulefix,strict_all
Clause:cc7addf8ff4efe3409afac8915cc6b8df3283617d08af2da6658e58933736301#clause_0001,Clause,,cc7addf8ff4efe3409afac8915cc6b8df3283617d08af2da6658e58933736301,cc7addf8ff4efe3409afac8915cc6b8df3283617d08af2da6658e58933736301#clause_0001,1,time_rule,调整后的峰谷时段划分为高峰（夏季8:00-15:00、18:00-21:00；,,,,,,,,,,,,,,,,,,,,step7b_iterB_rulefix,strict_all
Clause:cc7addf8ff4efe3409afac8915cc6b8df3283617d08af2da6658e58933736301#clause_0002,Clause,,cc7addf8ff4efe3409afac8915cc6b8df3283617d08af2da6658e58933736301,cc7addf8ff4efe3409afac8915cc6b8df3283617d08af2da6658e58933736301#clause_0002,2,other,其他月份8:00-11:00、18:00-21:00）、平时（夏季6:00-8:00、15:00-18:00、21:00-22:00；,,,,,,,,,,,,,,,,,,,,step7b_iterB_rulefix,strict_all
Clause:cc7addf8ff4efe3409afac8915cc6b8df3283617d08af2da6658e58933736301#clause_0003,Clause,,cc7addf8ff4efe3409afac8915cc6b8df3283617d08af2da6658e58933736301,cc7addf8ff4efe3409afac8915cc6b8df3283617d08af2da6658e58933736301#clause_0003,3,other,其他月份6:00-8:00、11:00-18:00、21:00-22:00）及低谷（22:00-次日6:00）。,,,,,,,,,,,,,,,,,,,,step7b_iterB_rulefix,strict_all
Clause:cc7addf8ff4efe3409afac8915cc6b8df3283617d08af2da6658e58933736301#clause_0004,Clause,,cc7addf8ff4efe3409afac8915cc6b8df3283617d08af2da6658e58933736301,cc7addf8ff4efe3409afac8915cc6b8df3283617d08af2da6658e58933736301#clause_0004,4,time_rule,尖峰时段为7-9月12:00-14:00、1月和12月19:00-21:00。,,,,,,,,,,,,,,,,,,,,step7b_iterB_rulefix,strict_all
Clause:cc7addf8ff4efe3409afac8915cc6b8df3283617d08af2da6658e58933736301#clause_0005,Clause,,cc7addf8ff4efe3409afac8915cc6b8df3283617d08af2da6658e58933736301,cc7addf8ff4efe3409afac8915cc6b8df3283617d08af2da6658e58933736301#clause_0005,5,time_rule,电价浮动幅度方面，夏季和冬季高峰电价较平时电价上浮80%，低谷电价下浮60%，尖峰时段电价在高峰基础上再上浮25%；,,,,,,,,,,,,,,,,,,,,step7b_iterB_rulefix,strict_all
Clause:cc7addf8ff4efe3409afac8915cc6b8df3283617d08af2da6658e58933736301#clause_0006,Clause,,cc7addf8ff4efe3409afac8915cc6b8df3283617d08af2da6658e58933736301,cc7addf8ff4efe3409afac8915cc6b8df3283617d08af2da6658e58933736301#clause_0006,6,pricing_rule,其他月份高峰电价上浮60%，低谷电价下浮50%。,,,,,,,,,,,,,,,,,,,,step7b_iterB_rulefix,strict_all
Clause:cc7addf8ff4efe3409afac8915cc6b8df3283617d08af2da6658e58933736301#clause_0007,Clause,,cc7addf8ff4efe3409afac8915cc6b8df3283617d08af2da6658e58933736301,cc7addf8ff4efe3409afac8915cc6b8df3283617d08af2da6658e58933736301#clause_0007,7,pricing_rule,对于单一制用电，夏季和冬季高峰电价上浮20%，低谷电价下浮45%；其他月份高峰电价上浮17%。,,,,,,,,,,,,,,,,,,,,step7b_iterB_rulefix,strict_all
Clause:cd86e3487ec66701c2d41c1399f9a453338981c169b847ab9321c78351d62988#clause_0002,Clause,,cd86e3487ec66701c2d41c1399f9a453338981c169b847ab9321c78351d62988,cd86e3487ec66701c2d41c1399f9a453338981c169b847ab9321c78351d62988#clause_0002,2,subsidy_rule,"设备采购补助方面，
我市主推碳纤维电热板取暖方式，每户安装两片，每片1200W，碳纤维电热板招标拦标价为0.77元/瓦，由各镇街负责组织实施，所有取暖设备的补助均按",,,,,,,,,,,,,,,,,,,,step7b_iterB_rulefix,strict_all
Clause:cd86e3487ec66701c2d41c1399f9a453338981c169b847ab9321c78351d62988#clause_0003,Clause,,cd86e3487ec66701c2d41c1399f9a453338981c169b847ab9321c78351d62988,cd86e3487ec66701c2d41c1399f9a453338981c169b847ab9321c78351d62988#clause_0003,3,subsidy_rule,1478.4元(0.77*2400*0.8)进行补助，其余部分由个人承担(空调小太阳等不在补助范围)。,,,,,,,,,,,,,,,,,,,,step7b_iterB_rulefix,strict_all
Clause:cd86e3487ec66701c2d41c1399f9a453338981c169b847ab9321c78351d62988#clause_0004,Clause,,cd86e3487ec66701c2d41c1399f9a453338981c169b847ab9321c78351d62988,cd86e3487ec66701c2d41c1399f9a453338981c169b847ab9321c78351d62988#clause_0004,4,subsidy_rule,"设备运行补助方面，采取燃气取暖的，燃气每方补助1元，一个
采暖季补助最多不超过1200元;采用电取暖的，按清洁供暖相关电价规定执行，同时每度电补助0.2元，一个采暖季补助不超过1200元;列入清洁取暖建设范围
自行安装清洁取暖设备的，只给予运行补助，不予设备补助;运行补助暂定为3年，",,,,,,,,,,,,,,,,,,,,step7b_iterB_rulefix,strict_all
Clause:cfc5659b83ee4ad1d1f2661e5333bd1e0c3dd1876428b74b183b3a6d310c4184#clause_0004,Clause,,cfc5659b83ee4ad1d1f2661e5333bd1e0c3dd1876428b74b183b3a6d310c4184,cfc5659b83ee4ad1d1f2661e5333bd1e0c3dd1876428b74b183b3a6d310c4184#clause_0004,4,subsidy_rule,（包括无卷帘设备）提升改造为智能化或电动化卷帘设备，补贴标准按不高于350元/台,,,,,,,,,,,,,,,,,,,,step7b_iterB_rulefix,strict_all
Clause:cfc5659b83ee4ad1d1f2661e5333bd1e0c3dd1876428b74b183b3a6d310c4184#clause_0005,Clause,,cfc5659b83ee4ad1d1f2661e5333bd1e0c3dd1876428b74b183b3a6d310c4184,cfc5659b83ee4ad1d1f2661e5333bd1e0c3dd1876428b74b183b3a6d310c4184#clause_0005,5,subsidy_rule,（套）且不超过设备投资的50%予以补贴（包括控制箱、辅材、安装费用等），同一建设内容不重复享受相关补贴政策。,,,,,,,,,,,,,,,,,,,,step7b_iterB_rulefix,strict_all
Clause:cfc5659b83ee4ad1d1f2661e5333bd1e0c3dd1876428b74b183b3a6d310c4184#clause_0006,Clause,,cfc5659b83ee4ad1d1f2661e5333bd1e0c3dd1876428b74b183b3a6d310c4184,cfc5659b83ee4ad1d1f2661e5333bd1e0c3dd1876428b74b183b3a6d310c4184#clause_0006,6,other,其中，智能化卷帘设备100W为350元/台（套）、80W为340元/台（套）、60W为330元/台（套）；电动化卷帘设备100W为330元/台（套）、80W为320元/台（套）、60W为310元/台（套）。,,,,,,,,,,,,,,,,,,,,step7b_iterB_rulefix,strict_all
Clause:d093bca3315576388f93648eb80178c1d6231b42de0de86db5ead37b5950bf2c#clause_0006,Clause,,d093bca3315576388f93648eb80178c1d6231b42de0de86db5ead37b5950bf2c,d093bca3315576388f93648eb80178c1d6231b42de0de86db5ead37b5950bf2c#clause_0006,6,other,"具体指标为:全国农作物耕种收综合机械化率达到 75%,粮棉油糖主产县(市、区)基本实现农业机械化,丘陵山区县(市、区)农作物耕种收综合机械化率达到 55%,设施农业、畜牧养殖、水产养殖和农产品初加工机械化率总体达到50%以上。",,,,,,,,,,,,,,,,,,,,step7b_iterB_rulefix,strict_all
Clause:d0cdb19b560ca93006d779834949849795e0396fb7413f30bdd55605d6469d7c#clause_0000,Clause,,d0cdb19b560ca93006d779834949849795e0396fb7413f30bdd55605d6469d7c,d0cdb19b560ca93006d779834949849795e0396fb7413f30bdd55605d6469d7c#clause_0000,0,time_rule,"2022年11月29日 山东省发展改革委关于工商业分时电价政策有关事项的通知
2023年1月1日起，为促进节能减排并与电力现货市场价格信号衔接，本通知对工商业分时电价政策进行了完善，调整了峰谷时段划分，峰时电价上浮70%，谷时电价下浮70%，并新增尖峰和深谷时段的电价浮动，进一步加强电力负荷的合理分配和资源优化。",,,,,,,,,,,,,,,,,,,,step7b_iterB_rulefix,strict_all
Clause:d171f5c9ffcc84e6c44576635c6bf0c74d7a441eb935c00257be34cfe5ace627#clause_0001,Clause,,d171f5c9ffcc84e6c44576635c6bf0c74d7a441eb935c00257be34cfe5ace627,d171f5c9ffcc84e6c44576635c6bf0c74d7a441eb935c00257be34cfe5ace627#clause_0001,1,pricing_rule,根据用电量的不同，分为三个档次：第一档为月用电量180度及以下，每度电价0.50元；,,,,,,,,,,,,,,,,,,,,step7b_iterB_rulefix,strict_all
Clause:d171f5c9ffcc84e6c44576635c6bf0c74d7a441eb935c00257be34cfe5ace627#clause_0002,Clause,,d171f5c9ffcc84e6c44576635c6bf0c74d7a441eb935c00257be34cfe5ace627,d171f5c9ffcc84e6c44576635c6bf0c74d7a441eb935c00257be34cfe5ace627#clause_0002,2,pricing_rule,第二档为月用电量181-280度，每度电价0.55元；,,,,,,,,,,,,,,,,,,,,step7b_iterB_rulefix,strict_all
Clause:d171f5c9ffcc84e6c44576635c6bf0c74d7a441eb935c00257be34cfe5ace627#clause_0003,Clause,,d171f5c9ffcc84e6c44576635c6bf0c74d7a441eb935c00257be34cfe5ace627,d171f5c9ffcc84e6c44576635c6bf0c74d7a441eb935c00257be34cfe5ace627#clause_0003,3,pricing_rule,第三档为月用电量281度及以上，每度电价0.80元。,,,,,,,,,,,,,,,,,,,,step7b_iterB_rulefix,strict_all
Clause:d171f5c9ffcc84e6c44576635c6bf0c74d7a441eb935c00257be34cfe5ace627#clause_0005,Clause,,d171f5c9ffcc84e6c44576635c6bf0c74d7a441eb935c00257be34cfe5ace627,d171f5c9ffcc84e6c44576635c6bf0c74d7a441eb935c00257be34cfe5ace627#clause_0005,5,scope_rule,低保和“五保户”用户可享受每月10度免费电量。,,,,,,,,,,,,,,,,,,,,step7b_iterB_rulefix,strict_all
Clause:d30af01520d50ba7d996b79b99121ed0cc0e9b34bb66761144c9c1d2f0cd1ba5#clause_0004,Clause,,d30af01520d50ba7d996b79b99121ed0cc0e9b34bb66761144c9c1d2f0cd1ba5,d30af01520d50ba7d996b79b99121ed0cc0e9b34bb66761144c9c1d2f0cd1ba5#clause_0004,4,subsidy_rule,（包括无卷帘设备）提升改造为智能化或电动化卷帘设备，补贴标准按不高于350元/台,,,,,,,,,,,,,,,,,,,,step7b_iterB_rulefix,strict_all
Clause:d30af01520d50ba7d996b79b99121ed0cc0e9b34bb66761144c9c1d2f0cd1ba5#clause_0005,Clause,,d30af01520d50ba7d996b79b99121ed0cc0e9b34bb66761144c9c1d2f0cd1ba5,d30af01520d50ba7d996b79b99121ed0cc0e9b34bb66761144c9c1d2f0cd1ba5#clause_0005,5,subsidy_rule,（套）且不超过设备投资的50%予以补贴（包括控制箱、辅材、安装费用等），同一建设内容不重复享受相关补贴政策。,,,,,,,,,,,,,,,,,,,,step7b_iterB_rulefix,strict_all
Clause:d30af01520d50ba7d996b79b99121ed0cc0e9b34bb66761144c9c1d2f0cd1ba5#clause_0006,Clause,,d30af01520d50ba7d996b79b99121ed0cc0e9b34bb66761144c9c1d2f0cd1ba5,d30af01520d50ba7d996b79b99121ed0cc0e9b34bb66761144c9c1d2f0cd1ba5#clause_0006,6,other,其中，智能化卷帘设备100W为350元/台（套）、80W为340元/台（套）、60W为330元/台（套）；电动化卷帘设备100W为330元/台（套）、80W为320元/台（套）、60W为310元/台（套）。,,,,,,,,,,,,,,,,,,,,step7b_iterB_rulefix,strict_all
Clause:d31910273230458d2a8e0c7c623aa0f1c45d59d48f0dc7cad99ecb0902267b5d#clause_0002,Clause,,d31910273230458d2a8e0c7c623aa0f1c45d59d48f0dc7cad99ecb0902267b5d,d31910273230458d2a8e0c7c623aa0f1c45d59d48f0dc7cad99ecb0902267b5d#clause_0002,2,subsidy_rule,（含表后线路改造）费用，实行一次补贴，按照4600元/户的标准补贴至用户，市、县（市、区）按照2：3比例分担，不足部分由用户承担。,,,,,,,,,,,,,,,,,,,,step7b_iterB_rulefix,strict_all
Clause:d31910273230458d2a8e0c7c623aa0f1c45d59d48f0dc7cad99ecb0902267b5d#clause_0005,Clause,,d31910273230458d2a8e0c7c623aa0f1c45d59d48f0dc7cad99ecb0902267b5d,d31910273230458d2a8e0c7c623aa0f1c45d59d48f0dc7cad99ecb0902267b5d#clause_0005,5,subsidy_rule,自2019年起对本年度“煤改电”用户按照采暖期用电0.2元/千瓦时的标准补贴，每户每年最高补贴电量6000千瓦时,,,,,,,,,,,,,,,,,,,,step7b_iterB_rulefix,strict_all
Clause:d31910273230458d2a8e0c7c623aa0f1c45d59d48f0dc7cad99ecb0902267b5d#clause_0006,Clause,,d31910273230458d2a8e0c7c623aa0f1c45d59d48f0dc7cad99ecb0902267b5d,d31910273230458d2a8e0c7c623aa0f1c45d59d48f0dc7cad99ecb0902267b5d#clause_0006,6,subsidy_rule,（每户每年最高补贴1200元），所需资金由市、县按照3：7比例分担，补贴时间暂定3年。,,,,,,,,,,,,,,,,,,,,step7b_iterB_rulefix,strict_all
Clause:d479f59c3df77e187d3a3a8a4877de755cc807cec98902c65e1b4523c97334f6#clause_0000,Clause,,d479f59c3df77e187d3a3a8a4877de755cc807cec98902c65e1b4523c97334f6,d479f59c3df77e187d3a3a8a4877de755cc807cec98902c65e1b4523c97334f6#clause_0000,0,time_rule,"<h2>file:《港口岸电布局方案》.txt</h2>
2016年12月29日  《港口岸电布局方案》
2020年底前，实现全国主要港口和船舶排放控制区内港口50%以上已建的集装箱、客滚、邮轮、3千吨级以上客运和5万吨级以上干散货专业化泊位具备向船舶供应岸电的能力。",,,,,,,,,,,,,,,,,,,,step7b_iterB_rulefix,strict_all
Clause:d479f59c3df77e187d3a3a8a4877de755cc807cec98902c65e1b4523c97334f6#clause_0002,Clause,,d479f59c3df77e187d3a3a8a4877de755cc807cec98902c65e1b4523c97334f6,d479f59c3df77e187d3a3a8a4877de755cc807cec98902c65e1b4523c97334f6#clause_0002,2,other,同时，鼓励岸电需求较大、基础条件较好的港口争取实现100%的泊位岸电覆盖率。,,,,,,,,,,,,,,,,,,,,step7b_iterB_rulefix,strict_all
Clause:d6295fc6d120b2f270803869f63327efa8f7e3ea98515eb80da25abd977ff9f6#clause_0001,Clause,,d6295fc6d120b2f270803869f63327efa8f7e3ea98515eb80da25abd977ff9f6,d6295fc6d120b2f270803869f63327efa8f7e3ea98515eb80da25abd977ff9f6#clause_0001,1,time_rule,具体指标：全国细颗粒物（PM2.5）未达标地级及以上城市浓度比2015年下降18%以上，地级及以上城市空气质量优良天数比率达到80%以上；,,,,,,,,,,,,,,,,,,,,step7b_iterB_rulefix,strict_all
Clause:d6295fc6d120b2f270803869f63327efa8f7e3ea98515eb80da25abd977ff9f6#clause_0002,Clause,,d6295fc6d120b2f270803869f63327efa8f7e3ea98515eb80da25abd977ff9f6,d6295fc6d120b2f270803869f63327efa8f7e3ea98515eb80da25abd977ff9f6#clause_0002,2,other,全国地表水Ⅰ－Ⅲ类水体比例达到70%以上，劣Ⅴ类水体比例控制在5%以内；,,,,,,,,,,,,,,,,,,,,step7b_iterB_rulefix,strict_all
Clause:d6295fc6d120b2f270803869f63327efa8f7e3ea98515eb80da25abd977ff9f6#clause_0003,Clause,,d6295fc6d120b2f270803869f63327efa8f7e3ea98515eb80da25abd977ff9f6,d6295fc6d120b2f270803869f63327efa8f7e3ea98515eb80da25abd977ff9f6#clause_0003,3,other,近岸海域水质优良（一、二类）比例达到70%左右；,,,,,,,,,,,,,,,,,,,,step7b_iterB_rulefix,strict_all
Clause:d6295fc6d120b2f270803869f63327efa8f7e3ea98515eb80da25abd977ff9f6#clause_0004,Clause,,d6295fc6d120b2f270803869f63327efa8f7e3ea98515eb80da25abd977ff9f6,d6295fc6d120b2f270803869f63327efa8f7e3ea98515eb80da25abd977ff9f6#clause_0004,4,time_rule,二氧化硫、氮氧化物排放量比2015年减少15%以上，化学需氧量、氨氮排放量减少10%以上；,,,,,,,,,,,,,,,,,,,,step7b_iterB_rulefix,strict_all
Clause:d6295fc6d120b2f270803869f63327efa8f7e3ea98515eb80da25abd977ff9f6#clause_0005,Clause,,d6295fc6d120b2f270803869f63327efa8f7e3ea98515eb80da25abd977ff9f6,d6295fc6d120b2f270803869f63327efa8f7e3ea98515eb80da25abd977ff9f6#clause_0005,5,other,受污染耕地安全利用率达到90%左右，污染地块安全利用率达到90%以上；生态保护红线面积占比达到25%左右；森林覆盖率达到23.04%以上。,,,,,,,,,,,,,,,,,,,,step7b_iterB_rulefix,strict_all
Clause:da7b3160147d215da16cee83e83aa784e946b48928803c205dd5df56a2ec3cb9#clause_0001,Clause,,da7b3160147d215da16cee83e83aa784e946b48928803c205dd5df56a2ec3cb9,da7b3160147d215da16cee83e83aa784e946b48928803c205dd5df56a2ec3cb9#clause_0001,1,pricing_rule,具体内容包括：满足人数要求的家庭可申请增加每月100千瓦时的阶梯电量基数；,,,,,,,,,,,,,,,,,,,,step7b_iterB_rulefix,strict_all
Clause:da7b3160147d215da16cee83e83aa784e946b48928803c205dd5df56a2ec3cb9#clause_0003,Clause,,da7b3160147d215da16cee83e83aa784e946b48928803c205dd5df56a2ec3cb9,da7b3160147d215da16cee83e83aa784e946b48928803c205dd5df56a2ec3cb9#clause_0003,3,execution_rule,此外，对于困难家庭，继续执行每户每月15千瓦时免费电量政策。,,,,,,,,,,,,,,,,,,,,step7b_iterB_rulefix,strict_all
Clause:dc812e8b13d03ff73b79b4b814a56ec987458e2b4ac3147020283904460efdc9#clause_0001,Clause,,dc812e8b13d03ff73b79b4b814a56ec987458e2b4ac3147020283904460efdc9,dc812e8b13d03ff73b79b4b814a56ec987458e2b4ac3147020283904460efdc9#clause_0001,1,time_rule,每日分为高峰（07:30-10:30、16:00-21:00）、平时、低谷（11:30-12:30，22:00-05:00）三个时段，各8小时；,,,,,,,,,,,,,,,,,,,,step7b_iterB_rulefix,strict_all
Clause:dc812e8b13d03ff73b79b4b814a56ec987458e2b4ac3147020283904460efdc9#clause_0002,Clause,,dc812e8b13d03ff73b79b4b814a56ec987458e2b4ac3147020283904460efdc9,dc812e8b13d03ff73b79b4b814a56ec987458e2b4ac3147020283904460efdc9#clause_0002,2,time_rule,夏季（7月、8月）和冬季（1月、12月）每日17:00-19:00为尖峰时段，执行尖峰电价。,,,,,,,,,,,,,,,,,,,,step7b_iterB_rulefix,strict_all
Clause:dc812e8b13d03ff73b79b4b814a56ec987458e2b4ac3147020283904460efdc9#clause_0003,Clause,,dc812e8b13d03ff73b79b4b814a56ec987458e2b4ac3147020283904460efdc9,dc812e8b13d03ff73b79b4b814a56ec987458e2b4ac3147020283904460efdc9#clause_0003,3,pricing_rule,电价浮动比例为尖峰、高峰、平时、低谷电价1.875:1.5:1:0.5，高峰和低谷电价分别在平时基础上上下浮动50%，尖峰电价在高峰电价基础上上浮25%。,,,,,,,,,,,,,,,,,,,,step7b_iterB_rulefix,strict_all
Clause:dd0f960822e56c43dbb9f31ec64d69bfab76f460ee217767f10f8c8aa1b4af54#clause_0002,Clause,,dd0f960822e56c43dbb9f31ec64d69bfab76f460ee217767f10f8c8aa1b4af54,dd0f960822e56c43dbb9f31ec64d69bfab76f460ee217767f10f8c8aa1b4af54#clause_0002,2,time_rule,到2025年，我国车网互动技术标准体系初步建成，充电峰谷电价机制全面实施并持续优化，市场机制建设取得重要进展，加大力度开展车网互动试点示范，力争参与试点示范的城市2025年全年充电电量60%以上集中在低谷时段、私人充电桩充电电量80%以上集中在低谷时段，新能源汽车作为移动式电化学储能资源的潜力通过试点示范得到初步验证。,,,,,,,,,,,,,,,,,,,,step7b_iterB_rulefix,strict_all
Clause:dd9a9eb2e30794eb0e1e14b97aa3b8c9f5e1a04a0f9314704d4ad57223432c5c#clause_0001,Clause,,dd9a9eb2e30794eb0e1e14b97aa3b8c9f5e1a04a0f9314704d4ad57223432c5c,dd9a9eb2e30794eb0e1e14b97aa3b8c9f5e1a04a0f9314704d4ad57223432c5c#clause_0001,1,time_rule,调整后的高峰时段为7:00—9:00和18:00—24:00，平时段为0:00—2:00、6:00—7:00、9:00—12:00、16:00—18:00，低谷时段为2:00—6:00、12:00—16:00。,,,,,,,,,,,,,,,,,,,,step7b_iterB_rulefix,strict_all
Clause:de663a93ae7bdc24d54bbc18256efeab5ba380f03f236f51c5eb3890d640d222#clause_0002,Clause,,de663a93ae7bdc24d54bbc18256efeab5ba380f03f236f51c5eb3890d640d222,de663a93ae7bdc24d54bbc18256efeab5ba380f03f236f51c5eb3890d640d222#clause_0002,2,task_assessment,主要目标是：到2027年，社会物流总费用与国内生产总值的比率力争降至13.5%左右。,,,,,,,,,,,,,,,,,,,,step7b_iterB_rulefix,strict_all
Clause:de663a93ae7bdc24d54bbc18256efeab5ba380f03f236f51c5eb3890d640d222#clause_0003,Clause,,de663a93ae7bdc24d54bbc18256efeab5ba380f03f236f51c5eb3890d640d222,de663a93ae7bdc24d54bbc18256efeab5ba380f03f236f51c5eb3890d640d222#clause_0003,3,time_rule,综合交通运输体系改革实现新突破，货物运输结构进一步优化，铁路货运量、铁路货运周转量占比力争分别提高至11%、23%左右，港口集装箱铁水联运量保持较快增长。,,,,,,,,,,,,,,,,,,,,step7b_iterB_rulefix,strict_all
Clause:e15bd62111869ef28d319c4782660d56e7d6f9284bf4198ae86a54d79d2940fe#clause_0001,Clause,,e15bd62111869ef28d319c4782660d56e7d6f9284bf4198ae86a54d79d2940fe,e15bd62111869ef28d319c4782660d56e7d6f9284bf4198ae86a54d79d2940fe#clause_0001,1,time_rule,2016—2020年，实现能源终端消费环节电能替代散烧煤、燃油消费总量约1.3亿吨标煤，带动电煤占煤炭消费比重提高约1.9%，带动电能占终端能源消费比重提高约1.5%，促进电能占终端能源消费比重达到约27%。,,,,,,,,,,,,,,,,,,,,step7b_iterB_rulefix,strict_all
Clause:e4a700feee24e579d89760a2bb47ebf2eefa038152e667ec8a9da9f29b65dbe0#clause_0000,Clause,,e4a700feee24e579d89760a2bb47ebf2eefa038152e667ec8a9da9f29b65dbe0,e4a700feee24e579d89760a2bb47ebf2eefa038152e667ec8a9da9f29b65dbe0#clause_0000,0,task_assessment,"<h2>file:《关于印发河津市2024年冬季清洁取暖工作实施方案》.txt</h2>
2024年5月23日	关于印发河津市2024年冬季清洁取暖工作实施方案的通知	　2024年11月15日前，全市完成冬季清洁取暖改造“煤改电”13838户任务，具体数据以验收为准。",,,,,,,,,,,,,,,,,,,,step7b_iterB_rulefix,strict_all
Clause:e4a700feee24e579d89760a2bb47ebf2eefa038152e667ec8a9da9f29b65dbe0#clause_0001,Clause,,e4a700feee24e579d89760a2bb47ebf2eefa038152e667ec8a9da9f29b65dbe0,e4a700feee24e579d89760a2bb47ebf2eefa038152e667ec8a9da9f29b65dbe0#clause_0001,1,table_row_clause,2024年5月23日	关于印发河津市2024年冬季清洁取暖工作实施方案的通知	　2024年11月15日前，全市完成冬季清洁取暖改造“煤改电”13838户任务，具体数据以验收为准。,,,,,,,,,,,,,,,,,,,,step7b_iterB_rulefix,strict_all
Clause:e5086c754f7ebfd84a885046912ad75054fcb20a8134c99886138a57a5d80ab7#clause_0000,Clause,,e5086c754f7ebfd84a885046912ad75054fcb20a8134c99886138a57a5d80ab7,e5086c754f7ebfd84a885046912ad75054fcb20a8134c99886138a57a5d80ab7#clause_0000,0,time_rule,"<h2>file:《关于延续和优化新能源汽车车辆购置税减免政策的公告》.txt</h2>
2023年6月19日	《关于延续和优化新能源汽车车辆购置税减免政策的公告》	一、对购置日期在2024年1月1日至2025年12月31日期间的新能源汽车免征车辆购置税，其中，每辆新能源乘用车免税额不超过3万元；",,,,,,,,,,,,,,,,,,,,step7b_iterB_rulefix,strict_all
Clause:e5086c754f7ebfd84a885046912ad75054fcb20a8134c99886138a57a5d80ab7#clause_0001,Clause,,e5086c754f7ebfd84a885046912ad75054fcb20a8134c99886138a57a5d80ab7,e5086c754f7ebfd84a885046912ad75054fcb20a8134c99886138a57a5d80ab7#clause_0001,1,table_row_clause,2023年6月19日	《关于延续和优化新能源汽车车辆购置税减免政策的公告》	一、对购置日期在2024年1月1日至2025年12月31日期间的新能源汽车免征车辆购置税，其中，每辆新能源乘用车免税额不超过3万元；对购置日期在2026年1月1日至2027年12月31日期间的新能源汽车减半征收车辆购置税，其中，每辆新能源乘用车减税额不超过1.5万元。,,,,,,,,,,,,,,,,,,,,step7b_iterB_rulefix,strict_all
Clause:e5086c754f7ebfd84a885046912ad75054fcb20a8134c99886138a57a5d80ab7#clause_0002,Clause,,e5086c754f7ebfd84a885046912ad75054fcb20a8134c99886138a57a5d80ab7,e5086c754f7ebfd84a885046912ad75054fcb20a8134c99886138a57a5d80ab7#clause_0002,2,time_rule,对购置日期在2026年1月1日至2027年12月31日期间的新能源汽车减半征收车辆购置税，其中，每辆新能源乘用车减税额不超过1.5万元。,,,,,,,,,,,,,,,,,,,,step7b_iterB_rulefix,strict_all
Clause:e96954454202c06919fb26233a2f5743477ff62fe26d6f194b805da4176b5fcb#clause_0001,Clause,,e96954454202c06919fb26233a2f5743477ff62fe26d6f194b805da4176b5fcb,e96954454202c06919fb26233a2f5743477ff62fe26d6f194b805da4176b5fcb#clause_0001,1,other,按照年用电量划分档次，第一档为年用电量2040度以内,,,,,,,,,,,,,,,,,,,,step7b_iterB_rulefix,strict_all
Clause:e96954454202c06919fb26233a2f5743477ff62fe26d6f194b805da4176b5fcb#clause_0002,Clause,,e96954454202c06919fb26233a2f5743477ff62fe26d6f194b805da4176b5fcb,e96954454202c06919fb26233a2f5743477ff62fe26d6f194b805da4176b5fcb#clause_0002,2,pricing_rule,（月用电量170度以内），电价保持不变，为每度0.525元；,,,,,,,,,,,,,,,,,,,,step7b_iterB_rulefix,strict_all
Clause:e96954454202c06919fb26233a2f5743477ff62fe26d6f194b805da4176b5fcb#clause_0003,Clause,,e96954454202c06919fb26233a2f5743477ff62fe26d6f194b805da4176b5fcb,e96954454202c06919fb26233a2f5743477ff62fe26d6f194b805da4176b5fcb#clause_0003,3,pricing_rule,第二档为年用电2041-3120度之间（月用电171-260度），电价每度提高0.05元，为每度0.575元；第三档为年用电量3121度以上,,,,,,,,,,,,,,,,,,,,step7b_iterB_rulefix,strict_all
Clause:e96954454202c06919fb26233a2f5743477ff62fe26d6f194b805da4176b5fcb#clause_0004,Clause,,e96954454202c06919fb26233a2f5743477ff62fe26d6f194b805da4176b5fcb,e96954454202c06919fb26233a2f5743477ff62fe26d6f194b805da4176b5fcb#clause_0004,4,pricing_rule,（月用电量261度以上），电价每度提高0.30元，为每度0.825元。,,,,,,,,,,,,,,,,,,,,step7b_iterB_rulefix,strict_all
Clause:e96954454202c06919fb26233a2f5743477ff62fe26d6f194b805da4176b5fcb#clause_0005,Clause,,e96954454202c06919fb26233a2f5743477ff62fe26d6f194b805da4176b5fcb,e96954454202c06919fb26233a2f5743477ff62fe26d6f194b805da4176b5fcb#clause_0005,5,execution_rule,该政策还规定城乡低保户和农村五保户每月享有10度免费电量，按“先收后返”方式实施。,,,,,,,,,,,,,,,,,,,,step7b_iterB_rulefix,strict_all
Clause:ead750f28a3326778e25ebd3928e8e4ad3b65d0bfdec89dc61d743d7585fbf58#clause_0002,Clause,,ead750f28a3326778e25ebd3928e8e4ad3b65d0bfdec89dc61d743d7585fbf58,ead750f28a3326778e25ebd3928e8e4ad3b65d0bfdec89dc61d743d7585fbf58#clause_0002,2,pricing_rule,具体调整为：水泥和电解铝行业阶梯电价、钢铁行业淘汰类差别电价的加价标准在现有基础上提高50%。,,,,,,,,,,,,,,,,,,,,step7b_iterB_rulefix,strict_all
Clause:eb659fbcd99dcc85f2745f39faae903578c8a5403a504ed63c81c4ca3987afc3#clause_0002,Clause,,eb659fbcd99dcc85f2745f39faae903578c8a5403a504ed63c81c4ca3987afc3,eb659fbcd99dcc85f2745f39faae903578c8a5403a504ed63c81c4ca3987afc3#clause_0002,2,time_rule,长三角水域船舶硫氧化物、氮氧化物、颗粒物与2015年相比分别下降65%、20%、30%；,,,,,,,,,,,,,,,,,,,,step7b_iterB_rulefix,strict_all
Clause:eb659fbcd99dcc85f2745f39faae903578c8a5403a504ed63c81c4ca3987afc3#clause_0003,Clause,,eb659fbcd99dcc85f2745f39faae903578c8a5403a504ed63c81c4ca3987afc3,eb659fbcd99dcc85f2745f39faae903578c8a5403a504ed63c81c4ca3987afc3#clause_0003,3,time_rule,船舶使用能源中液化天然气（LNG）占比在2015年基础上增长200%；,,,,,,,,,,,,,,,,,,,,step7b_iterB_rulefix,strict_all
Clause:eb659fbcd99dcc85f2745f39faae903578c8a5403a504ed63c81c4ca3987afc3#clause_0004,Clause,,eb659fbcd99dcc85f2745f39faae903578c8a5403a504ed63c81c4ca3987afc3,eb659fbcd99dcc85f2745f39faae903578c8a5403a504ed63c81c4ca3987afc3#clause_0004,4,other,新建大型煤炭、矿石码头堆场100％建设防风抑尘等设施；,,,,,,,,,,,,,,,,,,,,step7b_iterB_rulefix,strict_all
Clause:eb659fbcd99dcc85f2745f39faae903578c8a5403a504ed63c81c4ca3987afc3#clause_0005,Clause,,eb659fbcd99dcc85f2745f39faae903578c8a5403a504ed63c81c4ca3987afc3,eb659fbcd99dcc85f2745f39faae903578c8a5403a504ed63c81c4ca3987afc3#clause_0005,5,other,"主要港口90％的港作船舶、公务船舶靠泊使用岸电，主要港口和排放控制区内50％的集装箱、客滚、邮轮、3000吨级以上客运和5万吨级以上干散货专业化泊位具备向船舶供应岸电的能力。
节约集约利用水平显著提高。",,,,,,,,,,,,,,,,,,,,step7b_iterB_rulefix,strict_all
Clause:eb659fbcd99dcc85f2745f39faae903578c8a5403a504ed63c81c4ca3987afc3#clause_0006,Clause,,eb659fbcd99dcc85f2745f39faae903578c8a5403a504ed63c81c4ca3987afc3,eb659fbcd99dcc85f2745f39faae903578c8a5403a504ed63c81c4ca3987afc3#clause_0006,6,time_rule,长江经济带港口单位岸线通过能力在2015年基础上增长10%；,,,,,,,,,,,,,,,,,,,,step7b_iterB_rulefix,strict_all
Clause:eb659fbcd99dcc85f2745f39faae903578c8a5403a504ed63c81c4ca3987afc3#clause_0007,Clause,,eb659fbcd99dcc85f2745f39faae903578c8a5403a504ed63c81c4ca3987afc3,eb659fbcd99dcc85f2745f39faae903578c8a5403a504ed63c81c4ca3987afc3#clause_0007,7,time_rule,"营运船舶单位运输周转量能耗和港口生产单位吞吐量综合能耗在2015年基础上分别下降6%、2%。
运输组织效率明显提升。",,,,,,,,,,,,,,,,,,,,step7b_iterB_rulefix,strict_all
Clause:eb659fbcd99dcc85f2745f39faae903578c8a5403a504ed63c81c4ca3987afc3#clause_0008,Clause,,eb659fbcd99dcc85f2745f39faae903578c8a5403a504ed63c81c4ca3987afc3,eb659fbcd99dcc85f2745f39faae903578c8a5403a504ed63c81c4ca3987afc3#clause_0008,8,other,内河船舶船型标准化率达到70%，平均吨位达到1000载重吨；,,,,,,,,,,,,,,,,,,,,step7b_iterB_rulefix,strict_all
Clause:eb659fbcd99dcc85f2745f39faae903578c8a5403a504ed63c81c4ca3987afc3#clause_0009,Clause,,eb659fbcd99dcc85f2745f39faae903578c8a5403a504ed63c81c4ca3987afc3,eb659fbcd99dcc85f2745f39faae903578c8a5403a504ed63c81c4ca3987afc3#clause_0009,9,other,重点港口集装箱铁水联运量年均同比增长10%；,,,,,,,,,,,,,,,,,,,,step7b_iterB_rulefix,strict_all
Clause:ebba22b0a7b7a9a06ccf6dfbe862a330eb615359451c4ccb8bff79fd2d9bd1ad#clause_0001,Clause,,ebba22b0a7b7a9a06ccf6dfbe862a330eb615359451c4ccb8bff79fd2d9bd1ad,ebba22b0a7b7a9a06ccf6dfbe862a330eb615359451c4ccb8bff79fd2d9bd1ad#clause_0001,1,time_rule,具体指标：全国细颗粒物（PM2.5）未达标地级及以上城市浓度比2015年下降18%以上，地级及以上城市空气质量优良天数比率达到80%以上；,,,,,,,,,,,,,,,,,,,,step7b_iterB_rulefix,strict_all
Clause:ebba22b0a7b7a9a06ccf6dfbe862a330eb615359451c4ccb8bff79fd2d9bd1ad#clause_0002,Clause,,ebba22b0a7b7a9a06ccf6dfbe862a330eb615359451c4ccb8bff79fd2d9bd1ad,ebba22b0a7b7a9a06ccf6dfbe862a330eb615359451c4ccb8bff79fd2d9bd1ad#clause_0002,2,other,全国地表水Ⅰ－Ⅲ类水体比例达到70%以上，劣Ⅴ类水体比例控制在5%以内；,,,,,,,,,,,,,,,,,,,,step7b_iterB_rulefix,strict_all
Clause:ebba22b0a7b7a9a06ccf6dfbe862a330eb615359451c4ccb8bff79fd2d9bd1ad#clause_0003,Clause,,ebba22b0a7b7a9a06ccf6dfbe862a330eb615359451c4ccb8bff79fd2d9bd1ad,ebba22b0a7b7a9a06ccf6dfbe862a330eb615359451c4ccb8bff79fd2d9bd1ad#clause_0003,3,other,近岸海域水质优良（一、二类）比例达到70%左右；,,,,,,,,,,,,,,,,,,,,step7b_iterB_rulefix,strict_all
Clause:ebba22b0a7b7a9a06ccf6dfbe862a330eb615359451c4ccb8bff79fd2d9bd1ad#clause_0004,Clause,,ebba22b0a7b7a9a06ccf6dfbe862a330eb615359451c4ccb8bff79fd2d9bd1ad,ebba22b0a7b7a9a06ccf6dfbe862a330eb615359451c4ccb8bff79fd2d9bd1ad#clause_0004,4,time_rule,二氧化硫、氮氧化物排放量比2015年减少15%以上，化学需氧量、氨氮排放量减少10%以上；,,,,,,,,,,,,,,,,,,,,step7b_iterB_rulefix,strict_all
Clause:ebba22b0a7b7a9a06ccf6dfbe862a330eb615359451c4ccb8bff79fd2d9bd1ad#clause_0005,Clause,,ebba22b0a7b7a9a06ccf6dfbe862a330eb615359451c4ccb8bff79fd2d9bd1ad,ebba22b0a7b7a9a06ccf6dfbe862a330eb615359451c4ccb8bff79fd2d9bd1ad#clause_0005,5,other,受污染耕地安全利用率达到90%左右，污染地块安全利用率达到90%以上；生态保护红线面积占比达到25%左右；森林覆盖率达到23.04%以上。,,,,,,,,,,,,,,,,,,,,step7b_iterB_rulefix,strict_all
Clause:ec04d88813b018d570d36f88e39cafafcdea9a884900156145f7f25c3149ea28#clause_0001,Clause,,ec04d88813b018d570d36f88e39cafafcdea9a884900156145f7f25c3149ea28,ec04d88813b018d570d36f88e39cafafcdea9a884900156145f7f25c3149ea28#clause_0001,1,pricing_rule,新政策规定，“一户一表”居民用户的阶梯电价按照年用电量分为三档，第一档为年用电量2760千瓦时及以下部分，电价不变，继续按每千瓦时0.538元；,,,,,,,,,,,,,,,,,,,,step7b_iterB_rulefix,strict_all
Clause:ec04d88813b018d570d36f88e39cafafcdea9a884900156145f7f25c3149ea28#clause_0002,Clause,,ec04d88813b018d570d36f88e39cafafcdea9a884900156145f7f25c3149ea28,ec04d88813b018d570d36f88e39cafafcdea9a884900156145f7f25c3149ea28#clause_0002,2,pricing_rule,第二档为2761-4800千瓦时部分，电价在第一档基础上加价0.05元；,,,,,,,,,,,,,,,,,,,,step7b_iterB_rulefix,strict_all
Clause:ec04d88813b018d570d36f88e39cafafcdea9a884900156145f7f25c3149ea28#clause_0003,Clause,,ec04d88813b018d570d36f88e39cafafcdea9a884900156145f7f25c3149ea28,ec04d88813b018d570d36f88e39cafafcdea9a884900156145f7f25c3149ea28#clause_0003,3,pricing_rule,第三档为超过4800千瓦时部分，电价加价0.3元。选择峰谷分时电价的用户，电价相应调整。,,,,,,,,,,,,,,,,,,,,step7b_iterB_rulefix,strict_all
Clause:ec04d88813b018d570d36f88e39cafafcdea9a884900156145f7f25c3149ea28#clause_0004,Clause,,ec04d88813b018d570d36f88e39cafafcdea9a884900156145f7f25c3149ea28,ec04d88813b018d570d36f88e39cafafcdea9a884900156145f7f25c3149ea28#clause_0004,4,execution_rule,政策还明确了对城乡低保户和农村五保户的每月15千瓦时免费电量政策，并要求各地电力部门加强宣传，确保政策顺利实施。,,,,,,,,,,,,,,,,,,,,step7b_iterB_rulefix,strict_all
Clause:ec7378b180d0ffdb20e93755e832b7ea1eb6476bbdedfadbb4c5553b1f65c879#clause_0001,Clause,,ec7378b180d0ffdb20e93755e832b7ea1eb6476bbdedfadbb4c5553b1f65c879,ec7378b180d0ffdb20e93755e832b7ea1eb6476bbdedfadbb4c5553b1f65c879#clause_0001,1,time_rule,每日分为高峰（9:00-11:30、15:30-21:00，共8小时）、平时（6:00-9:00、11:30-12:30、13:30-15:30、21:00-23:00，共8小时）和低谷（23:00-6:00、12:30-13:30，共8小时）时段，其中尖峰时段为1月、7-8月、11-12月16:00-19:00（共3小时）。,,,,,,,,,,,,,,,,,,,,step7b_iterB_rulefix,strict_all
Clause:ec7378b180d0ffdb20e93755e832b7ea1eb6476bbdedfadbb4c5553b1f65c879#clause_0002,Clause,,ec7378b180d0ffdb20e93755e832b7ea1eb6476bbdedfadbb4c5553b1f65c879,ec7378b180d0ffdb20e93755e832b7ea1eb6476bbdedfadbb4c5553b1f65c879#clause_0002,2,time_rule,高峰和低谷电价分别在平时段电价基础上上下浮动55%，尖峰电价在高峰电价基础上上浮25%，政府性基金及系统运行费用不参与浮动。,,,,,,,,,,,,,,,,,,,,step7b_iterB_rulefix,strict_all
Clause:ed8cc5a65243c7c4e501d0065c05b5a0ab4c246ad2d6f331536102d7f3291709#clause_0000,Clause,,ed8cc5a65243c7c4e501d0065c05b5a0ab4c246ad2d6f331536102d7f3291709,ed8cc5a65243c7c4e501d0065c05b5a0ab4c246ad2d6f331536102d7f3291709#clause_0000,0,time_rule,"<h2>file:《港口岸电布局方案》.txt</h2>
2016年12月29日  《港口岸电布局方案》
2020年底前，实现全国主要港口和船舶排放控制区内港口50%以上已建的集装箱、客滚、邮轮、3千吨级以上客运和5万吨级以上干散货专业化泊位具备向船舶供应岸电的能力。",,,,,,,,,,,,,,,,,,,,step7b_iterB_rulefix,strict_all
Clause:ed8cc5a65243c7c4e501d0065c05b5a0ab4c246ad2d6f331536102d7f3291709#clause_0002,Clause,,ed8cc5a65243c7c4e501d0065c05b5a0ab4c246ad2d6f331536102d7f3291709,ed8cc5a65243c7c4e501d0065c05b5a0ab4c246ad2d6f331536102d7f3291709#clause_0002,2,other,同时，鼓励岸电需求较大、基础条件较好的港口争取实现100%的泊位岸电覆盖率。,,,,,,,,,,,,,,,,,,,,step7b_iterB_rulefix,strict_all
Clause:ee74d273b781a2f2d3b7cdfadfe4c9a63e6e423f10874fba1e3c84a0a1f35295#clause_0000,Clause,,ee74d273b781a2f2d3b7cdfadfe4c9a63e6e423f10874fba1e3c84a0a1f35295,ee74d273b781a2f2d3b7cdfadfe4c9a63e6e423f10874fba1e3c84a0a1f35295#clause_0000,0,time_rule,"2024年1月8日 湖南省发展改革委员会关于进一步完善居民阶梯电价制度的通知
2024年2月1日起，为落实国家相关政策要求，进一步完善我省居民阶梯电价制度，本通知作出如下调整：全省“一户一表”用户适用居民阶梯电价，分档电量标准为春秋季第一档电量200千瓦时及以下，第二档为200-350千瓦时，第三档为350千瓦时以上；",,,,,,,,,,,,,,,,,,,,step7b_iterB_rulefix,strict_all
Clause:ee74d273b781a2f2d3b7cdfadfe4c9a63e6e423f10874fba1e3c84a0a1f35295#clause_0001,Clause,,ee74d273b781a2f2d3b7cdfadfe4c9a63e6e423f10874fba1e3c84a0a1f35295,ee74d273b781a2f2d3b7cdfadfe4c9a63e6e423f10874fba1e3c84a0a1f35295#clause_0001,1,other,冬夏季第一档电量200千瓦时及以下，第二档为200-450千瓦时，第三档为450千瓦时以上。,,,,,,,,,,,,,,,,,,,,step7b_iterB_rulefix,strict_all
Clause:ee74d273b781a2f2d3b7cdfadfe4c9a63e6e423f10874fba1e3c84a0a1f35295#clause_0002,Clause,,ee74d273b781a2f2d3b7cdfadfe4c9a63e6e423f10874fba1e3c84a0a1f35295,ee74d273b781a2f2d3b7cdfadfe4c9a63e6e423f10874fba1e3c84a0a1f35295#clause_0002,2,pricing_rule,第一档电价按基准电价执行（不满1千伏为0.588元/千瓦时），第二档加价0.05元/千瓦时，第三档加价0.30元/千瓦时。,,,,,,,,,,,,,,,,,,,,step7b_iterB_rulefix,strict_all
Clause:ee74d273b781a2f2d3b7cdfadfe4c9a63e6e423f10874fba1e3c84a0a1f35295#clause_0003,Clause,,ee74d273b781a2f2d3b7cdfadfe4c9a63e6e423f10874fba1e3c84a0a1f35295,ee74d273b781a2f2d3b7cdfadfe4c9a63e6e423f10874fba1e3c84a0a1f35295#clause_0003,3,execution_rule,同时，对低收入家庭实施优惠政策，每月免费10千瓦时；,,,,,,,,,,,,,,,,,,,,step7b_iterB_rulefix,strict_all
Clause:ee74d273b781a2f2d3b7cdfadfe4c9a63e6e423f10874fba1e3c84a0a1f35295#clause_0004,Clause,,ee74d273b781a2f2d3b7cdfadfe4c9a63e6e423f10874fba1e3c84a0a1f35295,ee74d273b781a2f2d3b7cdfadfe4c9a63e6e423f10874fba1e3c84a0a1f35295#clause_0004,4,scope_rule,“一户多人口”用户每增加一人，第一档电量基数增加100千瓦时。,,,,,,,,,,,,,,,,,,,,step7b_iterB_rulefix,strict_all
Clause:eed146d5fe14ffb1e1c746567c59461666857ebc7017d129ca0598039b4deb07#clause_0001,Clause,,eed146d5fe14ffb1e1c746567c59461666857ebc7017d129ca0598039b4deb07,eed146d5fe14ffb1e1c746567c59461666857ebc7017d129ca0598039b4deb07#clause_0001,1,pricing_rule,该政策分为三档电量：第一档为年用电量不超过3120度的居民，电价保持不变；,,,,,,,,,,,,,,,,,,,,step7b_iterB_rulefix,strict_all
Clause:eed146d5fe14ffb1e1c746567c59461666857ebc7017d129ca0598039b4deb07#clause_0002,Clause,,eed146d5fe14ffb1e1c746567c59461666857ebc7017d129ca0598039b4deb07,eed146d5fe14ffb1e1c746567c59461666857ebc7017d129ca0598039b4deb07#clause_0002,2,time_rule,第二档为年用电量在3120度至4800度之间的居民，电价每度电上浮0.05元；,,,,,,,,,,,,,,,,,,,,step7b_iterB_rulefix,strict_all
Clause:eed146d5fe14ffb1e1c746567c59461666857ebc7017d129ca0598039b4deb07#clause_0003,Clause,,eed146d5fe14ffb1e1c746567c59461666857ebc7017d129ca0598039b4deb07,eed146d5fe14ffb1e1c746567c59461666857ebc7017d129ca0598039b4deb07#clause_0003,3,pricing_rule,第三档为年用电量超过4800度的居民，电价每度电上浮0.30元。,,,,,,,,,,,,,,,,,,,,step7b_iterB_rulefix,strict_all
Clause:ef37ae60155da7c864e6bbcd497682534bd9bff051369c9d8862797716ff8af2#clause_0000,Clause,,ef37ae60155da7c864e6bbcd497682534bd9bff051369c9d8862797716ff8af2,ef37ae60155da7c864e6bbcd497682534bd9bff051369c9d8862797716ff8af2#clause_0000,0,time_rule,"2023年11月28日 江西省发展改革委关于完善分时电价机制有关事项的通知
2024年1月1日起，为促进电力系统安全稳定运行、优化电力供需结构，并支持新能源消纳，本通知对分时电价政策进行调整，调整后的高峰时段为冬季17:00-19:00、夏季20:00-22:00，其他月份为16:00-22:00，低谷时段为00:00-06:00，夏季和冬季高峰电价上浮50%，低谷电价下浮50%。",,,,,,,,,,,,,,,,,,,,step7b_iterB_rulefix,strict_all
Clause:f0504aae844e886a34041b00b27979b42a08612c461a8d553797330210658574#clause_0000,Clause,,f0504aae844e886a34041b00b27979b42a08612c461a8d553797330210658574,f0504aae844e886a34041b00b27979b42a08612c461a8d553797330210658574#clause_0000,0,time_rule,"2018年6月27日 《国务院关于印发打赢蓝天保卫战三年行动计划的通知》
到2020年，二氧化硫、氮氧化物排放总量分别比2015年下降15%以上；",,,,,,,,,,,,,,,,,,,,step7b_iterB_rulefix,strict_all
Clause:f5bc3bee6322d7a50db50b302cf7684c06fe73a55292d8b2fce0e09d9ce0dea5#clause_0000,Clause,,f5bc3bee6322d7a50db50b302cf7684c06fe73a55292d8b2fce0e09d9ce0dea5,f5bc3bee6322d7a50db50b302cf7684c06fe73a55292d8b2fce0e09d9ce0dea5#clause_0000,0,time_rule,"2024年7月29日 黑龙江省发展和改革委员会关于进一步完善峰谷分时电价政策措施的通知
2025年1月1日起，进一步发挥分时电价信号作用，改善电力供需结构，优化工商业用户峰谷分时电价政策，调整每日用电时段为高峰（7:00-8:00、9:00-11:30、15:30-20:00）、低谷（12:00-14:00、23:30-5:30）和平时段（其余时段）。",,,,,,,,,,,,,,,,,,,,step7b_iterB_rulefix,strict_all
Clause:f6b0d052adf6d0a230e2a61659b671708d4098acae657910b3de04d53301f75a#clause_0001,Clause,,f6b0d052adf6d0a230e2a61659b671708d4098acae657910b3de04d53301f75a,f6b0d052adf6d0a230e2a61659b671708d4098acae657910b3de04d53301f75a#clause_0001,1,time_rule,2016—2020年，实现能源终端消费环节电能替代散烧煤、燃油消费总量约1.3亿吨标煤，带动电煤占煤炭消费比重提高约1.9%，带动电能占终端能源消费比重提高约1.5%，促进电能占终端能源消费比重达到约27%。,,,,,,,,,,,,,,,,,,,,step7b_iterB_rulefix,strict_all
Clause:f6f8d5f9847c1fe31624cb64353d12b61bebca40113c37e445b63a2d226db18d#clause_0003,Clause,,f6f8d5f9847c1fe31624cb64353d12b61bebca40113c37e445b63a2d226db18d,f6f8d5f9847c1fe31624cb64353d12b61bebca40113c37e445b63a2d226db18d#clause_0003,3,subsidy_rule,设备采购补助方面，我市主推碳纤维电热板取暖方式，每户安装两片，每片1200W，碳纤维电热板招标拦标价为0.77元/瓦，由各镇街负责组织实施，所有取暖设备的补助均按1478.4元(0.77*2400*0.8)进行补助，其余部分由个人承担(空调小太阳等不在补助范围)。,,,,,,,,,,,,,,,,,,,,step7b_iterB_rulefix,strict_all
Clause:f6f8d5f9847c1fe31624cb64353d12b61bebca40113c37e445b63a2d226db18d#clause_0004,Clause,,f6f8d5f9847c1fe31624cb64353d12b61bebca40113c37e445b63a2d226db18d,f6f8d5f9847c1fe31624cb64353d12b61bebca40113c37e445b63a2d226db18d#clause_0004,4,subsidy_rule,设备运行补助方面，采取燃气取暖的，燃气每方补助1元，一个采暖季补助最多不超过1200元;采用电取暖的，按清洁供暖相关电价规定执行，同时每度电补助0.2元，一个采暖季补助不超过1200元;列入清洁取暖建设范围自行安装清洁取暖设备的，只给予运行补助，不予设备补助;运行补助暂定为3年，,,,,,,,,,,,,,,,,,,,,step7b_iterB_rulefix,strict_all
Clause:f777d830e8f61452b04215ca463bc25c9f5372e505858ce99c85b70800e0baec#clause_0003,Clause,,f777d830e8f61452b04215ca463bc25c9f5372e505858ce99c85b70800e0baec,f777d830e8f61452b04215ca463bc25c9f5372e505858ce99c85b70800e0baec#clause_0003,3,time_rule,到2025年，电能占终端能源消费比重达到30%左右。大力推进工业领域电气化。,,,,,,,,,,,,,,,,,,,,step7b_iterB_rulefix,strict_all
Clause:f7c1229055e5b5f8c595b6f108b78348c5aca9652ef3bf154140ac486cf0f78e#clause_0001,Clause,,f7c1229055e5b5f8c595b6f108b78348c5aca9652ef3bf154140ac486cf0f78e,f7c1229055e5b5f8c595b6f108b78348c5aca9652ef3bf154140ac486cf0f78e#clause_0001,1,time_rule,2016—2020年，实现能源终端消费环节电能替代散烧煤、燃油消费总量约1.3亿吨标煤，带动电煤占煤炭消费比重提高约1.9%，带动电能占终端能源消费比重提高约1.5%，促进电能占终端能源消费比重达到约27%。,,,,,,,,,,,,,,,,,,,,step7b_iterB_rulefix,strict_all
Clause:f855ce5878be9d1e5976fcdb738fa1f41755c19766cf04453045b0e0c69af4ab#clause_0000,Clause,,f855ce5878be9d1e5976fcdb738fa1f41755c19766cf04453045b0e0c69af4ab,f855ce5878be9d1e5976fcdb738fa1f41755c19766cf04453045b0e0c69af4ab#clause_0000,0,time_rule,"<h2>file:《国务院关于印发打赢蓝天保卫战三年行动计划的通知》.txt</h2>
2018年6月27日 《国务院关于印发打赢蓝天保卫战三年行动计划的通知》
到2020年，二氧化硫、氮氧化物排放总量分别比2015年下降15%以上；",,,,,,,,,,,,,,,,,,,,step7b_iterB_rulefix,strict_all
Clause:f8c4fb0263c1210088bbd510f8af1d01facfaac347c1633daea0ff54339aae1d#clause_0001,Clause,,f8c4fb0263c1210088bbd510f8af1d01facfaac347c1633daea0ff54339aae1d,f8c4fb0263c1210088bbd510f8af1d01facfaac347c1633daea0ff54339aae1d#clause_0001,1,time_rule,（一）“一户一表”居民电代煤用户，电价政策由“增加6000千瓦时一档采暖电量”，调整为“采暖季,,,,,,,,,,,,,,,,,,,,step7b_iterB_rulefix,strict_all
Clause:f8c4fb0263c1210088bbd510f8af1d01facfaac347c1633daea0ff54339aae1d#clause_0003,Clause,,f8c4fb0263c1210088bbd510f8af1d01facfaac347c1633daea0ff54339aae1d,f8c4fb0263c1210088bbd510f8af1d01facfaac347c1633daea0ff54339aae1d#clause_0003,3,time_rule,年度周期内，非采暖季继续执行居民阶梯电价政策，其中：一档电量为1470千瓦时，二档电量为1470-2800千瓦时，三档电量为超过2800千瓦时部分。,,,,,,,,,,,,,,,,,,,,step7b_iterB_rulefix,strict_all
Clause:f9e04639c4debca4ed9f462f2bcd047446a5ac515e9037c7aa504a0cb62c9f85#clause_0001,Clause,,f9e04639c4debca4ed9f462f2bcd047446a5ac515e9037c7aa504a0cb62c9f85,f9e04639c4debca4ed9f462f2bcd047446a5ac515e9037c7aa504a0cb62c9f85#clause_0001,1,table_row_clause,京政农发〔2023〕49号	北京市农村地区清洁取暖设备更新工作指导意见	对清洁取暖设备运行使用满10年（燃气壁挂炉运行使用满8年）且无法正常使用和虽没有达到使用年限经认定具备报废标准（见附件）的，参照家电下乡补贴的方式，由农村住户市场化自行购买符合要求的清洁取暖设备，按照产品销售价格的40%进行补贴（对生态涵养区，市、区财政分别补贴30%和10%；对其他区，市、区财政分别补贴20%）。空气源热泵类产品最高补贴金额不超过0.6万元/户，其他产品最高补贴金额不超过0.36万元/户。设备更新后10年内不得再次享受更新补贴政策。对一次性支付设备资金有困难的农户，符合条件的，可按照银行机构推出的相关金融产品，自愿向银行机构申请分期付款，区级财政予以贴息支持。对低保户、五保户、低收入家庭等特殊困难群体，经各区民政部门核实后，应在现有补贴的基础上加大补贴力度，具体政策由各区政府研究制定。,,,,,,,,,,,,,,,,,,,,step7b_iterB_rulefix,strict_all
Clause:f9e04639c4debca4ed9f462f2bcd047446a5ac515e9037c7aa504a0cb62c9f85#clause_0003,Clause,,f9e04639c4debca4ed9f462f2bcd047446a5ac515e9037c7aa504a0cb62c9f85,f9e04639c4debca4ed9f462f2bcd047446a5ac515e9037c7aa504a0cb62c9f85#clause_0003,3,subsidy_rule,（见附件）的，参照家电下乡补贴的方式，由农村住户市场化自行购买符合要求的清洁取暖设备，按照产品销售价格的40%进行补贴（对生态涵养区，市、区财政分别补贴30%和10%；对其他区，市、区财政分别补贴20%）。,,,,,,,,,,,,,,,,,,,,step7b_iterB_rulefix,strict_all
Clause:f9e04639c4debca4ed9f462f2bcd047446a5ac515e9037c7aa504a0cb62c9f85#clause_0004,Clause,,f9e04639c4debca4ed9f462f2bcd047446a5ac515e9037c7aa504a0cb62c9f85,f9e04639c4debca4ed9f462f2bcd047446a5ac515e9037c7aa504a0cb62c9f85#clause_0004,4,subsidy_rule,空气源热泵类产品最高补贴金额不超过0.6万元/户，其他产品最高补贴金额不超过0.36万元/户。,,,,,,,,,,,,,,,,,,,,step7b_iterB_rulefix,strict_all
Clause:fa8247ce8a15e7fa9b0253eda7960d3595374d0fe35b3c360fc07635c4aac219#clause_0001,Clause,,fa8247ce8a15e7fa9b0253eda7960d3595374d0fe35b3c360fc07635c4aac219,fa8247ce8a15e7fa9b0253eda7960d3595374d0fe35b3c360fc07635c4aac219#clause_0001,1,time_rule,调整后的电动汽车充换电设施的峰谷时段保持不变，分别为峰段16:00-24:00、平段00:00-02:00及10:00-16:00、谷段02:00-10:00（迎峰度夏阶段，4月至9月）；,,,,,,,,,,,,,,,,,,,,step7b_iterB_rulefix,strict_all
Clause:fa8247ce8a15e7fa9b0253eda7960d3595374d0fe35b3c360fc07635c4aac219#clause_0002,Clause,,fa8247ce8a15e7fa9b0253eda7960d3595374d0fe35b3c360fc07635c4aac219,fa8247ce8a15e7fa9b0253eda7960d3595374d0fe35b3c360fc07635c4aac219#clause_0002,2,time_rule,峰段16:00-24:00、平段08:00-16:00、谷段00:00-08:00（非迎峰度夏阶段，10月至次年3月）。,,,,,,,,,,,,,,,,,,,,step7b_iterB_rulefix,strict_all
Clause:fb55d418bed4eb4484f674119c95bd74b5f22fce8ab5798d7398c93a0244de1c#clause_0000,Clause,,fb55d418bed4eb4484f674119c95bd74b5f22fce8ab5798d7398c93a0244de1c,fb55d418bed4eb4484f674119c95bd74b5f22fce8ab5798d7398c93a0244de1c#clause_0000,0,time_rule,加快推进在用码头的岸电建设，到2020年，实现50%以上的集装箱、客货滚装、邮轮、3千吨级以上客运和5万吨级以上干散货专业化泊位具备向船舶供应岸电的能力，煤电厂码头、内河码头实现岸电设施全覆盖。,,,,,,,,,,,,,,,,,,,,step7b_iterB_rulefix,strict_all
Clause:fb55d418bed4eb4484f674119c95bd74b5f22fce8ab5798d7398c93a0244de1c#clause_0002,Clause,,fb55d418bed4eb4484f674119c95bd74b5f22fce8ab5798d7398c93a0244de1c,fb55d418bed4eb4484f674119c95bd74b5f22fce8ab5798d7398c93a0244de1c#clause_0002,2,table_row_clause,根据上海港船舶排放控制区总体要求，研究推进靠港船舶强制使用岸电，逐年提高岸电使用率，力争到2020年，本市集装箱、邮轮码头岸电设施使用率达到10%、港作船舶岸电设施使用率达到80%以上。加强船港岸电使用对接。　　（四）强化岸电使用执法监管。　　（五）健全岸电数据报送制度。　　（六）加大岸电使用支持力度。　　（七）常态开展岸电技术交流。,,,,,,,,,,,,,,,,,,,,step7b_iterB_rulefix,strict_all
Clause:fd34a0c79d6d5134b8ac84ff7a0bc89ce796c8c298e0c72af6f687a2f1d16760#clause_0000,Clause,,fd34a0c79d6d5134b8ac84ff7a0bc89ce796c8c298e0c72af6f687a2f1d16760,fd34a0c79d6d5134b8ac84ff7a0bc89ce796c8c298e0c72af6f687a2f1d16760#clause_0000,0,time_rule,"<h2>file:《港口岸电布局方案》.txt</h2>
2016年12月29日  《港口岸电布局方案》
2020年底前，实现全国主要港口和船舶排放控制区内港口50%以上已建的集装箱、客滚、邮轮、3千吨级以上客运和5万吨级以上干散货专业化泊位具备向船舶供应岸电的能力。",,,,,,,,,,,,,,,,,,,,step7b_iterB_rulefix,strict_all
Clause:fd34a0c79d6d5134b8ac84ff7a0bc89ce796c8c298e0c72af6f687a2f1d16760#clause_0002,Clause,,fd34a0c79d6d5134b8ac84ff7a0bc89ce796c8c298e0c72af6f687a2f1d16760,fd34a0c79d6d5134b8ac84ff7a0bc89ce796c8c298e0c72af6f687a2f1d16760#clause_0002,2,other,同时，鼓励岸电需求较大、基础条件较好的港口争取实现100%的泊位岸电覆盖率。,,,,,,,,,,,,,,,,,,,,step7b_iterB_rulefix,strict_all
Clause:ffc68a35eb1e5ce2437cbe847fb6902e01371194247d63f6245170f1a6d8442f#clause_0001,Clause,,ffc68a35eb1e5ce2437cbe847fb6902e01371194247d63f6245170f1a6d8442f,ffc68a35eb1e5ce2437cbe847fb6902e01371194247d63f6245170f1a6d8442f#clause_0001,1,other,调整后，第一档电量为3000千瓦时以内；,,,,,,,,,,,,,,,,,,,,step7b_iterB_rulefix,strict_all
Clause:ffc68a35eb1e5ce2437cbe847fb6902e01371194247d63f6245170f1a6d8442f#clause_0002,Clause,,ffc68a35eb1e5ce2437cbe847fb6902e01371194247d63f6245170f1a6d8442f,ffc68a35eb1e5ce2437cbe847fb6902e01371194247d63f6245170f1a6d8442f#clause_0002,2,time_rule,第二档电量为3000千瓦时至4700千瓦时（含）；,,,,,,,,,,,,,,,,,,,,step7b_iterB_rulefix,strict_all
Clause:ffc68a35eb1e5ce2437cbe847fb6902e01371194247d63f6245170f1a6d8442f#clause_0003,Clause,,ffc68a35eb1e5ce2437cbe847fb6902e01371194247d63f6245170f1a6d8442f,ffc68a35eb1e5ce2437cbe847fb6902e01371194247d63f6245170f1a6d8442f#clause_0003,3,other,第三档电量为超过4700千瓦时的用电量。,,,,,,,,,,,,,,,,,,,,step7b_iterB_rulefix,strict_all
Clause:ffc68a35eb1e5ce2437cbe847fb6902e01371194247d63f6245170f1a6d8442f#clause_0004,Clause,,ffc68a35eb1e5ce2437cbe847fb6902e01371194247d63f6245170f1a6d8442f,ffc68a35eb1e5ce2437cbe847fb6902e01371194247d63f6245170f1a6d8442f#clause_0004,4,pricing_rule,各档电量的电价维持现行水平不变，分别为第一档0.4556元/千瓦时、第二档0.5056元/千瓦时、第三档0.7556元/千瓦时。,,,,,,,,,,,,,,,,,,,,step7b_iterB_rulefix,strict_all
Mechanism:mechanism_001af6c12cbeeea0013f,Mechanism,,15d322df36604ef5082b3cbb152c1ae45bda6ad3f5d941b024f5371b4210c4d8,,,,,mechanism_001af6c12cbeeea0013f,tou_pricing,step5_rebind,,,,,,,,,,,,,,,,,step7b_iterB_rulefix,strict_all
Mechanism:mechanism_015f116ef82f09b2a7d4,Mechanism,,ec7378b180d0ffdb20e93755e832b7ea1eb6476bbdedfadbb4c5553b1f65c879,,,,,mechanism_015f116ef82f09b2a7d4,tou_pricing,step5_rebind,,,,,,,,,,,,,,,,,step7b_iterB_rulefix,strict_all
Mechanism:mechanism_01ec3534f0e38701b86e,Mechanism,,dc812e8b13d03ff73b79b4b814a56ec987458e2b4ac3147020283904460efdc9,,,,,mechanism_01ec3534f0e38701b86e,tou_pricing,step5_rebind,,,,,,,,,,,,,,,,,step7b_iterB_rulefix,strict_all
Mechanism:mechanism_024e2ec25f4642be6c57,Mechanism,,1df67c120b894f41fc1540eadf6f7318a0e4032ff1bae8a444612d07944ef7b9,,,,,mechanism_024e2ec25f4642be6c57,technology_route,step5_rebind,,,,,,,,,,,,,,,,,step7b_iterB_rulefix,strict_all
Mechanism:mechanism_0271d96b693dacce4257,Mechanism,,cd86e3487ec66701c2d41c1399f9a453338981c169b847ab9321c78351d62988,,,,,mechanism_0271d96b693dacce4257,subsidy,step5_rebind,,,,,,,,,,,,,,,,,step7b_iterB_rulefix,strict_all
Mechanism:mechanism_02b9899473cc4c31172c,Mechanism,,a63aaa1b99aae78cd58b5beb8c271e538c4b10b43ff4aff7312d6e081dd79eed,,,,,mechanism_02b9899473cc4c31172c,technology_route,step5_rebind,,,,,,,,,,,,,,,,,step7b_iterB_rulefix,strict_all
Mechanism:mechanism_035e5bd02d40cc7a6e47,Mechanism,,bd6202baffd47fe0052d9accf098e87cdadac6623a4be7112867c5541bb55aeb,,,,,mechanism_035e5bd02d40cc7a6e47,subsidy,step5_rebind,,,,,,,,,,,,,,,,,step7b_iterB_rulefix,strict_all
Mechanism:mechanism_04962c40a9d41dc13aea,Mechanism,,00a12958eaee9a105dcc89c19bd002fa5ac8761a4154324faee32237e8364fec,,,,,mechanism_04962c40a9d41dc13aea,task_assessment,step5_rebind,,,,,,,,,,,,,,,,,step7b_iterB_rulefix,strict_all
Mechanism:mechanism_04c8b0afa326db46c30a,Mechanism,,c87c6c303d4ebe0bce627bed2792bac1dd9e89ad192d23b7144aa9570705b240,,,,,mechanism_04c8b0afa326db46c30a,subsidy,step5_rebind,,,,,,,,,,,,,,,,,step7b_iterB_rulefix,strict_all
Mechanism:mechanism_0577555bb74afac7a8cd,Mechanism,,41eed2fc03a95dc30af898124e00962d37f00dd998abb5da87c6e10e209db169,,,,,mechanism_0577555bb74afac7a8cd,subsidy,step5_rebind,,,,,,,,,,,,,,,,,step7b_iterB_rulefix,strict_all
Mechanism:mechanism_05a5d66a08f1546032d5,Mechanism,,18aede9bc4a893e4dc4dcc46a9c6800761d8d391b46ad5d676d183b8aebaa183,,,,,mechanism_05a5d66a08f1546032d5,tiered_pricing,step5_rebind,,,,,,,,,,,,,,,,,step7b_iterB_rulefix,strict_all
Mechanism:mechanism_05b21b14d7894255c83f,Mechanism,,41eed2fc03a95dc30af898124e00962d37f00dd998abb5da87c6e10e209db169,,,,,mechanism_05b21b14d7894255c83f,technology_route,step5_rebind,,,,,,,,,,,,,,,,,step7b_iterB_rulefix,strict_all
Mechanism:mechanism_05f35ada818e6b84ed06,Mechanism,,34de2093bea75d704c113e23bf49b9018637efa1841e90bf224a6566684fd8df,,,,,mechanism_05f35ada818e6b84ed06,technology_route,step5_rebind,,,,,,,,,,,,,,,,,step7b_iterB_rulefix,strict_all
Mechanism:mechanism_0634b7188789dcad85b3,Mechanism,,5d785886820a3ef835d86f0d4c5e3aedb76c51572c87d6f5228dd8e042fa93a4,,,,,mechanism_0634b7188789dcad85b3,tou_pricing,step5_rebind,,,,,,,,,,,,,,,,,step7b_iterB_rulefix,strict_all
Mechanism:mechanism_06d738e2a5a3340b96b2,Mechanism,,41eed2fc03a95dc30af898124e00962d37f00dd998abb5da87c6e10e209db169,,,,,mechanism_06d738e2a5a3340b96b2,subsidy,step5_rebind,,,,,,,,,,,,,,,,,step7b_iterB_rulefix,strict_all
Mechanism:mechanism_07368b2debd3a1bfeca3,Mechanism,,9b9dc731d84971b347984a61cebe82dfa99c5011c92f8e92ff5e8eae8821ced0,,,,,mechanism_07368b2debd3a1bfeca3,tou_pricing,step5_rebind,,,,,,,,,,,,,,,,,step7b_iterB_rulefix,strict_all
Mechanism:mechanism_0781f4a3c47c800803bb,Mechanism,,58335d90e96cc5b4211b57e5ba68639ec110997e34daf85e547cbcf39bcc1906,,,,,mechanism_0781f4a3c47c800803bb,tou_pricing,step5_rebind,,,,,,,,,,,,,,,,,step7b_iterB_rulefix,strict_all
Mechanism:mechanism_0892769c1d0333707d74,Mechanism,,99bfb079cc9a0ac097ce291b686022d6fc947c4ca53f0ca785a04338057cf2cb,,,,,mechanism_0892769c1d0333707d74,subsidy,step5_rebind,,,,,,,,,,,,,,,,,step7b_iterB_rulefix,strict_all
Mechanism:mechanism_089af9990c9dbb5aec76,Mechanism,,819c31e2886f7e8adcaade88373bb32f7768902a56246226666f0aeddd11bb1b,,,,,mechanism_089af9990c9dbb5aec76,general_price_adjustment,step5_rebind,,,,,,,,,,,,,,,,,step7b_iterB_rulefix,strict_all
Mechanism:mechanism_09b7d28037f2cd80c617,Mechanism,,dc812e8b13d03ff73b79b4b814a56ec987458e2b4ac3147020283904460efdc9,,,,,mechanism_09b7d28037f2cd80c617,tou_pricing,step5_rebind,,,,,,,,,,,,,,,,,step7b_iterB_rulefix,strict_all
Mechanism:mechanism_0a3cd702a42baf678189,Mechanism,,8293b970f4e2ac1c39653b3e5937d089fbcd1b69315da4d962c2e805f3a1ca2e,,,,,mechanism_0a3cd702a42baf678189,tiered_pricing,step5_rebind,,,,,,,,,,,,,,,,,step7b_iterB_rulefix,strict_all
Mechanism:mechanism_0aa2ea57eb551e921f74,Mechanism,,6cb18e49eef7e01ce34c704b30e6ccb4c6e2697977a292460da68fe51b13ae6d,,,,,mechanism_0aa2ea57eb551e921f74,subsidy,step5_rebind,,,,,,,,,,,,,,,,,step7b_iterB_rulefix,strict_all
Mechanism:mechanism_0b4da963a9ea76501a86,Mechanism,,dd0f960822e56c43dbb9f31ec64d69bfab76f460ee217767f10f8c8aa1b4af54,,,,,mechanism_0b4da963a9ea76501a86,tou_pricing,step5_rebind,,,,,,,,,,,,,,,,,step7b_iterB_rulefix,strict_all
Mechanism:mechanism_0b6160ada7101831cf49,Mechanism,,e96954454202c06919fb26233a2f5743477ff62fe26d6f194b805da4176b5fcb,,,,,mechanism_0b6160ada7101831cf49,general_price_adjustment,step5_rebind,,,,,,,,,,,,,,,,,step7b_iterB_rulefix,strict_all
Mechanism:mechanism_0c100d52d4c81d219c1b,Mechanism,,3c24ac76d1cffa37cf2ed99cbae0e44f06f82743cc0db416e3cbf0a39d3f65a2,,,,,mechanism_0c100d52d4c81d219c1b,technology_route,step5_rebind,,,,,,,,,,,,,,,,,step7b_iterB_rulefix,strict_all
Mechanism:mechanism_0cc398635fa689bfbe94,Mechanism,,00a12958eaee9a105dcc89c19bd002fa5ac8761a4154324faee32237e8364fec,,,,,mechanism_0cc398635fa689bfbe94,task_assessment,step5_rebind,,,,,,,,,,,,,,,,,step7b_iterB_rulefix,strict_all
Mechanism:mechanism_0d496b46b840a6973ba3,Mechanism,,3c1392fd897f1d095efaa1ae2a1eaa5c0c3df313cd5a9a185aacffe05575b886,,,,,mechanism_0d496b46b840a6973ba3,subsidy,step5_rebind,,,,,,,,,,,,,,,,,step7b_iterB_rulefix,strict_all
Mechanism:mechanism_0da0afe6ab689a9d353e,Mechanism,,6ca5d9d44b93a3440cc8f24b4feda441563e6841021017b2c5db628a6976c9f5,,,,,mechanism_0da0afe6ab689a9d353e,subsidy,step5_rebind,,,,,,,,,,,,,,,,,step7b_iterB_rulefix,strict_all
Mechanism:mechanism_0de4c71dc285b70eebea,Mechanism,,9b573a30294f2b87e5bc8a1733dc8154869687fb42b7fbcbc23dc1cf3c74f11b,,,,,mechanism_0de4c71dc285b70eebea,subsidy,step5_rebind,,,,,,,,,,,,,,,,,step7b_iterB_rulefix,strict_all
Mechanism:mechanism_0e978debfd1de4ac6e36,Mechanism,,6618b31ad2d2553801e75f1d42256338782cda332eb141a7fea6466fee1dccfd,,,,,mechanism_0e978debfd1de4ac6e36,subsidy,step5_rebind,,,,,,,,,,,,,,,,,step7b_iterB_rulefix,strict_all
Mechanism:mechanism_0ead59049729e8208ebb,Mechanism,,9f3a13c9638cc5c7deb8ecad47f6052f7b19aa02e4514ce8b2b5376c00e60c86,,,,,mechanism_0ead59049729e8208ebb,tiered_pricing,step5_rebind,,,,,,,,,,,,,,,,,step7b_iterB_rulefix,strict_all
Mechanism:mechanism_0ee34fa7882338fb70bf,Mechanism,,6970500b879273b0b83bb7a489716ace3a254448e313c9392b1c8d699aa8443a,,,,,mechanism_0ee34fa7882338fb70bf,subsidy,step5_rebind,,,,,,,,,,,,,,,,,step7b_iterB_rulefix,strict_all
Mechanism:mechanism_0ee3a1f5f6c07aa150ec,Mechanism,,ffc68a35eb1e5ce2437cbe847fb6902e01371194247d63f6245170f1a6d8442f,,,,,mechanism_0ee3a1f5f6c07aa150ec,tiered_pricing,step5_rebind,,,,,,,,,,,,,,,,,step7b_iterB_rulefix,strict_all
Mechanism:mechanism_0eef3b51103e8f296933,Mechanism,,ad8d0971d97051367bf7e78a6885dd89b83772d35f94aaff8c56c77398caa167,,,,,mechanism_0eef3b51103e8f296933,subsidy,step5_rebind,,,,,,,,,,,,,,,,,step7b_iterB_rulefix,strict_all
Mechanism:mechanism_0faf7c7645e4ee4e6fc7,Mechanism,,2f9184a72b1488e94b2de32d7d9489e5d523b09268cd7142f059723054a93828,,,,,mechanism_0faf7c7645e4ee4e6fc7,tou_pricing,step5_rebind,,,,,,,,,,,,,,,,,step7b_iterB_rulefix,strict_all
Mechanism:mechanism_0ff0e279552c70b37d3d,Mechanism,,3e01f17b897c9feee5fc314db8aefdb21db1935f389688d626165886eda313fe,,,,,mechanism_0ff0e279552c70b37d3d,subsidy,step5_rebind,,,,,,,,,,,,,,,,,step7b_iterB_rulefix,strict_all
Mechanism:mechanism_10d1fb2af74cbd1485e9,Mechanism,,9977a1b4a371e69cc97e07c3dc35c2f6e10314b35aaf7e35995468d3930cbcea,,,,,mechanism_10d1fb2af74cbd1485e9,tou_pricing,step5_rebind,,,,,,,,,,,,,,,,,step7b_iterB_rulefix,strict_all
Mechanism:mechanism_114d6aca12e9856f6655,Mechanism,,7e1dff3ee78977bc7e5f87b686fc7b8ccf4f78bd15144d2fd3f7c60c48ec3209,,,,,mechanism_114d6aca12e9856f6655,tou_pricing,step5_rebind,,,,,,,,,,,,,,,,,step7b_iterB_rulefix,strict_all
Mechanism:mechanism_117e0a55f3972668a06d,Mechanism,,693f3a55fe86330e400962dd0b43476d41023ad39e89f0254b4f9e2651efaca2,,,,,mechanism_117e0a55f3972668a06d,tiered_pricing,step5_rebind,,,,,,,,,,,,,,,,,step7b_iterB_rulefix,strict_all
Mechanism:mechanism_11ea1b7b01348460da47,Mechanism,,0ae95f60cf40ef3dbcc874d7e32a0ed5a3d91c7d587ec5cae592c8064a14b8f8,,,,,mechanism_11ea1b7b01348460da47,subsidy,step5_rebind,,,,,,,,,,,,,,,,,step7b_iterB_rulefix,strict_all
Mechanism:mechanism_122dcef34077afebf1ad,Mechanism,,a69f4fada444fbf3a5477b252309fb00555c6f7cb1797785c73b753cdaf02622,,,,,mechanism_122dcef34077afebf1ad,subsidy,step5_rebind,,,,,,,,,,,,,,,,,step7b_iterB_rulefix,strict_all
Mechanism:mechanism_12f9c294d55669c9f205,Mechanism,,e5086c754f7ebfd84a885046912ad75054fcb20a8134c99886138a57a5d80ab7,,,,,mechanism_12f9c294d55669c9f205,subsidy,step5_rebind,,,,,,,,,,,,,,,,,step7b_iterB_rulefix,strict_all
Mechanism:mechanism_13eb366e8ba9e92c04ea,Mechanism,,67bb80e9af349ffd1cfa1abcf8a9a811c986f1fc171c93e1f60ce3232981e99c,,,,,mechanism_13eb366e8ba9e92c04ea,subsidy,step5_rebind,,,,,,,,,,,,,,,,,step7b_iterB_rulefix,strict_all
Mechanism:mechanism_13f5a0b5a8d3b8453d2e,Mechanism,,6ca5d9d44b93a3440cc8f24b4feda441563e6841021017b2c5db628a6976c9f5,,,,,mechanism_13f5a0b5a8d3b8453d2e,subsidy,step5_rebind,,,,,,,,,,,,,,,,,step7b_iterB_rulefix,strict_all
Mechanism:mechanism_1420ec267812a4878ada,Mechanism,,e4a700feee24e579d89760a2bb47ebf2eefa038152e667ec8a9da9f29b65dbe0,,,,,mechanism_1420ec267812a4878ada,technology_route,step5_rebind,,,,,,,,,,,,,,,,,step7b_iterB_rulefix,strict_all
Mechanism:mechanism_147a2dc227ee5a5ed38d,Mechanism,,7ed0773389be1fab4cf4b39fd715e035135ac2f3585caf8e1b63b0017de0c7c9,,,,,mechanism_147a2dc227ee5a5ed38d,tiered_pricing,step5_rebind,,,,,,,,,,,,,,,,,step7b_iterB_rulefix,strict_all
Mechanism:mechanism_15def9452567641170a8,Mechanism,,3c1392fd897f1d095efaa1ae2a1eaa5c0c3df313cd5a9a185aacffe05575b886,,,,,mechanism_15def9452567641170a8,subsidy,step5_rebind,,,,,,,,,,,,,,,,,step7b_iterB_rulefix,strict_all
Mechanism:mechanism_15e87fbb776d2e4c6bf4,Mechanism,,0d4df7638a86e161686866b0b8ac4efc520827097e76902f88d922c41e699999,,,,,mechanism_15e87fbb776d2e4c6bf4,task_assessment,step5_rebind,,,,,,,,,,,,,,,,,step7b_iterB_rulefix,strict_all
Mechanism:mechanism_1681c931271cc97ed480,Mechanism,,9634a7cefdb8a7018741e8ef683bb7b815f1dbc1d60d42350574f3dd240e55b7,,,,,mechanism_1681c931271cc97ed480,task_assessment,step5_rebind,,,,,,,,,,,,,,,,,step7b_iterB_rulefix,strict_all
Mechanism:mechanism_16fbf04066f27a10b798,Mechanism,,c87c6c303d4ebe0bce627bed2792bac1dd9e89ad192d23b7144aa9570705b240,,,,,mechanism_16fbf04066f27a10b798,task_assessment,step5_rebind,,,,,,,,,,,,,,,,,step7b_iterB_rulefix,strict_all
Mechanism:mechanism_175c7251d5e313962511,Mechanism,,8cbf9d571e472404e9b79d5a7ebb488d70af5040f4c4a6f056ba9491f738d6fb,,,,,mechanism_175c7251d5e313962511,subsidy,step5_rebind,,,,,,,,,,,,,,,,,step7b_iterB_rulefix,strict_all
Mechanism:mechanism_17df4e793d177383fecb,Mechanism,,55486d5eaf1202de357651355eea469df92d887e1b388dd7c1a3fcd9b75286cb,,,,,mechanism_17df4e793d177383fecb,task_assessment,step5_rebind,,,,,,,,,,,,,,,,,step7b_iterB_rulefix,strict_all
Mechanism:mechanism_1886d99a7027b5190b3b,Mechanism,,cc7addf8ff4efe3409afac8915cc6b8df3283617d08af2da6658e58933736301,,,,,mechanism_1886d99a7027b5190b3b,general_price_adjustment,step5_rebind,,,,,,,,,,,,,,,,,step7b_iterB_rulefix,strict_all
Mechanism:mechanism_1a83f55745f4e5b1ad0a,Mechanism,,4d9e424e89d20d90f83d0086d46ae685d20198da6a5b716333623c8288b3d66e,,,,,mechanism_1a83f55745f4e5b1ad0a,tou_pricing,step5_rebind,,,,,,,,,,,,,,,,,step7b_iterB_rulefix,strict_all
Mechanism:mechanism_1a85e98dc88d2ed71b55,Mechanism,,94c590b102ade026538aeffdd33a1708509a35674bb3f467aed33c570fc34908,,,,,mechanism_1a85e98dc88d2ed71b55,subsidy,step5_rebind,,,,,,,,,,,,,,,,,step7b_iterB_rulefix,strict_all
Mechanism:mechanism_1a9d1c42a89af57c2d16,Mechanism,,6ed6029ec536fdcb1c28233730ac3cff649d9109667a7f16206c20af41b9b4dc,,,,,mechanism_1a9d1c42a89af57c2d16,tou_pricing,step5_rebind,,,,,,,,,,,,,,,,,step7b_iterB_rulefix,strict_all
Mechanism:mechanism_1abd240e3c1259bd39d9,Mechanism,,40eaa271256c3f5b89ddb8760613b6fabdcf0efb295059429c972a9d9abc394a,,,,,mechanism_1abd240e3c1259bd39d9,task_assessment,step5_rebind,,,,,,,,,,,,,,,,,step7b_iterB_rulefix,strict_all
Mechanism:mechanism_1ac6330cb5780c1bdcca,Mechanism,,f855ce5878be9d1e5976fcdb738fa1f41755c19766cf04453045b0e0c69af4ab,,,,,mechanism_1ac6330cb5780c1bdcca,task_assessment,step5_rebind,,,,,,,,,,,,,,,,,step7b_iterB_rulefix,strict_all
Mechanism:mechanism_1b1c3cfda432a37d1356,Mechanism,,22683cdc818adbda88476b2ce5ef07bfd17154e8f751efbcf70c4b68e9dd70ba,,,,,mechanism_1b1c3cfda432a37d1356,technology_route,step5_rebind,,,,,,,,,,,,,,,,,step7b_iterB_rulefix,strict_all
Mechanism:mechanism_1b77d2257bd8d9203aa5,Mechanism,,17b169c01d0fd11691f3014066bc982e9d5aae3ef301b3d897d2a4b986dac45b,,,,,mechanism_1b77d2257bd8d9203aa5,subsidy,step5_rebind,,,,,,,,,,,,,,,,,step7b_iterB_rulefix,strict_all
Mechanism:mechanism_1bbec1f90f8070e1e0cd,Mechanism,,6970500b879273b0b83bb7a489716ace3a254448e313c9392b1c8d699aa8443a,,,,,mechanism_1bbec1f90f8070e1e0cd,subsidy,step5_rebind,,,,,,,,,,,,,,,,,step7b_iterB_rulefix,strict_all
Mechanism:mechanism_1c176ac8dd80412dce21,Mechanism,,d093bca3315576388f93648eb80178c1d6231b42de0de86db5ead37b5950bf2c,,,,,mechanism_1c176ac8dd80412dce21,task_assessment,step5_rebind,,,,,,,,,,,,,,,,,step7b_iterB_rulefix,strict_all
Mechanism:mechanism_1c248a7a5d807d0b866f,Mechanism,,ec04d88813b018d570d36f88e39cafafcdea9a884900156145f7f25c3149ea28,,,,,mechanism_1c248a7a5d807d0b866f,tiered_pricing,step5_rebind,,,,,,,,,,,,,,,,,step7b_iterB_rulefix,strict_all
Mechanism:mechanism_1cbaef9a4c85f0cae388,Mechanism,,cc7addf8ff4efe3409afac8915cc6b8df3283617d08af2da6658e58933736301,,,,,mechanism_1cbaef9a4c85f0cae388,tou_pricing,step5_rebind,,,,,,,,,,,,,,,,,step7b_iterB_rulefix,strict_all
Mechanism:mechanism_1d0eae4dd22d9efde039,Mechanism,,5d686c4dd3c6d84c37fea441ad526309dc2a68388e69c63ef9a5af13cc2abc6b,,,,,mechanism_1d0eae4dd22d9efde039,subsidy,step5_rebind,,,,,,,,,,,,,,,,,step7b_iterB_rulefix,strict_all
Mechanism:mechanism_1d493165f28b24dc9083,Mechanism,,6ca5d9d44b93a3440cc8f24b4feda441563e6841021017b2c5db628a6976c9f5,,,,,mechanism_1d493165f28b24dc9083,technology_route,step5_rebind,,,,,,,,,,,,,,,,,step7b_iterB_rulefix,strict_all
Mechanism:mechanism_1ddf539f0a358f83702e,Mechanism,,62f668d2db29a9b35b4e6b01f6064c10ad77ad238436d5b7314a37cbf4824821,,,,,mechanism_1ddf539f0a358f83702e,subsidy,step5_rebind,,,,,,,,,,,,,,,,,step7b_iterB_rulefix,strict_all
Mechanism:mechanism_1e44851aa17ce60d6104,Mechanism,,22683cdc818adbda88476b2ce5ef07bfd17154e8f751efbcf70c4b68e9dd70ba,,,,,mechanism_1e44851aa17ce60d6104,technology_route,step5_rebind,,,,,,,,,,,,,,,,,step7b_iterB_rulefix,strict_all
Mechanism:mechanism_1e4ceab3488f9668d023,Mechanism,,41eed2fc03a95dc30af898124e00962d37f00dd998abb5da87c6e10e209db169,,,,,mechanism_1e4ceab3488f9668d023,subsidy,step5_rebind,,,,,,,,,,,,,,,,,step7b_iterB_rulefix,strict_all
Mechanism:mechanism_1e6ce495b7147017cf8b,Mechanism,,ec7378b180d0ffdb20e93755e832b7ea1eb6476bbdedfadbb4c5553b1f65c879,,,,,mechanism_1e6ce495b7147017cf8b,tou_pricing,step5_rebind,,,,,,,,,,,,,,,,,step7b_iterB_rulefix,strict_all
Mechanism:mechanism_1f990b6b177c30850a23,Mechanism,,3c1392fd897f1d095efaa1ae2a1eaa5c0c3df313cd5a9a185aacffe05575b886,,,,,mechanism_1f990b6b177c30850a23,subsidy,step5_rebind,,,,,,,,,,,,,,,,,step7b_iterB_rulefix,strict_all
Mechanism:mechanism_20a047fd2ea4eb2d6197,Mechanism,,cd86e3487ec66701c2d41c1399f9a453338981c169b847ab9321c78351d62988,,,,,mechanism_20a047fd2ea4eb2d6197,subsidy,step5_rebind,,,,,,,,,,,,,,,,,step7b_iterB_rulefix,strict_all
Mechanism:mechanism_20a7354aaca5cc68d4b0,Mechanism,,7ed0773389be1fab4cf4b39fd715e035135ac2f3585caf8e1b63b0017de0c7c9,,,,,mechanism_20a7354aaca5cc68d4b0,general_price_adjustment,step5_rebind,,,,,,,,,,,,,,,,,step7b_iterB_rulefix,strict_all
Mechanism:mechanism_20e62fee4a69e5a363a5,Mechanism,,75833ff273a4d2d6f13f69723a049cea9e1c56a53db43bccd58d074ead1cd079,,,,,mechanism_20e62fee4a69e5a363a5,technology_route,step5_rebind,,,,,,,,,,,,,,,,,step7b_iterB_rulefix,strict_all
Mechanism:mechanism_2116f8dd799561ce8f0d,Mechanism,,6ca5d9d44b93a3440cc8f24b4feda441563e6841021017b2c5db628a6976c9f5,,,,,mechanism_2116f8dd799561ce8f0d,subsidy,step5_rebind,,,,,,,,,,,,,,,,,step7b_iterB_rulefix,strict_all
Mechanism:mechanism_2135a713c82853f7c50f,Mechanism,,9c3afee7cca39cb92c7272cf554cc02fdb162ec89bc92c98f6324cf2bb423c92,,,,,mechanism_2135a713c82853f7c50f,task_assessment,step5_rebind,,,,,,,,,,,,,,,,,step7b_iterB_rulefix,strict_all
Mechanism:mechanism_21c7da942e10a51e5184,Mechanism,,cd86e3487ec66701c2d41c1399f9a453338981c169b847ab9321c78351d62988,,,,,mechanism_21c7da942e10a51e5184,subsidy,step5_rebind,,,,,,,,,,,,,,,,,step7b_iterB_rulefix,strict_all
Mechanism:mechanism_2204be4dd7b0007dcf48,Mechanism,,13677b49d0d053be96bfcd32cd36eeba7c68f125c6f32cc220322ba98c178bf4,,,,,mechanism_2204be4dd7b0007dcf48,task_assessment,step5_rebind,,,,,,,,,,,,,,,,,step7b_iterB_rulefix,strict_all
Mechanism:mechanism_2270a5debb8ecb05f8cf,Mechanism,,da7b3160147d215da16cee83e83aa784e946b48928803c205dd5df56a2ec3cb9,,,,,mechanism_2270a5debb8ecb05f8cf,tiered_pricing,step5_rebind,,,,,,,,,,,,,,,,,step7b_iterB_rulefix,strict_all
Mechanism:mechanism_228c52eca0369749d680,Mechanism,,856652d4d7364977a05a7a183b892b5d146cb65bbc1a45dd030bcf53c76f25b3,,,,,mechanism_228c52eca0369749d680,tiered_pricing,step5_rebind,,,,,,,,,,,,,,,,,step7b_iterB_rulefix,strict_all
Mechanism:mechanism_2366a405ad91bfaa0267,Mechanism,,6f9e11a2d7c04d1e2e70825dcb404052e1219052d6c99430f5f25ebd988c1a72,,,,,mechanism_2366a405ad91bfaa0267,tiered_pricing,step5_rebind,,,,,,,,,,,,,,,,,step7b_iterB_rulefix,strict_all
Mechanism:mechanism_237b2e1ba4d31f499f33,Mechanism,,5d785886820a3ef835d86f0d4c5e3aedb76c51572c87d6f5228dd8e042fa93a4,,,,,mechanism_237b2e1ba4d31f499f33,tou_pricing,step5_rebind,,,,,,,,,,,,,,,,,step7b_iterB_rulefix,strict_all
Mechanism:mechanism_243da51d9228938a09ed,Mechanism,,6f9e11a2d7c04d1e2e70825dcb404052e1219052d6c99430f5f25ebd988c1a72,,,,,mechanism_243da51d9228938a09ed,tiered_pricing,step5_rebind,,,,,,,,,,,,,,,,,step7b_iterB_rulefix,strict_all
Mechanism:mechanism_2497eaa6fc0e2759dcb9,Mechanism,,6970500b879273b0b83bb7a489716ace3a254448e313c9392b1c8d699aa8443a,,,,,mechanism_2497eaa6fc0e2759dcb9,subsidy,step5_rebind,,,,,,,,,,,,,,,,,step7b_iterB_rulefix,strict_all
Mechanism:mechanism_24c912014584636d4669,Mechanism,,8a38fc0ed229ca59f4e8c0338588ed972cd97c0a52ee067064d2d696dd9021bd,,,,,mechanism_24c912014584636d4669,subsidy,step5_rebind,,,,,,,,,,,,,,,,,step7b_iterB_rulefix,strict_all
Mechanism:mechanism_2509d09268187d9511fc,Mechanism,,0f3400361f4f38388365c57c706fc464f0fa6aee962bdb434173380878f8c94b,,,,,mechanism_2509d09268187d9511fc,tou_pricing,step5_rebind,,,,,,,,,,,,,,,,,step7b_iterB_rulefix,strict_all
Mechanism:mechanism_254c0623af6cc109e8dd,Mechanism,,ec04d88813b018d570d36f88e39cafafcdea9a884900156145f7f25c3149ea28,,,,,mechanism_254c0623af6cc109e8dd,tiered_pricing,step5_rebind,,,,,,,,,,,,,,,,,step7b_iterB_rulefix,strict_all
Mechanism:mechanism_27ee48ccf66eee15edaf,Mechanism,,a63aaa1b99aae78cd58b5beb8c271e538c4b10b43ff4aff7312d6e081dd79eed,,,,,mechanism_27ee48ccf66eee15edaf,subsidy,step5_rebind,,,,,,,,,,,,,,,,,step7b_iterB_rulefix,strict_all
Mechanism:mechanism_28ef771920f68430f55d,Mechanism,,a63aaa1b99aae78cd58b5beb8c271e538c4b10b43ff4aff7312d6e081dd79eed,,,,,mechanism_28ef771920f68430f55d,subsidy,step5_rebind,,,,,,,,,,,,,,,,,step7b_iterB_rulefix,strict_all
Mechanism:mechanism_29a72930d3afde7a77a4,Mechanism,,3e01f17b897c9feee5fc314db8aefdb21db1935f389688d626165886eda313fe,,,,,mechanism_29a72930d3afde7a77a4,subsidy,step5_rebind,,,,,,,,,,,,,,,,,step7b_iterB_rulefix,strict_all
Mechanism:mechanism_29c0cb3adc538b7fc416,Mechanism,,de663a93ae7bdc24d54bbc18256efeab5ba380f03f236f51c5eb3890d640d222,,,,,mechanism_29c0cb3adc538b7fc416,tou_pricing,step5_rebind,,,,,,,,,,,,,,,,,step7b_iterB_rulefix,strict_all
Mechanism:mechanism_2a4b35c908724c1f9ba2,Mechanism,,53fc822864624a590cef5b5fa21ff00698716adde9cef0962459c0216e2b8855,,,,,mechanism_2a4b35c908724c1f9ba2,subsidy,step5_rebind,,,,,,,,,,,,,,,,,step7b_iterB_rulefix,strict_all
Mechanism:mechanism_2a4b7281c08ceb4695da,Mechanism,,40589565082dc74e8463d8e9c6ea201603035cfd7520a8ee3df916591204894b,,,,,mechanism_2a4b7281c08ceb4695da,tou_pricing,step5_rebind,,,,,,,,,,,,,,,,,step7b_iterB_rulefix,strict_all
Mechanism:mechanism_2a6ad433a02a08db6ba1,Mechanism,,a63aaa1b99aae78cd58b5beb8c271e538c4b10b43ff4aff7312d6e081dd79eed,,,,,mechanism_2a6ad433a02a08db6ba1,tou_pricing,step5_rebind,,,,,,,,,,,,,,,,,step7b_iterB_rulefix,strict_all
Mechanism:mechanism_2a743ad2c05e04237c97,Mechanism,,d31910273230458d2a8e0c7c623aa0f1c45d59d48f0dc7cad99ecb0902267b5d,,,,,mechanism_2a743ad2c05e04237c97,subsidy,step5_rebind,,,,,,,,,,,,,,,,,step7b_iterB_rulefix,strict_all
Mechanism:mechanism_2b5d887fdfbf32b89de7,Mechanism,,ad67c3fdaa5a26925e5e3474443bab3a8b1737e94937ccbe115cabd74e2fc9a0,,,,,mechanism_2b5d887fdfbf32b89de7,tiered_pricing,step5_rebind,,,,,,,,,,,,,,,,,step7b_iterB_rulefix,strict_all
Mechanism:mechanism_2cda5b49ad9ddfe6d7a4,Mechanism,,1fa29c73a41d6d62bb74e065c64724a1eb5075621c22e96288682d2c4c141f5d,,,,,mechanism_2cda5b49ad9ddfe6d7a4,tiered_pricing,step5_rebind,,,,,,,,,,,,,,,,,step7b_iterB_rulefix,strict_all
Mechanism:mechanism_2d8bd71ab3d7d228954e,Mechanism,,ef37ae60155da7c864e6bbcd497682534bd9bff051369c9d8862797716ff8af2,,,,,mechanism_2d8bd71ab3d7d228954e,tou_pricing,step5_rebind,,,,,,,,,,,,,,,,,step7b_iterB_rulefix,strict_all
Mechanism:mechanism_2d9810495e624b66c6b3,Mechanism,,6ca5d9d44b93a3440cc8f24b4feda441563e6841021017b2c5db628a6976c9f5,,,,,mechanism_2d9810495e624b66c6b3,subsidy,step5_rebind,,,,,,,,,,,,,,,,,step7b_iterB_rulefix,strict_all
Mechanism:mechanism_2df9cde4c6e8cf397d03,Mechanism,,55486d5eaf1202de357651355eea469df92d887e1b388dd7c1a3fcd9b75286cb,,,,,mechanism_2df9cde4c6e8cf397d03,task_assessment,step5_rebind,,,,,,,,,,,,,,,,,step7b_iterB_rulefix,strict_all
Mechanism:mechanism_2ea7e93432a0fbe31203,Mechanism,,d30af01520d50ba7d996b79b99121ed0cc0e9b34bb66761144c9c1d2f0cd1ba5,,,,,mechanism_2ea7e93432a0fbe31203,subsidy,step5_rebind,,,,,,,,,,,,,,,,,step7b_iterB_rulefix,strict_all
Mechanism:mechanism_2faa916caf15250492b6,Mechanism,,a63aaa1b99aae78cd58b5beb8c271e538c4b10b43ff4aff7312d6e081dd79eed,,,,,mechanism_2faa916caf15250492b6,subsidy,step5_rebind,,,,,,,,,,,,,,,,,step7b_iterB_rulefix,strict_all
Mechanism:mechanism_3065573e0c8b7e58bb64,Mechanism,,d30af01520d50ba7d996b79b99121ed0cc0e9b34bb66761144c9c1d2f0cd1ba5,,,,,mechanism_3065573e0c8b7e58bb64,subsidy,step5_rebind,,,,,,,,,,,,,,,,,step7b_iterB_rulefix,strict_all
Mechanism:mechanism_308cbb672fc80cc22876,Mechanism,,3d453b46781e992f20c2a7120846ab15062f4e272266f310b85e96ae17b26383,,,,,mechanism_308cbb672fc80cc22876,technology_route,step5_rebind,,,,,,,,,,,,,,,,,step7b_iterB_rulefix,strict_all
Mechanism:mechanism_30a23a3f2435cf743f66,Mechanism,,ad8d0971d97051367bf7e78a6885dd89b83772d35f94aaff8c56c77398caa167,,,,,mechanism_30a23a3f2435cf743f66,subsidy,step5_rebind,,,,,,,,,,,,,,,,,step7b_iterB_rulefix,strict_all
Mechanism:mechanism_30c8fce1fa561737a342,Mechanism,,a90ad1a3b708e8808bab56f3ff9155d788b100ae8fd28a759d636304a9fb6b03,,,,,mechanism_30c8fce1fa561737a342,tou_pricing,step5_rebind,,,,,,,,,,,,,,,,,step7b_iterB_rulefix,strict_all
Mechanism:mechanism_31768e6f953816787115,Mechanism,,ad8d0971d97051367bf7e78a6885dd89b83772d35f94aaff8c56c77398caa167,,,,,mechanism_31768e6f953816787115,subsidy,step5_rebind,,,,,,,,,,,,,,,,,step7b_iterB_rulefix,strict_all
Mechanism:mechanism_31e4048a8768776a0bfb,Mechanism,,438c0392b9db32d7f7e7063819ff233da3aefc768abccbae0d8cebcf58748a29,,,,,mechanism_31e4048a8768776a0bfb,subsidy,step5_rebind,,,,,,,,,,,,,,,,,step7b_iterB_rulefix,strict_all
Mechanism:mechanism_31e40c172594f212d6c0,Mechanism,,99dce90179e84c5da237d3a228a84ba994f4c04a9a167533654c0cfcdc8d9686,,,,,mechanism_31e40c172594f212d6c0,tou_pricing,step5_rebind,,,,,,,,,,,,,,,,,step7b_iterB_rulefix,strict_all
Mechanism:mechanism_324df7fe020b042a3104,Mechanism,,40eaa271256c3f5b89ddb8760613b6fabdcf0efb295059429c972a9d9abc394a,,,,,mechanism_324df7fe020b042a3104,tou_pricing,step5_rebind,,,,,,,,,,,,,,,,,step7b_iterB_rulefix,strict_all
Mechanism:mechanism_325df35f3f7173a1f8e3,Mechanism,,609908d9bcfc33e3897206e5078e6cd00772ed380b661406f29cddfcd122f57d,,,,,mechanism_325df35f3f7173a1f8e3,tou_pricing,step5_rebind,,,,,,,,,,,,,,,,,step7b_iterB_rulefix,strict_all
Mechanism:mechanism_3273cb610210c7426377,Mechanism,,4da4ac46529aa8730837ae343298f520e2f42fa4f8b05ba335c343f0248c8e34,,,,,mechanism_3273cb610210c7426377,subsidy,step5_rebind,,,,,,,,,,,,,,,,,step7b_iterB_rulefix,strict_all
Mechanism:mechanism_32fcbc3dd2c61cddf006,Mechanism,,be6ae43a80945b2c12f24215ce25f2251d1063d21021b1879c021d8cbdc168d0,,,,,mechanism_32fcbc3dd2c61cddf006,tou_pricing,step5_rebind,,,,,,,,,,,,,,,,,step7b_iterB_rulefix,strict_all
Mechanism:mechanism_33bf71bf84d762743360,Mechanism,,ca0ecafa5d9b0881a307250ed1dfb3f239da064ec327235d5f6bf4b0afde27d8,,,,,mechanism_33bf71bf84d762743360,technology_route,step5_rebind,,,,,,,,,,,,,,,,,step7b_iterB_rulefix,strict_all
Mechanism:mechanism_350301622fb30b399168,Mechanism,,62f668d2db29a9b35b4e6b01f6064c10ad77ad238436d5b7314a37cbf4824821,,,,,mechanism_350301622fb30b399168,subsidy,step5_rebind,,,,,,,,,,,,,,,,,step7b_iterB_rulefix,strict_all
Mechanism:mechanism_351b14b0dbfc9323b1fb,Mechanism,,bd51cc43b481bc63bc7d269674f0a2f4518f280c59a782356bbaab35e7c9725c,,,,,mechanism_351b14b0dbfc9323b1fb,tiered_pricing,step5_rebind,,,,,,,,,,,,,,,,,step7b_iterB_rulefix,strict_all
Mechanism:mechanism_3539ea34e28f4a496b3e,Mechanism,,eed146d5fe14ffb1e1c746567c59461666857ebc7017d129ca0598039b4deb07,,,,,mechanism_3539ea34e28f4a496b3e,tiered_pricing,step5_rebind,,,,,,,,,,,,,,,,,step7b_iterB_rulefix,strict_all
Mechanism:mechanism_35e61ca458ea66ceba0d,Mechanism,,c87c6c303d4ebe0bce627bed2792bac1dd9e89ad192d23b7144aa9570705b240,,,,,mechanism_35e61ca458ea66ceba0d,subsidy,step5_rebind,,,,,,,,,,,,,,,,,step7b_iterB_rulefix,strict_all
Mechanism:mechanism_36201293468ab41c9dbd,Mechanism,,7b751605b49132dd141591500721a0a0aeef9413b412efd887a6985a4ada323a,,,,,mechanism_36201293468ab41c9dbd,technology_route,step5_rebind,,,,,,,,,,,,,,,,,step7b_iterB_rulefix,strict_all
Mechanism:mechanism_362792081a7011544105,Mechanism,,8892852e8071ae32c3725e87e81968070485fe999feb530a747dad8a040341e0,,,,,mechanism_362792081a7011544105,subsidy,step5_rebind,,,,,,,,,,,,,,,,,step7b_iterB_rulefix,strict_all
Mechanism:mechanism_3738be385d147af6366b,Mechanism,,67bb80e9af349ffd1cfa1abcf8a9a811c986f1fc171c93e1f60ce3232981e99c,,,,,mechanism_3738be385d147af6366b,subsidy,step5_rebind,,,,,,,,,,,,,,,,,step7b_iterB_rulefix,strict_all
Mechanism:mechanism_3863ee7c2080260c6c5c,Mechanism,,10695560c26cc67b7a3e26b8dbcd7b856b0b17ef49c31ba529efd3caf059a1de,,,,,mechanism_3863ee7c2080260c6c5c,subsidy,step5_rebind,,,,,,,,,,,,,,,,,step7b_iterB_rulefix,strict_all
Mechanism:mechanism_3873755bfc9bd51609df,Mechanism,,9f3a13c9638cc5c7deb8ecad47f6052f7b19aa02e4514ce8b2b5376c00e60c86,,,,,mechanism_3873755bfc9bd51609df,tiered_pricing,step5_rebind,,,,,,,,,,,,,,,,,step7b_iterB_rulefix,strict_all
Mechanism:mechanism_38d2381a5a5be9871b64,Mechanism,,62f668d2db29a9b35b4e6b01f6064c10ad77ad238436d5b7314a37cbf4824821,,,,,mechanism_38d2381a5a5be9871b64,subsidy,step5_rebind,,,,,,,,,,,,,,,,,step7b_iterB_rulefix,strict_all
Mechanism:mechanism_38d5388d225e19df44e1,Mechanism,,b5738e1db12f50b7e6a3416bacdba11f06c5373d2cb3d80d31a90bdf09b3ddb1,,,,,mechanism_38d5388d225e19df44e1,tou_pricing,step5_rebind,,,,,,,,,,,,,,,,,step7b_iterB_rulefix,strict_all
Mechanism:mechanism_3ad6cecc55328cfc6c00,Mechanism,,3c1392fd897f1d095efaa1ae2a1eaa5c0c3df313cd5a9a185aacffe05575b886,,,,,mechanism_3ad6cecc55328cfc6c00,subsidy,step5_rebind,,,,,,,,,,,,,,,,,step7b_iterB_rulefix,strict_all
Mechanism:mechanism_3bbbdb931d754a302b21,Mechanism,,ad67c3fdaa5a26925e5e3474443bab3a8b1737e94937ccbe115cabd74e2fc9a0,,,,,mechanism_3bbbdb931d754a302b21,tiered_pricing,step5_rebind,,,,,,,,,,,,,,,,,step7b_iterB_rulefix,strict_all
Mechanism:mechanism_3c2477f6256b64dc50ef,Mechanism,,62f668d2db29a9b35b4e6b01f6064c10ad77ad238436d5b7314a37cbf4824821,,,,,mechanism_3c2477f6256b64dc50ef,task_assessment,step5_rebind,,,,,,,,,,,,,,,,,step7b_iterB_rulefix,strict_all
Mechanism:mechanism_3c2c8401d1e0c321de90,Mechanism,,8293b970f4e2ac1c39653b3e5937d089fbcd1b69315da4d962c2e805f3a1ca2e,,,,,mechanism_3c2c8401d1e0c321de90,tiered_pricing,step5_rebind,,,,,,,,,,,,,,,,,step7b_iterB_rulefix,strict_all
Mechanism:mechanism_3cbb8f4de9aef7ee89b7,Mechanism,,c2a4e02e4cd2e0f22c6b14e2826b94e5c6662dcc9e7b29844165f14d4e30aceb,,,,,mechanism_3cbb8f4de9aef7ee89b7,tou_pricing,step5_rebind,,,,,,,,,,,,,,,,,step7b_iterB_rulefix,strict_all
Mechanism:mechanism_3cbf29840d12fd67f277,Mechanism,,264f74e1e9077c0e94590da482db92ebc125f4c14559852d89ad14b209d7e41f,,,,,mechanism_3cbf29840d12fd67f277,subsidy,step5_rebind,,,,,,,,,,,,,,,,,step7b_iterB_rulefix,strict_all
Mechanism:mechanism_3d41978d9d513bbcbfea,Mechanism,,e96954454202c06919fb26233a2f5743477ff62fe26d6f194b805da4176b5fcb,,,,,mechanism_3d41978d9d513bbcbfea,tiered_pricing,step5_rebind,,,,,,,,,,,,,,,,,step7b_iterB_rulefix,strict_all
Mechanism:mechanism_3d6282cc388614666670,Mechanism,,856652d4d7364977a05a7a183b892b5d146cb65bbc1a45dd030bcf53c76f25b3,,,,,mechanism_3d6282cc388614666670,tiered_pricing,step5_rebind,,,,,,,,,,,,,,,,,step7b_iterB_rulefix,strict_all
Mechanism:mechanism_3dfcd95a946c067cbce7,Mechanism,,8892852e8071ae32c3725e87e81968070485fe999feb530a747dad8a040341e0,,,,,mechanism_3dfcd95a946c067cbce7,subsidy,step5_rebind,,,,,,,,,,,,,,,,,step7b_iterB_rulefix,strict_all
Mechanism:mechanism_3e0499fd345a43a98dc8,Mechanism,,6970500b879273b0b83bb7a489716ace3a254448e313c9392b1c8d699aa8443a,,,,,mechanism_3e0499fd345a43a98dc8,subsidy,step5_rebind,,,,,,,,,,,,,,,,,step7b_iterB_rulefix,strict_all
Mechanism:mechanism_3eceaef244256b92c4c3,Mechanism,,3991fbb237169347871b06ab54a5fa6484949f06838d537bedebcccd7d1380b8,,,,,mechanism_3eceaef244256b92c4c3,subsidy,step5_rebind,,,,,,,,,,,,,,,,,step7b_iterB_rulefix,strict_all
Mechanism:mechanism_3f524bc2b4e81cae9234,Mechanism,,693f3a55fe86330e400962dd0b43476d41023ad39e89f0254b4f9e2651efaca2,,,,,mechanism_3f524bc2b4e81cae9234,subsidy,step5_rebind,,,,,,,,,,,,,,,,,step7b_iterB_rulefix,strict_all
Mechanism:mechanism_3f804a359e629da6180f,Mechanism,,f6f8d5f9847c1fe31624cb64353d12b61bebca40113c37e445b63a2d226db18d,,,,,mechanism_3f804a359e629da6180f,subsidy,step5_rebind,,,,,,,,,,,,,,,,,step7b_iterB_rulefix,strict_all
Mechanism:mechanism_3ff0eb67178c36158296,Mechanism,,264f74e1e9077c0e94590da482db92ebc125f4c14559852d89ad14b209d7e41f,,,,,mechanism_3ff0eb67178c36158296,subsidy,step5_rebind,,,,,,,,,,,,,,,,,step7b_iterB_rulefix,strict_all
Mechanism:mechanism_40593f1eeb7a15ff4882,Mechanism,,53fc822864624a590cef5b5fa21ff00698716adde9cef0962459c0216e2b8855,,,,,mechanism_40593f1eeb7a15ff4882,task_assessment,step5_rebind,,,,,,,,,,,,,,,,,step7b_iterB_rulefix,strict_all
Mechanism:mechanism_4062853a80e4ff1a1cd7,Mechanism,,4443f6f24df9c2cdb21d2432a3505998f5a74fac8f443a268420a5ce246b624f,,,,,mechanism_4062853a80e4ff1a1cd7,tiered_pricing,step5_rebind,,,,,,,,,,,,,,,,,step7b_iterB_rulefix,strict_all
Mechanism:mechanism_414740d05ca259b060c0,Mechanism,,4443f6f24df9c2cdb21d2432a3505998f5a74fac8f443a268420a5ce246b624f,,,,,mechanism_414740d05ca259b060c0,tiered_pricing,step5_rebind,,,,,,,,,,,,,,,,,step7b_iterB_rulefix,strict_all
Mechanism:mechanism_414e8637b531cc41fff0,Mechanism,,b5738e1db12f50b7e6a3416bacdba11f06c5373d2cb3d80d31a90bdf09b3ddb1,,,,,mechanism_414e8637b531cc41fff0,tou_pricing,step5_rebind,,,,,,,,,,,,,,,,,step7b_iterB_rulefix,strict_all
Mechanism:mechanism_417bb2efd3fbbd4731d6,Mechanism,,a7f3f83cc719dbd58fa3cba1078d11a8511ace91597d326e11375e817e2d73f6,,,,,mechanism_417bb2efd3fbbd4731d6,tiered_pricing,step5_rebind,,,,,,,,,,,,,,,,,step7b_iterB_rulefix,strict_all
Mechanism:mechanism_418d3edf4c8ce4b6b305,Mechanism,,4d9e424e89d20d90f83d0086d46ae685d20198da6a5b716333623c8288b3d66e,,,,,mechanism_418d3edf4c8ce4b6b305,tou_pricing,step5_rebind,,,,,,,,,,,,,,,,,step7b_iterB_rulefix,strict_all
Mechanism:mechanism_41aca7809cbe4a149796,Mechanism,,17b169c01d0fd11691f3014066bc982e9d5aae3ef301b3d897d2a4b986dac45b,,,,,mechanism_41aca7809cbe4a149796,subsidy,step5_rebind,,,,,,,,,,,,,,,,,step7b_iterB_rulefix,strict_all
Mechanism:mechanism_42512b1f7f80050e40a0,Mechanism,,fd34a0c79d6d5134b8ac84ff7a0bc89ce796c8c298e0c72af6f687a2f1d16760,,,,,mechanism_42512b1f7f80050e40a0,technology_route,step5_rebind,,,,,,,,,,,,,,,,,step7b_iterB_rulefix,strict_all
Mechanism:mechanism_42c66c13b657f20c42c2,Mechanism,,0ef7089f429ca4377a5b92c9f7a419ffcb4a3102d8d0ac5666c9f1bfef4ba625,,,,,mechanism_42c66c13b657f20c42c2,task_assessment,step5_rebind,,,,,,,,,,,,,,,,,step7b_iterB_rulefix,strict_all
Mechanism:mechanism_42eb142e243c48fc53a5,Mechanism,,872f329b829fabeae485580e6ea8ffc598cb678cf546ae789f8ed60a40bf8ae6,,,,,mechanism_42eb142e243c48fc53a5,tiered_pricing,step5_rebind,,,,,,,,,,,,,,,,,step7b_iterB_rulefix,strict_all
Mechanism:mechanism_42fb143d067283e62f93,Mechanism,,7b751605b49132dd141591500721a0a0aeef9413b412efd887a6985a4ada323a,,,,,mechanism_42fb143d067283e62f93,technology_route,step5_rebind,,,,,,,,,,,,,,,,,step7b_iterB_rulefix,strict_all
Mechanism:mechanism_4343388f94c5e94bf27b,Mechanism,,0463f8ab2dc0e54e2fd506618b80ede13670db6650cb659109835a35687dc141,,,,,mechanism_4343388f94c5e94bf27b,subsidy,step5_rebind,,,,,,,,,,,,,,,,,step7b_iterB_rulefix,strict_all
Mechanism:mechanism_434497cfb5191d390270,Mechanism,,c87c6c303d4ebe0bce627bed2792bac1dd9e89ad192d23b7144aa9570705b240,,,,,mechanism_434497cfb5191d390270,subsidy,step5_rebind,,,,,,,,,,,,,,,,,step7b_iterB_rulefix,strict_all
Mechanism:mechanism_441d09a8575da82d2830,Mechanism,,8e6fda04dc4cc2a5dabc23280052ecf857f10f0630620fa83d268a2bad0818f2,,,,,mechanism_441d09a8575da82d2830,tou_pricing,step5_rebind,,,,,,,,,,,,,,,,,step7b_iterB_rulefix,strict_all
Mechanism:mechanism_443362eb2b74dc6e7c45,Mechanism,,41eed2fc03a95dc30af898124e00962d37f00dd998abb5da87c6e10e209db169,,,,,mechanism_443362eb2b74dc6e7c45,subsidy,step5_rebind,,,,,,,,,,,,,,,,,step7b_iterB_rulefix,strict_all
Mechanism:mechanism_4466de24df7ad64ce075,Mechanism,,3c1392fd897f1d095efaa1ae2a1eaa5c0c3df313cd5a9a185aacffe05575b886,,,,,mechanism_4466de24df7ad64ce075,tou_pricing,step5_rebind,,,,,,,,,,,,,,,,,step7b_iterB_rulefix,strict_all
Mechanism:mechanism_446d5617f98fb224d8fb,Mechanism,,de663a93ae7bdc24d54bbc18256efeab5ba380f03f236f51c5eb3890d640d222,,,,,mechanism_446d5617f98fb224d8fb,task_assessment,step5_rebind,,,,,,,,,,,,,,,,,step7b_iterB_rulefix,strict_all
Mechanism:mechanism_45bce995974f7f10830e,Mechanism,,99dce90179e84c5da237d3a228a84ba994f4c04a9a167533654c0cfcdc8d9686,,,,,mechanism_45bce995974f7f10830e,tiered_pricing,step5_rebind,,,,,,,,,,,,,,,,,step7b_iterB_rulefix,strict_all
Mechanism:mechanism_45c4581c74265a157b18,Mechanism,,a69f4fada444fbf3a5477b252309fb00555c6f7cb1797785c73b753cdaf02622,,,,,mechanism_45c4581c74265a157b18,subsidy,step5_rebind,,,,,,,,,,,,,,,,,step7b_iterB_rulefix,strict_all
Mechanism:mechanism_469cfe899b8af6492497,Mechanism,,85f4b58cc76ff64db857d8c4b587b2d911ae13a29f7c836d636ef07c2efd6e24,,,,,mechanism_469cfe899b8af6492497,subsidy,step5_rebind,,,,,,,,,,,,,,,,,step7b_iterB_rulefix,strict_all
Mechanism:mechanism_47217c6a32d2fa668a56,Mechanism,,17b169c01d0fd11691f3014066bc982e9d5aae3ef301b3d897d2a4b986dac45b,,,,,mechanism_47217c6a32d2fa668a56,subsidy,step5_rebind,,,,,,,,,,,,,,,,,step7b_iterB_rulefix,strict_all
Mechanism:mechanism_4730286bfc9794b06458,Mechanism,,1df67c120b894f41fc1540eadf6f7318a0e4032ff1bae8a444612d07944ef7b9,,,,,mechanism_4730286bfc9794b06458,technology_route,step5_rebind,,,,,,,,,,,,,,,,,step7b_iterB_rulefix,strict_all
Mechanism:mechanism_4786c09f00f7b1d3250b,Mechanism,,0ae95f60cf40ef3dbcc874d7e32a0ed5a3d91c7d587ec5cae592c8064a14b8f8,,,,,mechanism_4786c09f00f7b1d3250b,subsidy,step5_rebind,,,,,,,,,,,,,,,,,step7b_iterB_rulefix,strict_all
Mechanism:mechanism_48141ab6a3842b21a876,Mechanism,,0de53d8f7a3a1c2de8a8ce98c12216d63084f7e235dd8ddcc02f07760d36a17a,,,,,mechanism_48141ab6a3842b21a876,technology_route,step5_rebind,,,,,,,,,,,,,,,,,step7b_iterB_rulefix,strict_all
Mechanism:mechanism_48434866a4447b74f33d,Mechanism,,ed8cc5a65243c7c4e501d0065c05b5a0ab4c246ad2d6f331536102d7f3291709,,,,,mechanism_48434866a4447b74f33d,technology_route,step5_rebind,,,,,,,,,,,,,,,,,step7b_iterB_rulefix,strict_all
Mechanism:mechanism_489162a22a8ea0f95891,Mechanism,,6ca5d9d44b93a3440cc8f24b4feda441563e6841021017b2c5db628a6976c9f5,,,,,mechanism_489162a22a8ea0f95891,subsidy,step5_rebind,,,,,,,,,,,,,,,,,step7b_iterB_rulefix,strict_all
Mechanism:mechanism_48b02465be11cae2651a,Mechanism,,b6ac32394452c6d0ae0c24d7fb0f3da37e1c69cccd0cb1261cfbe06d98960bfe,,,,,mechanism_48b02465be11cae2651a,subsidy,step5_rebind,,,,,,,,,,,,,,,,,step7b_iterB_rulefix,strict_all
Mechanism:mechanism_48d0ebc301a70f7d8ff7,Mechanism,,609908d9bcfc33e3897206e5078e6cd00772ed380b661406f29cddfcd122f57d,,,,,mechanism_48d0ebc301a70f7d8ff7,tou_pricing,step5_rebind,,,,,,,,,,,,,,,,,step7b_iterB_rulefix,strict_all
Mechanism:mechanism_48d1a17eee2ec61255cc,Mechanism,,4128605b654779f968f7a6378ac7bc8d80f724ca45e3925f67cb754c10db8ef5,,,,,mechanism_48d1a17eee2ec61255cc,tou_pricing,step5_rebind,,,,,,,,,,,,,,,,,step7b_iterB_rulefix,strict_all
Mechanism:mechanism_491f6bea7b349d116b2e,Mechanism,,509a0ad904c063d5cf05fca6cbf14e771fafd94288045c9c2d767dc19ec43ab5,,,,,mechanism_491f6bea7b349d116b2e,tiered_pricing,step5_rebind,,,,,,,,,,,,,,,,,step7b_iterB_rulefix,strict_all
Mechanism:mechanism_49bb99b521114d253c23,Mechanism,,d6295fc6d120b2f270803869f63327efa8f7e3ea98515eb80da25abd977ff9f6,,,,,mechanism_49bb99b521114d253c23,task_assessment,step5_rebind,,,,,,,,,,,,,,,,,step7b_iterB_rulefix,strict_all
Mechanism:mechanism_4a65bd7fdd1503c2d012,Mechanism,,3fd79998d4631ca6e3407dfaacd9b7e9186fa2e143618d0740ab46f0a9063745,,,,,mechanism_4a65bd7fdd1503c2d012,technology_route,step5_rebind,,,,,,,,,,,,,,,,,step7b_iterB_rulefix,strict_all
Mechanism:mechanism_4a7a3c7d5573b9c2f83c,Mechanism,,4978300e5965b0d812a67eb9a07c584011b661c940c300faf4990fb8586e3a13,,,,,mechanism_4a7a3c7d5573b9c2f83c,task_assessment,step5_rebind,,,,,,,,,,,,,,,,,step7b_iterB_rulefix,strict_all
Mechanism:mechanism_4ab5746c700806a4f75f,Mechanism,,6618b31ad2d2553801e75f1d42256338782cda332eb141a7fea6466fee1dccfd,,,,,mechanism_4ab5746c700806a4f75f,subsidy,step5_rebind,,,,,,,,,,,,,,,,,step7b_iterB_rulefix,strict_all
Mechanism:mechanism_4b22e44b448118aa7f84,Mechanism,,99dce90179e84c5da237d3a228a84ba994f4c04a9a167533654c0cfcdc8d9686,,,,,mechanism_4b22e44b448118aa7f84,tou_pricing,step5_rebind,,,,,,,,,,,,,,,,,step7b_iterB_rulefix,strict_all
Mechanism:mechanism_4b3bc71f6836d3aab7c5,Mechanism,,643e29ea09bd03d627a82c72ebc4402207e81fb7b9a7b30dd3af1b538f662166,,,,,mechanism_4b3bc71f6836d3aab7c5,technology_route,step5_rebind,,,,,,,,,,,,,,,,,step7b_iterB_rulefix,strict_all
Mechanism:mechanism_4b6baa35c46b39e87168,Mechanism,,2ece22a4f07f639ee9f6b14d9a999b5ec8ce9a982e248ec2c4350d49c32a2ec3,,,,,mechanism_4b6baa35c46b39e87168,tiered_pricing,step5_rebind,,,,,,,,,,,,,,,,,step7b_iterB_rulefix,strict_all
Mechanism:mechanism_4bfc76b716c5cc7c14cd,Mechanism,,1fa29c73a41d6d62bb74e065c64724a1eb5075621c22e96288682d2c4c141f5d,,,,,mechanism_4bfc76b716c5cc7c14cd,tou_pricing,step5_rebind,,,,,,,,,,,,,,,,,step7b_iterB_rulefix,strict_all
Mechanism:mechanism_4c1c49f88c305a7af57b,Mechanism,,fb55d418bed4eb4484f674119c95bd74b5f22fce8ab5798d7398c93a0244de1c,,,,,mechanism_4c1c49f88c305a7af57b,technology_route,step5_rebind,,,,,,,,,,,,,,,,,step7b_iterB_rulefix,strict_all
Mechanism:mechanism_4c684d72e7cc3d7a4b16,Mechanism,,9b573a30294f2b87e5bc8a1733dc8154869687fb42b7fbcbc23dc1cf3c74f11b,,,,,mechanism_4c684d72e7cc3d7a4b16,subsidy,step5_rebind,,,,,,,,,,,,,,,,,step7b_iterB_rulefix,strict_all
Mechanism:mechanism_4c9d407bbfc48aa0d7a0,Mechanism,,96b1a22b2ec5ddcc9e6133c59976da4937836c097e7e7f973b60ec9f8374b7a0,,,,,mechanism_4c9d407bbfc48aa0d7a0,technology_route,step5_rebind,,,,,,,,,,,,,,,,,step7b_iterB_rulefix,strict_all
Mechanism:mechanism_4ca40a6f0b47a2d215f1,Mechanism,,18aede9bc4a893e4dc4dcc46a9c6800761d8d391b46ad5d676d183b8aebaa183,,,,,mechanism_4ca40a6f0b47a2d215f1,tiered_pricing,step5_rebind,,,,,,,,,,,,,,,,,step7b_iterB_rulefix,strict_all
Mechanism:mechanism_4ebd6f188cd84d41de2f,Mechanism,,8cbf9d571e472404e9b79d5a7ebb488d70af5040f4c4a6f056ba9491f738d6fb,,,,,mechanism_4ebd6f188cd84d41de2f,subsidy,step5_rebind,,,,,,,,,,,,,,,,,step7b_iterB_rulefix,strict_all
Mechanism:mechanism_4f0f2ebab9dc78254ad0,Mechanism,,00a12958eaee9a105dcc89c19bd002fa5ac8761a4154324faee32237e8364fec,,,,,mechanism_4f0f2ebab9dc78254ad0,task_assessment,step5_rebind,,,,,,,,,,,,,,,,,step7b_iterB_rulefix,strict_all
Mechanism:mechanism_4f2ff40ccae1fbaf8e90,Mechanism,,a63aaa1b99aae78cd58b5beb8c271e538c4b10b43ff4aff7312d6e081dd79eed,,,,,mechanism_4f2ff40ccae1fbaf8e90,subsidy,step5_rebind,,,,,,,,,,,,,,,,,step7b_iterB_rulefix,strict_all
Mechanism:mechanism_4f875647eb6068a713c1,Mechanism,,9b573a30294f2b87e5bc8a1733dc8154869687fb42b7fbcbc23dc1cf3c74f11b,,,,,mechanism_4f875647eb6068a713c1,subsidy,step5_rebind,,,,,,,,,,,,,,,,,step7b_iterB_rulefix,strict_all
Mechanism:mechanism_4fb733b5c64b1ca341d7,Mechanism,,0ef7089f429ca4377a5b92c9f7a419ffcb4a3102d8d0ac5666c9f1bfef4ba625,,,,,mechanism_4fb733b5c64b1ca341d7,tou_pricing,step5_rebind,,,,,,,,,,,,,,,,,step7b_iterB_rulefix,strict_all
Mechanism:mechanism_51379b24bc88f73a9e6b,Mechanism,,3d3cf040b71cde86681c104e521b64cb56d24b9f7da79e8807e5f779c1922d1e,,,,,mechanism_51379b24bc88f73a9e6b,subsidy,step5_rebind,,,,,,,,,,,,,,,,,step7b_iterB_rulefix,strict_all
Mechanism:mechanism_51d6f5954f051674f6fe,Mechanism,,6f9e11a2d7c04d1e2e70825dcb404052e1219052d6c99430f5f25ebd988c1a72,,,,,mechanism_51d6f5954f051674f6fe,tiered_pricing,step5_rebind,,,,,,,,,,,,,,,,,step7b_iterB_rulefix,strict_all
Mechanism:mechanism_524bf0677926203c7b41,Mechanism,,ec04d88813b018d570d36f88e39cafafcdea9a884900156145f7f25c3149ea28,,,,,mechanism_524bf0677926203c7b41,tiered_pricing,step5_rebind,,,,,,,,,,,,,,,,,step7b_iterB_rulefix,strict_all
Mechanism:mechanism_526b19ea34664bafff5a,Mechanism,,869f1167336d179cdaad4a6fe47e4b0f5ad79fa8075d3bd91d28203f0c8b3282,,,,,mechanism_526b19ea34664bafff5a,tou_pricing,step5_rebind,,,,,,,,,,,,,,,,,step7b_iterB_rulefix,strict_all
Mechanism:mechanism_52c29d10f35ffb49fd35,Mechanism,,8e6fda04dc4cc2a5dabc23280052ecf857f10f0630620fa83d268a2bad0818f2,,,,,mechanism_52c29d10f35ffb49fd35,tou_pricing,step5_rebind,,,,,,,,,,,,,,,,,step7b_iterB_rulefix,strict_all
Mechanism:mechanism_5412f5f934062b0ac968,Mechanism,,6ca5d9d44b93a3440cc8f24b4feda441563e6841021017b2c5db628a6976c9f5,,,,,mechanism_5412f5f934062b0ac968,subsidy,step5_rebind,,,,,,,,,,,,,,,,,step7b_iterB_rulefix,strict_all
Mechanism:mechanism_5493d73727c945494097,Mechanism,,58335d90e96cc5b4211b57e5ba68639ec110997e34daf85e547cbcf39bcc1906,,,,,mechanism_5493d73727c945494097,tou_pricing,step5_rebind,,,,,,,,,,,,,,,,,step7b_iterB_rulefix,strict_all
Mechanism:mechanism_55e7a78a5eb5569d0012,Mechanism,,7ed0773389be1fab4cf4b39fd715e035135ac2f3585caf8e1b63b0017de0c7c9,,,,,mechanism_55e7a78a5eb5569d0012,tiered_pricing,step5_rebind,,,,,,,,,,,,,,,,,step7b_iterB_rulefix,strict_all
Mechanism:mechanism_56782c5df536d9979c8f,Mechanism,,eb659fbcd99dcc85f2745f39faae903578c8a5403a504ed63c81c4ca3987afc3,,,,,mechanism_56782c5df536d9979c8f,task_assessment,step5_rebind,,,,,,,,,,,,,,,,,step7b_iterB_rulefix,strict_all
Mechanism:mechanism_56976c6f7e36a55359b2,Mechanism,,8a38fc0ed229ca59f4e8c0338588ed972cd97c0a52ee067064d2d696dd9021bd,,,,,mechanism_56976c6f7e36a55359b2,subsidy,step5_rebind,,,,,,,,,,,,,,,,,step7b_iterB_rulefix,strict_all
Mechanism:mechanism_57627ff52bae9bf848bb,Mechanism,,ffc68a35eb1e5ce2437cbe847fb6902e01371194247d63f6245170f1a6d8442f,,,,,mechanism_57627ff52bae9bf848bb,tiered_pricing,step5_rebind,,,,,,,,,,,,,,,,,step7b_iterB_rulefix,strict_all
Mechanism:mechanism_578c78091cb55ca4b045,Mechanism,,f5bc3bee6322d7a50db50b302cf7684c06fe73a55292d8b2fce0e09d9ce0dea5,,,,,mechanism_578c78091cb55ca4b045,tou_pricing,step5_rebind,,,,,,,,,,,,,,,,,step7b_iterB_rulefix,strict_all
Mechanism:mechanism_582ecd80347043d92cb5,Mechanism,,2c6f8bdce8c0c7967763bb1bf530c46fe6bbfac7bab4a3c48d3256ace950b987,,,,,mechanism_582ecd80347043d92cb5,tiered_pricing,step5_rebind,,,,,,,,,,,,,,,,,step7b_iterB_rulefix,strict_all
Mechanism:mechanism_58d860726967cc36094c,Mechanism,,eed146d5fe14ffb1e1c746567c59461666857ebc7017d129ca0598039b4deb07,,,,,mechanism_58d860726967cc36094c,tiered_pricing,step5_rebind,,,,,,,,,,,,,,,,,step7b_iterB_rulefix,strict_all
Mechanism:mechanism_58e9b003e679bf3a311d,Mechanism,,b7970415004e18258dafe12d1a8aab2812448cb5c877684915b31d587b891911,,,,,mechanism_58e9b003e679bf3a311d,tiered_pricing,step5_rebind,,,,,,,,,,,,,,,,,step7b_iterB_rulefix,strict_all
Mechanism:mechanism_59fcd193c976e62c9295,Mechanism,,9b9dc731d84971b347984a61cebe82dfa99c5011c92f8e92ff5e8eae8821ced0,,,,,mechanism_59fcd193c976e62c9295,tou_pricing,step5_rebind,,,,,,,,,,,,,,,,,step7b_iterB_rulefix,strict_all
Mechanism:mechanism_5aa074cc53ad7db0a70d,Mechanism,,1fa29c73a41d6d62bb74e065c64724a1eb5075621c22e96288682d2c4c141f5d,,,,,mechanism_5aa074cc53ad7db0a70d,tou_pricing,step5_rebind,,,,,,,,,,,,,,,,,step7b_iterB_rulefix,strict_all
Mechanism:mechanism_5aaefc5d76d43e14bef4,Mechanism,,f7c1229055e5b5f8c595b6f108b78348c5aca9652ef3bf154140ac486cf0f78e,,,,,mechanism_5aaefc5d76d43e14bef4,tou_pricing,step5_rebind,,,,,,,,,,,,,,,,,step7b_iterB_rulefix,strict_all
Mechanism:mechanism_5ae9860418769982eea0,Mechanism,,95f6ba6c18bedd1be1da79aa08a7d72056b883f00acb9c39d5361b880a4dd595,,,,,mechanism_5ae9860418769982eea0,tiered_pricing,step5_rebind,,,,,,,,,,,,,,,,,step7b_iterB_rulefix,strict_all
Mechanism:mechanism_5b18051513ae7b941f1c,Mechanism,,7b751605b49132dd141591500721a0a0aeef9413b412efd887a6985a4ada323a,,,,,mechanism_5b18051513ae7b941f1c,technology_route,step5_rebind,,,,,,,,,,,,,,,,,step7b_iterB_rulefix,strict_all
Mechanism:mechanism_5b691b31369b66412eee,Mechanism,,37057c32932e956503eb1ad05c772ba2cd53e2bba30c2a5b23eb9c15e6a785de,,,,,mechanism_5b691b31369b66412eee,tiered_pricing,step5_rebind,,,,,,,,,,,,,,,,,step7b_iterB_rulefix,strict_all
Mechanism:mechanism_5b926a8898acf3a13304,Mechanism,,68cf8b47055553fd101877102c4de7301c148b4dfe2101a20a960809ffb02d3e,,,,,mechanism_5b926a8898acf3a13304,subsidy,step5_rebind,,,,,,,,,,,,,,,,,step7b_iterB_rulefix,strict_all
Mechanism:mechanism_5bd8ac0f5b79c928f944,Mechanism,,8cb1f5c7e00d4df09dab22618fbcfa02b68ae905acba728be35b24aade110dc9,,,,,mechanism_5bd8ac0f5b79c928f944,subsidy,step5_rebind,,,,,,,,,,,,,,,,,step7b_iterB_rulefix,strict_all
Mechanism:mechanism_5c3a5c11605a326c55c5,Mechanism,,3aadd2a404bd555714a18eb3488f76d8c7aecef9b833da8698eff658fb12e0e3,,,,,mechanism_5c3a5c11605a326c55c5,subsidy,step5_rebind,,,,,,,,,,,,,,,,,step7b_iterB_rulefix,strict_all
Mechanism:mechanism_5c61a802f479f7cbcaa7,Mechanism,,8cb1f5c7e00d4df09dab22618fbcfa02b68ae905acba728be35b24aade110dc9,,,,,mechanism_5c61a802f479f7cbcaa7,subsidy,step5_rebind,,,,,,,,,,,,,,,,,step7b_iterB_rulefix,strict_all
Mechanism:mechanism_5c8b96cfe84dff50c822,Mechanism,,ad67c3fdaa5a26925e5e3474443bab3a8b1737e94937ccbe115cabd74e2fc9a0,,,,,mechanism_5c8b96cfe84dff50c822,tiered_pricing,step5_rebind,,,,,,,,,,,,,,,,,step7b_iterB_rulefix,strict_all
Mechanism:mechanism_5ceabf3a69023997d3aa,Mechanism,,99dce90179e84c5da237d3a228a84ba994f4c04a9a167533654c0cfcdc8d9686,,,,,mechanism_5ceabf3a69023997d3aa,subsidy,step5_rebind,,,,,,,,,,,,,,,,,step7b_iterB_rulefix,strict_all
Mechanism:mechanism_5d0f2aa82191562da845,Mechanism,,22683cdc818adbda88476b2ce5ef07bfd17154e8f751efbcf70c4b68e9dd70ba,,,,,mechanism_5d0f2aa82191562da845,technology_route,step5_rebind,,,,,,,,,,,,,,,,,step7b_iterB_rulefix,strict_all
Mechanism:mechanism_5d222f6ec8d8c22650fd,Mechanism,,eed146d5fe14ffb1e1c746567c59461666857ebc7017d129ca0598039b4deb07,,,,,mechanism_5d222f6ec8d8c22650fd,tiered_pricing,step5_rebind,,,,,,,,,,,,,,,,,step7b_iterB_rulefix,strict_all
Mechanism:mechanism_5d445378bed89f0a84f1,Mechanism,,ec04d88813b018d570d36f88e39cafafcdea9a884900156145f7f25c3149ea28,,,,,mechanism_5d445378bed89f0a84f1,tiered_pricing,step5_rebind,,,,,,,,,,,,,,,,,step7b_iterB_rulefix,strict_all
Mechanism:mechanism_5d9250a9ef48e4cffadf,Mechanism,,bd73b5413d3142d68aeb1a0da4a43352c8e1b26d5db0852155778c681c7a2aa4,,,,,mechanism_5d9250a9ef48e4cffadf,task_assessment,step5_rebind,,,,,,,,,,,,,,,,,step7b_iterB_rulefix,strict_all
Mechanism:mechanism_5dc5f8f9218877508ff8,Mechanism,,3e01f17b897c9feee5fc314db8aefdb21db1935f389688d626165886eda313fe,,,,,mechanism_5dc5f8f9218877508ff8,subsidy,step5_rebind,,,,,,,,,,,,,,,,,step7b_iterB_rulefix,strict_all
Mechanism:mechanism_5dc87fd746af0a26eb80,Mechanism,,d30af01520d50ba7d996b79b99121ed0cc0e9b34bb66761144c9c1d2f0cd1ba5,,,,,mechanism_5dc87fd746af0a26eb80,subsidy,step5_rebind,,,,,,,,,,,,,,,,,step7b_iterB_rulefix,strict_all
Mechanism:mechanism_5e7564832ead8a8d17a8,Mechanism,,17b169c01d0fd11691f3014066bc982e9d5aae3ef301b3d897d2a4b986dac45b,,,,,mechanism_5e7564832ead8a8d17a8,subsidy,step5_rebind,,,,,,,,,,,,,,,,,step7b_iterB_rulefix,strict_all
Mechanism:mechanism_5e863156b32fdaf15e8b,Mechanism,,819c31e2886f7e8adcaade88373bb32f7768902a56246226666f0aeddd11bb1b,,,,,mechanism_5e863156b32fdaf15e8b,tou_pricing,step5_rebind,,,,,,,,,,,,,,,,,step7b_iterB_rulefix,strict_all
Mechanism:mechanism_5eadbbfdd29e29fac4a5,Mechanism,,eb659fbcd99dcc85f2745f39faae903578c8a5403a504ed63c81c4ca3987afc3,,,,,mechanism_5eadbbfdd29e29fac4a5,technology_route,step5_rebind,,,,,,,,,,,,,,,,,step7b_iterB_rulefix,strict_all
Mechanism:mechanism_5fb2bdf0417bc8a55981,Mechanism,,9977a1b4a371e69cc97e07c3dc35c2f6e10314b35aaf7e35995468d3930cbcea,,,,,mechanism_5fb2bdf0417bc8a55981,general_price_adjustment,step5_rebind,,,,,,,,,,,,,,,,,step7b_iterB_rulefix,strict_all
Mechanism:mechanism_5fe61bf44ed3a8d02778,Mechanism,,e96954454202c06919fb26233a2f5743477ff62fe26d6f194b805da4176b5fcb,,,,,mechanism_5fe61bf44ed3a8d02778,tiered_pricing,step5_rebind,,,,,,,,,,,,,,,,,step7b_iterB_rulefix,strict_all
Mechanism:mechanism_6018b0cd405ceb078412,Mechanism,,a63aaa1b99aae78cd58b5beb8c271e538c4b10b43ff4aff7312d6e081dd79eed,,,,,mechanism_6018b0cd405ceb078412,subsidy,step5_rebind,,,,,,,,,,,,,,,,,step7b_iterB_rulefix,strict_all
Mechanism:mechanism_60b867cdcb71d161c5ee,Mechanism,,b226c20a65783d1f8db7b2363b213e14f1e34d6b8e5e8bdb96566bb70d6c687a,,,,,mechanism_60b867cdcb71d161c5ee,subsidy,step5_rebind,,,,,,,,,,,,,,,,,step7b_iterB_rulefix,strict_all
Mechanism:mechanism_610817c963c7fad38960,Mechanism,,41eed2fc03a95dc30af898124e00962d37f00dd998abb5da87c6e10e209db169,,,,,mechanism_610817c963c7fad38960,subsidy,step5_rebind,,,,,,,,,,,,,,,,,step7b_iterB_rulefix,strict_all
Mechanism:mechanism_6121140aa1f10b089a67,Mechanism,,6618b31ad2d2553801e75f1d42256338782cda332eb141a7fea6466fee1dccfd,,,,,mechanism_6121140aa1f10b089a67,subsidy,step5_rebind,,,,,,,,,,,,,,,,,step7b_iterB_rulefix,strict_all
Mechanism:mechanism_61c5d5f818ec61a82936,Mechanism,,eb659fbcd99dcc85f2745f39faae903578c8a5403a504ed63c81c4ca3987afc3,,,,,mechanism_61c5d5f818ec61a82936,technology_route,step5_rebind,,,,,,,,,,,,,,,,,step7b_iterB_rulefix,strict_all
Mechanism:mechanism_61cbb66c463bb0213d79,Mechanism,,92e84b72ef2f5a11bbc950bceb47099d119cfe6635c2b8757f6582b673168bf0,,,,,mechanism_61cbb66c463bb0213d79,tou_pricing,step5_rebind,,,,,,,,,,,,,,,,,step7b_iterB_rulefix,strict_all
Mechanism:mechanism_6257564408b5721e8e00,Mechanism,,9842b76e12450c90ad9c0680b04217082b8a8fafe2cef53d19367fc9dd8179c2,,,,,mechanism_6257564408b5721e8e00,tou_pricing,step5_rebind,,,,,,,,,,,,,,,,,step7b_iterB_rulefix,strict_all
Mechanism:mechanism_627353baf3e8e9923cb5,Mechanism,,856652d4d7364977a05a7a183b892b5d146cb65bbc1a45dd030bcf53c76f25b3,,,,,mechanism_627353baf3e8e9923cb5,tiered_pricing,step5_rebind,,,,,,,,,,,,,,,,,step7b_iterB_rulefix,strict_all
Mechanism:mechanism_62a9be96bfbef996e7de,Mechanism,,94c590b102ade026538aeffdd33a1708509a35674bb3f467aed33c570fc34908,,,,,mechanism_62a9be96bfbef996e7de,subsidy,step5_rebind,,,,,,,,,,,,,,,,,step7b_iterB_rulefix,strict_all
Mechanism:mechanism_62b4fbac7c27f9689536,Mechanism,,19b81e147d4c1292e577c2e1ab84419e792b779d8e0a823ba5d99750039e25cd,,,,,mechanism_62b4fbac7c27f9689536,subsidy,step5_rebind,,,,,,,,,,,,,,,,,step7b_iterB_rulefix,strict_all
Mechanism:mechanism_62b67b90e1b0e7ea71e2,Mechanism,,d6295fc6d120b2f270803869f63327efa8f7e3ea98515eb80da25abd977ff9f6,,,,,mechanism_62b67b90e1b0e7ea71e2,task_assessment,step5_rebind,,,,,,,,,,,,,,,,,step7b_iterB_rulefix,strict_all
Mechanism:mechanism_62c38faf43c3f1af5676,Mechanism,,3c1392fd897f1d095efaa1ae2a1eaa5c0c3df313cd5a9a185aacffe05575b886,,,,,mechanism_62c38faf43c3f1af5676,subsidy,step5_rebind,,,,,,,,,,,,,,,,,step7b_iterB_rulefix,strict_all
Mechanism:mechanism_62f3a7f7a29668e4c28d,Mechanism,,d0cdb19b560ca93006d779834949849795e0396fb7413f30bdd55605d6469d7c,,,,,mechanism_62f3a7f7a29668e4c28d,tou_pricing,step5_rebind,,,,,,,,,,,,,,,,,step7b_iterB_rulefix,strict_all
Mechanism:mechanism_6314286ed3519af75449,Mechanism,,010dd88159617e9e9382aae1b693db97e9b9aa123fefe31ae3a1ceeca57bb8d5,,,,,mechanism_6314286ed3519af75449,subsidy,step5_rebind,,,,,,,,,,,,,,,,,step7b_iterB_rulefix,strict_all
Mechanism:mechanism_641977c37a99112b5fc5,Mechanism,,d171f5c9ffcc84e6c44576635c6bf0c74d7a441eb935c00257be34cfe5ace627,,,,,mechanism_641977c37a99112b5fc5,tiered_pricing,step5_rebind,,,,,,,,,,,,,,,,,step7b_iterB_rulefix,strict_all
Mechanism:mechanism_64ef0db6885206b48523,Mechanism,,432528cbb25bdbdce8825781b81c73beb96a63f824057f93f5800fc0a512a713,,,,,mechanism_64ef0db6885206b48523,task_assessment,step5_rebind,,,,,,,,,,,,,,,,,step7b_iterB_rulefix,strict_all
Mechanism:mechanism_6599b3a4e947e0cffae8,Mechanism,,10695560c26cc67b7a3e26b8dbcd7b856b0b17ef49c31ba529efd3caf059a1de,,,,,mechanism_6599b3a4e947e0cffae8,subsidy,step5_rebind,,,,,,,,,,,,,,,,,step7b_iterB_rulefix,strict_all
Mechanism:mechanism_65d40a6d7110b6de7568,Mechanism,,5cfa5c6db5cfbf0e99ded013a268ba977818e355f9159ace8db3f1eded786078,,,,,mechanism_65d40a6d7110b6de7568,tou_pricing,step5_rebind,,,,,,,,,,,,,,,,,step7b_iterB_rulefix,strict_all
Mechanism:mechanism_65dfe5d70defaee69338,Mechanism,,2a1a7ca09fde9e1e09c537a13a8c19be802c349c78fec60b60b126242522ccdc,,,,,mechanism_65dfe5d70defaee69338,tiered_pricing,step5_rebind,,,,,,,,,,,,,,,,,step7b_iterB_rulefix,strict_all
Mechanism:mechanism_65f10a45c0833cc56bbe,Mechanism,,032a207733e9fa9167b432840d0ec24e7bd7e2e3d7a43e6faf5b0fc1f64b763e,,,,,mechanism_65f10a45c0833cc56bbe,general_price_adjustment,step5_rebind,,,,,,,,,,,,,,,,,step7b_iterB_rulefix,strict_all
Mechanism:mechanism_666a886762d91b038497,Mechanism,,a7f3f83cc719dbd58fa3cba1078d11a8511ace91597d326e11375e817e2d73f6,,,,,mechanism_666a886762d91b038497,tiered_pricing,step5_rebind,,,,,,,,,,,,,,,,,step7b_iterB_rulefix,strict_all
Mechanism:mechanism_668b50cb096f4927806e,Mechanism,,55486d5eaf1202de357651355eea469df92d887e1b388dd7c1a3fcd9b75286cb,,,,,mechanism_668b50cb096f4927806e,task_assessment,step5_rebind,,,,,,,,,,,,,,,,,step7b_iterB_rulefix,strict_all
Mechanism:mechanism_669af885c80e4897eed8,Mechanism,,693f3a55fe86330e400962dd0b43476d41023ad39e89f0254b4f9e2651efaca2,,,,,mechanism_669af885c80e4897eed8,tou_pricing,step5_rebind,,,,,,,,,,,,,,,,,step7b_iterB_rulefix,strict_all
Mechanism:mechanism_67710082c3687a1854d0,Mechanism,,ee74d273b781a2f2d3b7cdfadfe4c9a63e6e423f10874fba1e3c84a0a1f35295,,,,,mechanism_67710082c3687a1854d0,tiered_pricing,step5_rebind,,,,,,,,,,,,,,,,,step7b_iterB_rulefix,strict_all
Mechanism:mechanism_677db8e26cf5023dfb77,Mechanism,,e96954454202c06919fb26233a2f5743477ff62fe26d6f194b805da4176b5fcb,,,,,mechanism_677db8e26cf5023dfb77,tiered_pricing,step5_rebind,,,,,,,,,,,,,,,,,step7b_iterB_rulefix,strict_all
Mechanism:mechanism_681f3ecc7afad152fb68,Mechanism,,8293b970f4e2ac1c39653b3e5937d089fbcd1b69315da4d962c2e805f3a1ca2e,,,,,mechanism_681f3ecc7afad152fb68,tiered_pricing,step5_rebind,,,,,,,,,,,,,,,,,step7b_iterB_rulefix,strict_all
Mechanism:mechanism_68b54d92a1f0539c4203,Mechanism,,34de2093bea75d704c113e23bf49b9018637efa1841e90bf224a6566684fd8df,,,,,mechanism_68b54d92a1f0539c4203,technology_route,step5_rebind,,,,,,,,,,,,,,,,,step7b_iterB_rulefix,strict_all
Mechanism:mechanism_6914ed0746812cba0741,Mechanism,,9634a7cefdb8a7018741e8ef683bb7b815f1dbc1d60d42350574f3dd240e55b7,,,,,mechanism_6914ed0746812cba0741,task_assessment,step5_rebind,,,,,,,,,,,,,,,,,step7b_iterB_rulefix,strict_all
Mechanism:mechanism_69a3ce124b3d572ea62a,Mechanism,,b226c20a65783d1f8db7b2363b213e14f1e34d6b8e5e8bdb96566bb70d6c687a,,,,,mechanism_69a3ce124b3d572ea62a,subsidy,step5_rebind,,,,,,,,,,,,,,,,,step7b_iterB_rulefix,strict_all
Mechanism:mechanism_6a15d6204397b57f1344,Mechanism,,4d9e424e89d20d90f83d0086d46ae685d20198da6a5b716333623c8288b3d66e,,,,,mechanism_6a15d6204397b57f1344,tou_pricing,step5_rebind,,,,,,,,,,,,,,,,,step7b_iterB_rulefix,strict_all
Mechanism:mechanism_6a72ed221836e0c94614,Mechanism,,ad8d0971d97051367bf7e78a6885dd89b83772d35f94aaff8c56c77398caa167,,,,,mechanism_6a72ed221836e0c94614,subsidy,step5_rebind,,,,,,,,,,,,,,,,,step7b_iterB_rulefix,strict_all
Mechanism:mechanism_6aba75b5b3b1818f8698,Mechanism,,4978300e5965b0d812a67eb9a07c584011b661c940c300faf4990fb8586e3a13,,,,,mechanism_6aba75b5b3b1818f8698,task_assessment,step5_rebind,,,,,,,,,,,,,,,,,step7b_iterB_rulefix,strict_all
Mechanism:mechanism_6ae9f71b5cd755476b6b,Mechanism,,d6295fc6d120b2f270803869f63327efa8f7e3ea98515eb80da25abd977ff9f6,,,,,mechanism_6ae9f71b5cd755476b6b,task_assessment,step5_rebind,,,,,,,,,,,,,,,,,step7b_iterB_rulefix,strict_all
Mechanism:mechanism_6afb27fdb231ebd6e518,Mechanism,,6970500b879273b0b83bb7a489716ace3a254448e313c9392b1c8d699aa8443a,,,,,mechanism_6afb27fdb231ebd6e518,subsidy,step5_rebind,,,,,,,,,,,,,,,,,step7b_iterB_rulefix,strict_all
Mechanism:mechanism_6b66e00496f512b69c04,Mechanism,,2ece22a4f07f639ee9f6b14d9a999b5ec8ce9a982e248ec2c4350d49c32a2ec3,,,,,mechanism_6b66e00496f512b69c04,tiered_pricing,step5_rebind,,,,,,,,,,,,,,,,,step7b_iterB_rulefix,strict_all
Mechanism:mechanism_6b6b4cb945c45aba7cba,Mechanism,,d171f5c9ffcc84e6c44576635c6bf0c74d7a441eb935c00257be34cfe5ace627,,,,,mechanism_6b6b4cb945c45aba7cba,tiered_pricing,step5_rebind,,,,,,,,,,,,,,,,,step7b_iterB_rulefix,strict_all
Mechanism:mechanism_6c3977c1687f0f3b09cd,Mechanism,,ead750f28a3326778e25ebd3928e8e4ad3b65d0bfdec89dc61d743d7585fbf58,,,,,mechanism_6c3977c1687f0f3b09cd,differential_penalty_pricing,step5_rebind,,,,,,,,,,,,,,,,,step7b_iterB_rulefix,strict_all
Mechanism:mechanism_6c64458c206148515220,Mechanism,,4a49234794f550f6c254bd1184117e2f8852908ed6986f566ef0e18a4c3b49fb,,,,,mechanism_6c64458c206148515220,general_price_adjustment,step5_rebind,,,,,,,,,,,,,,,,,step7b_iterB_rulefix,strict_all
Mechanism:mechanism_6cf70f2ae1d16dee63bb,Mechanism,,8e6fda04dc4cc2a5dabc23280052ecf857f10f0630620fa83d268a2bad0818f2,,,,,mechanism_6cf70f2ae1d16dee63bb,general_price_adjustment,step5_rebind,,,,,,,,,,,,,,,,,step7b_iterB_rulefix,strict_all
Mechanism:mechanism_6d25d72867da894176f4,Mechanism,,eb659fbcd99dcc85f2745f39faae903578c8a5403a504ed63c81c4ca3987afc3,,,,,mechanism_6d25d72867da894176f4,task_assessment,step5_rebind,,,,,,,,,,,,,,,,,step7b_iterB_rulefix,strict_all
Mechanism:mechanism_6dbf6cda74a6148b6e97,Mechanism,,6ed6029ec536fdcb1c28233730ac3cff649d9109667a7f16206c20af41b9b4dc,,,,,mechanism_6dbf6cda74a6148b6e97,general_price_adjustment,step5_rebind,,,,,,,,,,,,,,,,,step7b_iterB_rulefix,strict_all
Mechanism:mechanism_6dc8302dcb64a0639fec,Mechanism,,0de53d8f7a3a1c2de8a8ce98c12216d63084f7e235dd8ddcc02f07760d36a17a,,,,,mechanism_6dc8302dcb64a0639fec,tou_pricing,step5_rebind,,,,,,,,,,,,,,,,,step7b_iterB_rulefix,strict_all
Mechanism:mechanism_6f755513cff65e36312e,Mechanism,,b271f30c7c5bbb7895cc6deb831772df2106e756fd6d2f0fa32695d59dba3cda,,,,,mechanism_6f755513cff65e36312e,task_assessment,step5_rebind,,,,,,,,,,,,,,,,,step7b_iterB_rulefix,strict_all
Mechanism:mechanism_712e31c3ed2ce9ca6fe2,Mechanism,,8ff4be5e9f150c3bdbcf092c80c3c0b53be7375d0f00106ad6ada53c4e2294a5,,,,,mechanism_712e31c3ed2ce9ca6fe2,task_assessment,step5_rebind,,,,,,,,,,,,,,,,,step7b_iterB_rulefix,strict_all
Mechanism:mechanism_717b848c728f8e7c07ef,Mechanism,,95f6ba6c18bedd1be1da79aa08a7d72056b883f00acb9c39d5361b880a4dd595,,,,,mechanism_717b848c728f8e7c07ef,tiered_pricing,step5_rebind,,,,,,,,,,,,,,,,,step7b_iterB_rulefix,strict_all
Mechanism:mechanism_738dbcdb1458dec2fdbd,Mechanism,,500387f290ce2730e02ebddb6bdb2aa6dffc22df78c335ed7937fd7225fa2d31,,,,,mechanism_738dbcdb1458dec2fdbd,tou_pricing,step5_rebind,,,,,,,,,,,,,,,,,step7b_iterB_rulefix,strict_all
Mechanism:mechanism_73b5d90b344a5c6ae1bb,Mechanism,,4da4ac46529aa8730837ae343298f520e2f42fa4f8b05ba335c343f0248c8e34,,,,,mechanism_73b5d90b344a5c6ae1bb,subsidy,step5_rebind,,,,,,,,,,,,,,,,,step7b_iterB_rulefix,strict_all
Mechanism:mechanism_73f8bd9aae7831205914,Mechanism,,194967a19fd4314cba42620eb15e046479532e091b0d5d6272bac1743b6debfe,,,,,mechanism_73f8bd9aae7831205914,technology_route,step5_rebind,,,,,,,,,,,,,,,,,step7b_iterB_rulefix,strict_all
Mechanism:mechanism_74dbbc695cc6748dfb95,Mechanism,,d171f5c9ffcc84e6c44576635c6bf0c74d7a441eb935c00257be34cfe5ace627,,,,,mechanism_74dbbc695cc6748dfb95,tiered_pricing,step5_rebind,,,,,,,,,,,,,,,,,step7b_iterB_rulefix,strict_all
Mechanism:mechanism_759018ed687278902f98,Mechanism,,37057c32932e956503eb1ad05c772ba2cd53e2bba30c2a5b23eb9c15e6a785de,,,,,mechanism_759018ed687278902f98,tiered_pricing,step5_rebind,,,,,,,,,,,,,,,,,step7b_iterB_rulefix,strict_all
Mechanism:mechanism_76572fa89aeace723f5e,Mechanism,,9f3a13c9638cc5c7deb8ecad47f6052f7b19aa02e4514ce8b2b5376c00e60c86,,,,,mechanism_76572fa89aeace723f5e,tiered_pricing,step5_rebind,,,,,,,,,,,,,,,,,step7b_iterB_rulefix,strict_all
Mechanism:mechanism_769116cb80944380dae0,Mechanism,,ad8d0971d97051367bf7e78a6885dd89b83772d35f94aaff8c56c77398caa167,,,,,mechanism_769116cb80944380dae0,subsidy,step5_rebind,,,,,,,,,,,,,,,,,step7b_iterB_rulefix,strict_all
Mechanism:mechanism_76a98ee3749489e822cc,Mechanism,,b7970415004e18258dafe12d1a8aab2812448cb5c877684915b31d587b891911,,,,,mechanism_76a98ee3749489e822cc,tiered_pricing,step5_rebind,,,,,,,,,,,,,,,,,step7b_iterB_rulefix,strict_all
Mechanism:mechanism_77b2a032cc3daed5f524,Mechanism,,856652d4d7364977a05a7a183b892b5d146cb65bbc1a45dd030bcf53c76f25b3,,,,,mechanism_77b2a032cc3daed5f524,tiered_pricing,step5_rebind,,,,,,,,,,,,,,,,,step7b_iterB_rulefix,strict_all
Mechanism:mechanism_78a5e779d61e94989643,Mechanism,,cfc5659b83ee4ad1d1f2661e5333bd1e0c3dd1876428b74b183b3a6d310c4184,,,,,mechanism_78a5e779d61e94989643,subsidy,step5_rebind,,,,,,,,,,,,,,,,,step7b_iterB_rulefix,strict_all
Mechanism:mechanism_795dc9d8c70080171c4c,Mechanism,,7e1dff3ee78977bc7e5f87b686fc7b8ccf4f78bd15144d2fd3f7c60c48ec3209,,,,,mechanism_795dc9d8c70080171c4c,general_price_adjustment,step5_rebind,,,,,,,,,,,,,,,,,step7b_iterB_rulefix,strict_all
Mechanism:mechanism_7a19a39f999b21d19925,Mechanism,,ffc68a35eb1e5ce2437cbe847fb6902e01371194247d63f6245170f1a6d8442f,,,,,mechanism_7a19a39f999b21d19925,tiered_pricing,step5_rebind,,,,,,,,,,,,,,,,,step7b_iterB_rulefix,strict_all
Mechanism:mechanism_7a2c59ef69230ed534e3,Mechanism,,41eed2fc03a95dc30af898124e00962d37f00dd998abb5da87c6e10e209db169,,,,,mechanism_7a2c59ef69230ed534e3,subsidy,step5_rebind,,,,,,,,,,,,,,,,,step7b_iterB_rulefix,strict_all
Mechanism:mechanism_7c2ce378ef88c9b6fb01,Mechanism,,f6f8d5f9847c1fe31624cb64353d12b61bebca40113c37e445b63a2d226db18d,,,,,mechanism_7c2ce378ef88c9b6fb01,subsidy,step5_rebind,,,,,,,,,,,,,,,,,step7b_iterB_rulefix,strict_all
Mechanism:mechanism_7db014d37812946a911d,Mechanism,,cabe05c4dbda50ec49c95f7660116adc6893472b4c0d161d06711a5647f6c00f,,,,,mechanism_7db014d37812946a911d,task_assessment,step5_rebind,,,,,,,,,,,,,,,,,step7b_iterB_rulefix,strict_all
Mechanism:mechanism_7e3a3f84cf345e9291f7,Mechanism,,ad67c3fdaa5a26925e5e3474443bab3a8b1737e94937ccbe115cabd74e2fc9a0,,,,,mechanism_7e3a3f84cf345e9291f7,general_price_adjustment,step5_rebind,,,,,,,,,,,,,,,,,step7b_iterB_rulefix,strict_all
Mechanism:mechanism_7e57dff149c2476197fc,Mechanism,,6618b31ad2d2553801e75f1d42256338782cda332eb141a7fea6466fee1dccfd,,,,,mechanism_7e57dff149c2476197fc,subsidy,step5_rebind,,,,,,,,,,,,,,,,,step7b_iterB_rulefix,strict_all
Mechanism:mechanism_7ebbe92433f6e3fa39d9,Mechanism,,c6c4d1cca7577b75493e8eccc57343e9ea85d61bd6551b6ac6674cdb45eba353,,,,,mechanism_7ebbe92433f6e3fa39d9,subsidy,step5_rebind,,,,,,,,,,,,,,,,,step7b_iterB_rulefix,strict_all
Mechanism:mechanism_7f3db34ad1467f91bfbf,Mechanism,,4978300e5965b0d812a67eb9a07c584011b661c940c300faf4990fb8586e3a13,,,,,mechanism_7f3db34ad1467f91bfbf,task_assessment,step5_rebind,,,,,,,,,,,,,,,,,step7b_iterB_rulefix,strict_all
Mechanism:mechanism_7fe4ea28e80c5d42edab,Mechanism,,39711c0fe43f492cc1c2573d43eda307046cf6f6e978daa10f5d3853c58077b5,,,,,mechanism_7fe4ea28e80c5d42edab,technology_route,step5_rebind,,,,,,,,,,,,,,,,,step7b_iterB_rulefix,strict_all
Mechanism:mechanism_817846bf500bbe9a1f74,Mechanism,,ad8d0971d97051367bf7e78a6885dd89b83772d35f94aaff8c56c77398caa167,,,,,mechanism_817846bf500bbe9a1f74,subsidy,step5_rebind,,,,,,,,,,,,,,,,,step7b_iterB_rulefix,strict_all
Mechanism:mechanism_82631d96232da78397c4,Mechanism,,8e713f5036be608e8536659484a13e29de44d6d15aa0bd0098266d8d1e9e0242,,,,,mechanism_82631d96232da78397c4,tou_pricing,step5_rebind,,,,,,,,,,,,,,,,,step7b_iterB_rulefix,strict_all
Mechanism:mechanism_833385e737faa3ca663b,Mechanism,,c6c4d1cca7577b75493e8eccc57343e9ea85d61bd6551b6ac6674cdb45eba353,,,,,mechanism_833385e737faa3ca663b,subsidy,step5_rebind,,,,,,,,,,,,,,,,,step7b_iterB_rulefix,strict_all
Mechanism:mechanism_833668341cfc10a25b5a,Mechanism,,a63aaa1b99aae78cd58b5beb8c271e538c4b10b43ff4aff7312d6e081dd79eed,,,,,mechanism_833668341cfc10a25b5a,subsidy,step5_rebind,,,,,,,,,,,,,,,,,step7b_iterB_rulefix,strict_all
Mechanism:mechanism_84c6874c3cdb0cbd1427,Mechanism,,0ae95f60cf40ef3dbcc874d7e32a0ed5a3d91c7d587ec5cae592c8064a14b8f8,,,,,mechanism_84c6874c3cdb0cbd1427,subsidy,step5_rebind,,,,,,,,,,,,,,,,,step7b_iterB_rulefix,strict_all
Mechanism:mechanism_856caf14aad6f749f9d9,Mechanism,,c2ce66de36909532e26911cf9b98d757038c277f798c2df1d78f1637f74e4b2a,,,,,mechanism_856caf14aad6f749f9d9,subsidy,step5_rebind,,,,,,,,,,,,,,,,,step7b_iterB_rulefix,strict_all
Mechanism:mechanism_85d23bbcd8f3592ef19a,Mechanism,,9b9dc731d84971b347984a61cebe82dfa99c5011c92f8e92ff5e8eae8821ced0,,,,,mechanism_85d23bbcd8f3592ef19a,general_price_adjustment,step5_rebind,,,,,,,,,,,,,,,,,step7b_iterB_rulefix,strict_all
Mechanism:mechanism_85dbe55484574e32c370,Mechanism,,a69f4fada444fbf3a5477b252309fb00555c6f7cb1797785c73b753cdaf02622,,,,,mechanism_85dbe55484574e32c370,subsidy,step5_rebind,,,,,,,,,,,,,,,,,step7b_iterB_rulefix,strict_all
Mechanism:mechanism_8674338fe5586d7f22ea,Mechanism,,6a7e111c32163a3064cb3a8b142ab699ba281a3113b7244d73979c6567c58c92,,,,,mechanism_8674338fe5586d7f22ea,tou_pricing,step5_rebind,,,,,,,,,,,,,,,,,step7b_iterB_rulefix,strict_all
Mechanism:mechanism_86b6ea5269fcc2487f1b,Mechanism,,693f3a55fe86330e400962dd0b43476d41023ad39e89f0254b4f9e2651efaca2,,,,,mechanism_86b6ea5269fcc2487f1b,tiered_pricing,step5_rebind,,,,,,,,,,,,,,,,,step7b_iterB_rulefix,strict_all
Mechanism:mechanism_875c8ee91e78c895d76f,Mechanism,,21a5c67e61e80e1324726c39e931d5faa3ef2db450f2e5421f7a10df4fe56b97,,,,,mechanism_875c8ee91e78c895d76f,tou_pricing,step5_rebind,,,,,,,,,,,,,,,,,step7b_iterB_rulefix,strict_all
Mechanism:mechanism_87896788a3d395f0889e,Mechanism,,6ca5d9d44b93a3440cc8f24b4feda441563e6841021017b2c5db628a6976c9f5,,,,,mechanism_87896788a3d395f0889e,subsidy,step5_rebind,,,,,,,,,,,,,,,,,step7b_iterB_rulefix,strict_all
Mechanism:mechanism_88276de857956253f412,Mechanism,,ffc68a35eb1e5ce2437cbe847fb6902e01371194247d63f6245170f1a6d8442f,,,,,mechanism_88276de857956253f412,tiered_pricing,step5_rebind,,,,,,,,,,,,,,,,,step7b_iterB_rulefix,strict_all
Mechanism:mechanism_88ac77e27f52feda85d7,Mechanism,,6970500b879273b0b83bb7a489716ace3a254448e313c9392b1c8d699aa8443a,,,,,mechanism_88ac77e27f52feda85d7,tou_pricing,step5_rebind,,,,,,,,,,,,,,,,,step7b_iterB_rulefix,strict_all
Mechanism:mechanism_88c87b904ddd4ab9cbdd,Mechanism,,bafa420f1d8370c5c99454d226f26a0e88bc2bbe6c9dd1cfdde722b231931173,,,,,mechanism_88c87b904ddd4ab9cbdd,technology_route,step5_rebind,,,,,,,,,,,,,,,,,step7b_iterB_rulefix,strict_all
Mechanism:mechanism_88f831ba61c949c86f43,Mechanism,,8cbf9d571e472404e9b79d5a7ebb488d70af5040f4c4a6f056ba9491f738d6fb,,,,,mechanism_88f831ba61c949c86f43,subsidy,step5_rebind,,,,,,,,,,,,,,,,,step7b_iterB_rulefix,strict_all
Mechanism:mechanism_8973f00feefb24d3eb31,Mechanism,,438c0392b9db32d7f7e7063819ff233da3aefc768abccbae0d8cebcf58748a29,,,,,mechanism_8973f00feefb24d3eb31,subsidy,step5_rebind,,,,,,,,,,,,,,,,,step7b_iterB_rulefix,strict_all
Mechanism:mechanism_8974be01f89b4cebf4cb,Mechanism,,ee74d273b781a2f2d3b7cdfadfe4c9a63e6e423f10874fba1e3c84a0a1f35295,,,,,mechanism_8974be01f89b4cebf4cb,tiered_pricing,step5_rebind,,,,,,,,,,,,,,,,,step7b_iterB_rulefix,strict_all
Mechanism:mechanism_8a2d30fdb459085ee3e7,Mechanism,,a4146178085d1b27e6b2be802686e7ddffe59ded7cc7590d7c70417aa2b345ae,,,,,mechanism_8a2d30fdb459085ee3e7,tou_pricing,step5_rebind,,,,,,,,,,,,,,,,,step7b_iterB_rulefix,strict_all
Mechanism:mechanism_8a7eb44f795ac3ed9c1f,Mechanism,,c32ed07b1f8848d45dcf196616c7064ebdf5a10f0ce328b277c662ee5197f29b,,,,,mechanism_8a7eb44f795ac3ed9c1f,subsidy,step5_rebind,,,,,,,,,,,,,,,,,step7b_iterB_rulefix,strict_all
Mechanism:mechanism_8a8e82230685d2eb0a39,Mechanism,,56a73d05dcfd76555b7fe12d90d1696b709acf1556a8913f3314c3c6c644cfb5,,,,,mechanism_8a8e82230685d2eb0a39,task_assessment,step5_rebind,,,,,,,,,,,,,,,,,step7b_iterB_rulefix,strict_all
Mechanism:mechanism_8aa8d983ea27e502a0ed,Mechanism,,6a7e111c32163a3064cb3a8b142ab699ba281a3113b7244d73979c6567c58c92,,,,,mechanism_8aa8d983ea27e502a0ed,general_price_adjustment,step5_rebind,,,,,,,,,,,,,,,,,step7b_iterB_rulefix,strict_all
Mechanism:mechanism_8ac42123823f5b302f78,Mechanism,,10695560c26cc67b7a3e26b8dbcd7b856b0b17ef49c31ba529efd3caf059a1de,,,,,mechanism_8ac42123823f5b302f78,task_assessment,step5_rebind,,,,,,,,,,,,,,,,,step7b_iterB_rulefix,strict_all
Mechanism:mechanism_8b1e3960f2418cf363c1,Mechanism,,872f329b829fabeae485580e6ea8ffc598cb678cf546ae789f8ed60a40bf8ae6,,,,,mechanism_8b1e3960f2418cf363c1,tiered_pricing,step5_rebind,,,,,,,,,,,,,,,,,step7b_iterB_rulefix,strict_all
Mechanism:mechanism_8bbcb084e0469abd7dcc,Mechanism,,509a0ad904c063d5cf05fca6cbf14e771fafd94288045c9c2d767dc19ec43ab5,,,,,mechanism_8bbcb084e0469abd7dcc,tou_pricing,step5_rebind,,,,,,,,,,,,,,,,,step7b_iterB_rulefix,strict_all
Mechanism:mechanism_8bc11b8d2b9e1bf44744,Mechanism,,b6ac32394452c6d0ae0c24d7fb0f3da37e1c69cccd0cb1261cfbe06d98960bfe,,,,,mechanism_8bc11b8d2b9e1bf44744,subsidy,step5_rebind,,,,,,,,,,,,,,,,,step7b_iterB_rulefix,strict_all
Mechanism:mechanism_8cd7e7073b962d8c0473,Mechanism,,ad8d0971d97051367bf7e78a6885dd89b83772d35f94aaff8c56c77398caa167,,,,,mechanism_8cd7e7073b962d8c0473,subsidy,step5_rebind,,,,,,,,,,,,,,,,,step7b_iterB_rulefix,strict_all
Mechanism:mechanism_8cf0a624e4c85a2f56d9,Mechanism,,9977a1b4a371e69cc97e07c3dc35c2f6e10314b35aaf7e35995468d3930cbcea,,,,,mechanism_8cf0a624e4c85a2f56d9,tou_pricing,step5_rebind,,,,,,,,,,,,,,,,,step7b_iterB_rulefix,strict_all
Mechanism:mechanism_8d45a3959cb79cb8490f,Mechanism,,7ed0773389be1fab4cf4b39fd715e035135ac2f3585caf8e1b63b0017de0c7c9,,,,,mechanism_8d45a3959cb79cb8490f,tiered_pricing,step5_rebind,,,,,,,,,,,,,,,,,step7b_iterB_rulefix,strict_all
Mechanism:mechanism_8dfc886532a658e2d62a,Mechanism,,0c6f09a25dd67445d4329a19b7c075e48243ee2db53c7faa02f8ad5296257722,,,,,mechanism_8dfc886532a658e2d62a,technology_route,step5_rebind,,,,,,,,,,,,,,,,,step7b_iterB_rulefix,strict_all
Mechanism:mechanism_8e9d285b75c7237c91a4,Mechanism,,a7f3f83cc719dbd58fa3cba1078d11a8511ace91597d326e11375e817e2d73f6,,,,,mechanism_8e9d285b75c7237c91a4,tiered_pricing,step5_rebind,,,,,,,,,,,,,,,,,step7b_iterB_rulefix,strict_all
Mechanism:mechanism_8e9ff4df34f55108352a,Mechanism,,9842b76e12450c90ad9c0680b04217082b8a8fafe2cef53d19367fc9dd8179c2,,,,,mechanism_8e9ff4df34f55108352a,tou_pricing,step5_rebind,,,,,,,,,,,,,,,,,step7b_iterB_rulefix,strict_all
Mechanism:mechanism_8f2d6331c2f90e84ca4e,Mechanism,,1073cb109211fd941aebac04c4969f3a87bbd9186801a40532d013098ee3ab11,,,,,mechanism_8f2d6331c2f90e84ca4e,subsidy,step5_rebind,,,,,,,,,,,,,,,,,step7b_iterB_rulefix,strict_all
Mechanism:mechanism_8f6a63af51e49643acd9,Mechanism,,53fc822864624a590cef5b5fa21ff00698716adde9cef0962459c0216e2b8855,,,,,mechanism_8f6a63af51e49643acd9,task_assessment,step5_rebind,,,,,,,,,,,,,,,,,step7b_iterB_rulefix,strict_all
Mechanism:mechanism_8f79f72a140b6586bfd8,Mechanism,,0d66b8c7139a0f984bbaf759d12e1bb40d66b6e7f05bab043de5e56b4398fb79,,,,,mechanism_8f79f72a140b6586bfd8,technology_route,step5_rebind,,,,,,,,,,,,,,,,,step7b_iterB_rulefix,strict_all
Mechanism:mechanism_8f9ed4490ccfe67e619a,Mechanism,,9b9dc731d84971b347984a61cebe82dfa99c5011c92f8e92ff5e8eae8821ced0,,,,,mechanism_8f9ed4490ccfe67e619a,general_price_adjustment,step5_rebind,,,,,,,,,,,,,,,,,step7b_iterB_rulefix,strict_all
Mechanism:mechanism_8fd2b3c9667d086c50ef,Mechanism,,68cf8b47055553fd101877102c4de7301c148b4dfe2101a20a960809ffb02d3e,,,,,mechanism_8fd2b3c9667d086c50ef,subsidy,step5_rebind,,,,,,,,,,,,,,,,,step7b_iterB_rulefix,strict_all
Mechanism:mechanism_90f783cf19d9b620b06c,Mechanism,,6cb18e49eef7e01ce34c704b30e6ccb4c6e2697977a292460da68fe51b13ae6d,,,,,mechanism_90f783cf19d9b620b06c,subsidy,step5_rebind,,,,,,,,,,,,,,,,,step7b_iterB_rulefix,strict_all
Mechanism:mechanism_9108561be560c4f9f372,Mechanism,,4978300e5965b0d812a67eb9a07c584011b661c940c300faf4990fb8586e3a13,,,,,mechanism_9108561be560c4f9f372,task_assessment,step5_rebind,,,,,,,,,,,,,,,,,step7b_iterB_rulefix,strict_all
Mechanism:mechanism_916243a9f6f16fac4d86,Mechanism,,0463f8ab2dc0e54e2fd506618b80ede13670db6650cb659109835a35687dc141,,,,,mechanism_916243a9f6f16fac4d86,subsidy,step5_rebind,,,,,,,,,,,,,,,,,step7b_iterB_rulefix,strict_all
Mechanism:mechanism_9193757cdd36831a7653,Mechanism,,ca0ecafa5d9b0881a307250ed1dfb3f239da064ec327235d5f6bf4b0afde27d8,,,,,mechanism_9193757cdd36831a7653,technology_route,step5_rebind,,,,,,,,,,,,,,,,,step7b_iterB_rulefix,strict_all
Mechanism:mechanism_919b634dc0232a0152d9,Mechanism,,6f9e11a2d7c04d1e2e70825dcb404052e1219052d6c99430f5f25ebd988c1a72,,,,,mechanism_919b634dc0232a0152d9,subsidy,step5_rebind,,,,,,,,,,,,,,,,,step7b_iterB_rulefix,strict_all
Mechanism:mechanism_91a0851474e1b20cf1d3,Mechanism,,d171f5c9ffcc84e6c44576635c6bf0c74d7a441eb935c00257be34cfe5ace627,,,,,mechanism_91a0851474e1b20cf1d3,tiered_pricing,step5_rebind,,,,,,,,,,,,,,,,,step7b_iterB_rulefix,strict_all
Mechanism:mechanism_9201758ffb9b7c0ed14e,Mechanism,,6618b31ad2d2553801e75f1d42256338782cda332eb141a7fea6466fee1dccfd,,,,,mechanism_9201758ffb9b7c0ed14e,subsidy,step5_rebind,,,,,,,,,,,,,,,,,step7b_iterB_rulefix,strict_all
Mechanism:mechanism_93463c9ba49777f3403d,Mechanism,,1fa29c73a41d6d62bb74e065c64724a1eb5075621c22e96288682d2c4c141f5d,,,,,mechanism_93463c9ba49777f3403d,tou_pricing,step5_rebind,,,,,,,,,,,,,,,,,step7b_iterB_rulefix,strict_all
Mechanism:mechanism_944d31161067dfccd077,Mechanism,,6618b31ad2d2553801e75f1d42256338782cda332eb141a7fea6466fee1dccfd,,,,,mechanism_944d31161067dfccd077,subsidy,step5_rebind,,,,,,,,,,,,,,,,,step7b_iterB_rulefix,strict_all
Mechanism:mechanism_945b6a873a0484746a9a,Mechanism,,632c503920a67e010e21ba8cc1bfddfd101d9f4a5981b038ab8e365c65c57b08,,,,,mechanism_945b6a873a0484746a9a,tou_pricing,step5_rebind,,,,,,,,,,,,,,,,,step7b_iterB_rulefix,strict_all
Mechanism:mechanism_94a39e061f9d692f7fe1,Mechanism,,dc812e8b13d03ff73b79b4b814a56ec987458e2b4ac3147020283904460efdc9,,,,,mechanism_94a39e061f9d692f7fe1,tou_pricing,step5_rebind,,,,,,,,,,,,,,,,,step7b_iterB_rulefix,strict_all
Mechanism:mechanism_952b508d7c0075a95779,Mechanism,,53fc822864624a590cef5b5fa21ff00698716adde9cef0962459c0216e2b8855,,,,,mechanism_952b508d7c0075a95779,task_assessment,step5_rebind,,,,,,,,,,,,,,,,,step7b_iterB_rulefix,strict_all
Mechanism:mechanism_957ad2c297e0ce7f9203,Mechanism,,cfc5659b83ee4ad1d1f2661e5333bd1e0c3dd1876428b74b183b3a6d310c4184,,,,,mechanism_957ad2c297e0ce7f9203,subsidy,step5_rebind,,,,,,,,,,,,,,,,,step7b_iterB_rulefix,strict_all
Mechanism:mechanism_95c29e91fad56894c175,Mechanism,,9b573a30294f2b87e5bc8a1733dc8154869687fb42b7fbcbc23dc1cf3c74f11b,,,,,mechanism_95c29e91fad56894c175,subsidy,step5_rebind,,,,,,,,,,,,,,,,,step7b_iterB_rulefix,strict_all
Mechanism:mechanism_96075df1132f7a533e6d,Mechanism,,9842b76e12450c90ad9c0680b04217082b8a8fafe2cef53d19367fc9dd8179c2,,,,,mechanism_96075df1132f7a533e6d,tiered_pricing,step5_rebind,,,,,,,,,,,,,,,,,step7b_iterB_rulefix,strict_all
Mechanism:mechanism_96810b659c23c08f6d8e,Mechanism,,41eed2fc03a95dc30af898124e00962d37f00dd998abb5da87c6e10e209db169,,,,,mechanism_96810b659c23c08f6d8e,subsidy,step5_rebind,,,,,,,,,,,,,,,,,step7b_iterB_rulefix,strict_all
Mechanism:mechanism_979a5a134f4ef784a249,Mechanism,,8ef9c7da6345158c1bdde2870ce06ba13dba085fbeb6e9018927491cf218225c,,,,,mechanism_979a5a134f4ef784a249,tou_pricing,step5_rebind,,,,,,,,,,,,,,,,,step7b_iterB_rulefix,strict_all
Mechanism:mechanism_9852f07b9eabaa449be1,Mechanism,,96b1a22b2ec5ddcc9e6133c59976da4937836c097e7e7f973b60ec9f8374b7a0,,,,,mechanism_9852f07b9eabaa449be1,technology_route,step5_rebind,,,,,,,,,,,,,,,,,step7b_iterB_rulefix,strict_all
Mechanism:mechanism_98e1c943632688dae268,Mechanism,,6970500b879273b0b83bb7a489716ace3a254448e313c9392b1c8d699aa8443a,,,,,mechanism_98e1c943632688dae268,technology_route,step5_rebind,,,,,,,,,,,,,,,,,step7b_iterB_rulefix,strict_all
Mechanism:mechanism_98fc398f062835306167,Mechanism,,f9e04639c4debca4ed9f462f2bcd047446a5ac515e9037c7aa504a0cb62c9f85,,,,,mechanism_98fc398f062835306167,subsidy,step5_rebind,,,,,,,,,,,,,,,,,step7b_iterB_rulefix,strict_all
Mechanism:mechanism_9acc84f7cef5684f25dc,Mechanism,,f9e04639c4debca4ed9f462f2bcd047446a5ac515e9037c7aa504a0cb62c9f85,,,,,mechanism_9acc84f7cef5684f25dc,subsidy,step5_rebind,,,,,,,,,,,,,,,,,step7b_iterB_rulefix,strict_all
Mechanism:mechanism_9addfec2b278768cf032,Mechanism,,5640870dc60f351a9c21fe312b04405a5734c115cb295d24a606808ab81e6d0f,,,,,mechanism_9addfec2b278768cf032,tou_pricing,step5_rebind,,,,,,,,,,,,,,,,,step7b_iterB_rulefix,strict_all
Mechanism:mechanism_9b18830935bc0467a2f3,Mechanism,,9f3a13c9638cc5c7deb8ecad47f6052f7b19aa02e4514ce8b2b5376c00e60c86,,,,,mechanism_9b18830935bc0467a2f3,tiered_pricing,step5_rebind,,,,,,,,,,,,,,,,,step7b_iterB_rulefix,strict_all
Mechanism:mechanism_9b40b75c1cc854a5e37b,Mechanism,,f777d830e8f61452b04215ca463bc25c9f5372e505858ce99c85b70800e0baec,,,,,mechanism_9b40b75c1cc854a5e37b,task_assessment,step5_rebind,,,,,,,,,,,,,,,,,step7b_iterB_rulefix,strict_all
Mechanism:mechanism_9c7e0f03846f9d46fa6f,Mechanism,,693f3a55fe86330e400962dd0b43476d41023ad39e89f0254b4f9e2651efaca2,,,,,mechanism_9c7e0f03846f9d46fa6f,tiered_pricing,step5_rebind,,,,,,,,,,,,,,,,,step7b_iterB_rulefix,strict_all
Mechanism:mechanism_9cc7aa0710a0cbbad4b0,Mechanism,,ad67c3fdaa5a26925e5e3474443bab3a8b1737e94937ccbe115cabd74e2fc9a0,,,,,mechanism_9cc7aa0710a0cbbad4b0,tiered_pricing,step5_rebind,,,,,,,,,,,,,,,,,step7b_iterB_rulefix,strict_all
Mechanism:mechanism_9cd9ab8742ecdffff267,Mechanism,,cc7addf8ff4efe3409afac8915cc6b8df3283617d08af2da6658e58933736301,,,,,mechanism_9cd9ab8742ecdffff267,tou_pricing,step5_rebind,,,,,,,,,,,,,,,,,step7b_iterB_rulefix,strict_all
Mechanism:mechanism_9d705b5ef9479e487c91,Mechanism,,ebba22b0a7b7a9a06ccf6dfbe862a330eb615359451c4ccb8bff79fd2d9bd1ad,,,,,mechanism_9d705b5ef9479e487c91,task_assessment,step5_rebind,,,,,,,,,,,,,,,,,step7b_iterB_rulefix,strict_all
Mechanism:mechanism_9da4b95f9bc7fe71957b,Mechanism,,67bb80e9af349ffd1cfa1abcf8a9a811c986f1fc171c93e1f60ce3232981e99c,,,,,mechanism_9da4b95f9bc7fe71957b,subsidy,step5_rebind,,,,,,,,,,,,,,,,,step7b_iterB_rulefix,strict_all
Mechanism:mechanism_9de2995e6616de9aaea4,Mechanism,,3d453b46781e992f20c2a7120846ab15062f4e272266f310b85e96ae17b26383,,,,,mechanism_9de2995e6616de9aaea4,task_assessment,step5_rebind,,,,,,,,,,,,,,,,,step7b_iterB_rulefix,strict_all
Mechanism:mechanism_9df0fcccfdcdb65fda83,Mechanism,,10695560c26cc67b7a3e26b8dbcd7b856b0b17ef49c31ba529efd3caf059a1de,,,,,mechanism_9df0fcccfdcdb65fda83,subsidy,step5_rebind,,,,,,,,,,,,,,,,,step7b_iterB_rulefix,strict_all
Mechanism:mechanism_9fedd8f8931735d41f86,Mechanism,,bd6202baffd47fe0052d9accf098e87cdadac6623a4be7112867c5541bb55aeb,,,,,mechanism_9fedd8f8931735d41f86,subsidy,step5_rebind,,,,,,,,,,,,,,,,,step7b_iterB_rulefix,strict_all
Mechanism:mechanism_a01759a1b5a3d57a2ef5,Mechanism,,609908d9bcfc33e3897206e5078e6cd00772ed380b661406f29cddfcd122f57d,,,,,mechanism_a01759a1b5a3d57a2ef5,general_price_adjustment,step5_rebind,,,,,,,,,,,,,,,,,step7b_iterB_rulefix,strict_all
Mechanism:mechanism_a049321b100a3d9c5a2a,Mechanism,,fa8247ce8a15e7fa9b0253eda7960d3595374d0fe35b3c360fc07635c4aac219,,,,,mechanism_a049321b100a3d9c5a2a,tou_pricing,step5_rebind,,,,,,,,,,,,,,,,,step7b_iterB_rulefix,strict_all
Mechanism:mechanism_a184d0f15f98e3b3a1e9,Mechanism,,7e1dff3ee78977bc7e5f87b686fc7b8ccf4f78bd15144d2fd3f7c60c48ec3209,,,,,mechanism_a184d0f15f98e3b3a1e9,tou_pricing,step5_rebind,,,,,,,,,,,,,,,,,step7b_iterB_rulefix,strict_all
Mechanism:mechanism_a229f50741d63a8545b4,Mechanism,,693f3a55fe86330e400962dd0b43476d41023ad39e89f0254b4f9e2651efaca2,,,,,mechanism_a229f50741d63a8545b4,tiered_pricing,step5_rebind,,,,,,,,,,,,,,,,,step7b_iterB_rulefix,strict_all
Mechanism:mechanism_a2536786beac29c855b7,Mechanism,,fd34a0c79d6d5134b8ac84ff7a0bc89ce796c8c298e0c72af6f687a2f1d16760,,,,,mechanism_a2536786beac29c855b7,technology_route,step5_rebind,,,,,,,,,,,,,,,,,step7b_iterB_rulefix,strict_all
Mechanism:mechanism_a2bdc150dc481b3383ed,Mechanism,,ebba22b0a7b7a9a06ccf6dfbe862a330eb615359451c4ccb8bff79fd2d9bd1ad,,,,,mechanism_a2bdc150dc481b3383ed,task_assessment,step5_rebind,,,,,,,,,,,,,,,,,step7b_iterB_rulefix,strict_all
Mechanism:mechanism_a2ec73dd2e5046e023b4,Mechanism,,7f64d12d77538daeb634de40f7634de40d034d5512fa29948f5af09d83039026,,,,,mechanism_a2ec73dd2e5046e023b4,tou_pricing,step5_rebind,,,,,,,,,,,,,,,,,step7b_iterB_rulefix,strict_all
Mechanism:mechanism_a316f20b65f895477430,Mechanism,,cb0c5b8b05cfdf3cf5e27c0081d86b7f45c5f12b09a9fa3f2da332bc102a849b,,,,,mechanism_a316f20b65f895477430,tou_pricing,step5_rebind,,,,,,,,,,,,,,,,,step7b_iterB_rulefix,strict_all
Mechanism:mechanism_a383da1a491d08d09ee9,Mechanism,,8cb1f5c7e00d4df09dab22618fbcfa02b68ae905acba728be35b24aade110dc9,,,,,mechanism_a383da1a491d08d09ee9,subsidy,step5_rebind,,,,,,,,,,,,,,,,,step7b_iterB_rulefix,strict_all
Mechanism:mechanism_a38edc62c82f7fe20e14,Mechanism,,cfc5659b83ee4ad1d1f2661e5333bd1e0c3dd1876428b74b183b3a6d310c4184,,,,,mechanism_a38edc62c82f7fe20e14,subsidy,step5_rebind,,,,,,,,,,,,,,,,,step7b_iterB_rulefix,strict_all
Mechanism:mechanism_a41923b8bc6f3cdb762f,Mechanism,,59fb420eead4837faf2f90b58927c9c874cd61e9cfbcb91d127cfeeb50f5be76,,,,,mechanism_a41923b8bc6f3cdb762f,task_assessment,step5_rebind,,,,,,,,,,,,,,,,,step7b_iterB_rulefix,strict_all
Mechanism:mechanism_a491ab87f96acc4a8353,Mechanism,,52fe3e07f845a1ce9cd3ca20036163fb421d5d61b4d23c2bf34016220be9cca4,,,,,mechanism_a491ab87f96acc4a8353,tou_pricing,step5_rebind,,,,,,,,,,,,,,,,,step7b_iterB_rulefix,strict_all
Mechanism:mechanism_a53598dba9031fc495f4,Mechanism,,d6295fc6d120b2f270803869f63327efa8f7e3ea98515eb80da25abd977ff9f6,,,,,mechanism_a53598dba9031fc495f4,task_assessment,step5_rebind,,,,,,,,,,,,,,,,,step7b_iterB_rulefix,strict_all
Mechanism:mechanism_a55ec53bb287181a9072,Mechanism,,9c3afee7cca39cb92c7272cf554cc02fdb162ec89bc92c98f6324cf2bb423c92,,,,,mechanism_a55ec53bb287181a9072,tiered_pricing,step5_rebind,,,,,,,,,,,,,,,,,step7b_iterB_rulefix,strict_all
Mechanism:mechanism_a58fea38cdb1f4818289,Mechanism,,8b20b8b5d683f19fe69f3fa1ec0f3272c5e99b10590f82cf4e238232ec7ee7fa,,,,,mechanism_a58fea38cdb1f4818289,tou_pricing,step5_rebind,,,,,,,,,,,,,,,,,step7b_iterB_rulefix,strict_all
Mechanism:mechanism_a65ebf625b34d8993a85,Mechanism,,bd9a5debe3e285290408196ff9a61cc7d1acd325eab100746bcd7562b196b7dd,,,,,mechanism_a65ebf625b34d8993a85,subsidy,step5_rebind,,,,,,,,,,,,,,,,,step7b_iterB_rulefix,strict_all
Mechanism:mechanism_a6f8723170a6356d3854,Mechanism,,fb55d418bed4eb4484f674119c95bd74b5f22fce8ab5798d7398c93a0244de1c,,,,,mechanism_a6f8723170a6356d3854,technology_route,step5_rebind,,,,,,,,,,,,,,,,,step7b_iterB_rulefix,strict_all
Mechanism:mechanism_a70b47c6c38eefc335c1,Mechanism,,632c503920a67e010e21ba8cc1bfddfd101d9f4a5981b038ab8e365c65c57b08,,,,,mechanism_a70b47c6c38eefc335c1,general_price_adjustment,step5_rebind,,,,,,,,,,,,,,,,,step7b_iterB_rulefix,strict_all
Mechanism:mechanism_a7d7e0cd291382238ba2,Mechanism,,6970500b879273b0b83bb7a489716ace3a254448e313c9392b1c8d699aa8443a,,,,,mechanism_a7d7e0cd291382238ba2,subsidy,step5_rebind,,,,,,,,,,,,,,,,,step7b_iterB_rulefix,strict_all
Mechanism:mechanism_a818b9817caad8427723,Mechanism,,75833ff273a4d2d6f13f69723a049cea9e1c56a53db43bccd58d074ead1cd079,,,,,mechanism_a818b9817caad8427723,technology_route,step5_rebind,,,,,,,,,,,,,,,,,step7b_iterB_rulefix,strict_all
Mechanism:mechanism_a8539c71df50ebb557f8,Mechanism,,1be33bff3ea2876b31bbd3f23c81aa44573ad1f2de6cfb2cd7d649a3ebd1028d,,,,,mechanism_a8539c71df50ebb557f8,task_assessment,step5_rebind,,,,,,,,,,,,,,,,,step7b_iterB_rulefix,strict_all
Mechanism:mechanism_a954251962334ddf2fa1,Mechanism,,17b169c01d0fd11691f3014066bc982e9d5aae3ef301b3d897d2a4b986dac45b,,,,,mechanism_a954251962334ddf2fa1,subsidy,step5_rebind,,,,,,,,,,,,,,,,,step7b_iterB_rulefix,strict_all
Mechanism:mechanism_a972c1fd713729d8cea3,Mechanism,,ad8d0971d97051367bf7e78a6885dd89b83772d35f94aaff8c56c77398caa167,,,,,mechanism_a972c1fd713729d8cea3,subsidy,step5_rebind,,,,,,,,,,,,,,,,,step7b_iterB_rulefix,strict_all
Mechanism:mechanism_a98178e4cbeb339f4e81,Mechanism,,6618b31ad2d2553801e75f1d42256338782cda332eb141a7fea6466fee1dccfd,,,,,mechanism_a98178e4cbeb339f4e81,subsidy,step5_rebind,,,,,,,,,,,,,,,,,step7b_iterB_rulefix,strict_all
Mechanism:mechanism_ab0b1da5fdd43cc8f2a4,Mechanism,,a841fd40884f65693f42fff950340f5c6e1dbdd734f6cb20bc5e15c9bbf474ec,,,,,mechanism_ab0b1da5fdd43cc8f2a4,technology_route,step5_rebind,,,,,,,,,,,,,,,,,step7b_iterB_rulefix,strict_all
Mechanism:mechanism_ac14e7b96fbc8fdd646c,Mechanism,,a735ca67be12d3b0a942b516c34fc3488730bd0b1628ccf60e57a2451aa63180,,,,,mechanism_ac14e7b96fbc8fdd646c,subsidy,step5_rebind,,,,,,,,,,,,,,,,,step7b_iterB_rulefix,strict_all
Mechanism:mechanism_acaa3d12702d5ac09a7f,Mechanism,,58ad7cd309406e184ce7e6d21004def570eec462e6489ea11bebbe2d7b469ea4,,,,,mechanism_acaa3d12702d5ac09a7f,subsidy,step5_rebind,,,,,,,,,,,,,,,,,step7b_iterB_rulefix,strict_all
Mechanism:mechanism_acc6aec167a59d3f92be,Mechanism,,6970500b879273b0b83bb7a489716ace3a254448e313c9392b1c8d699aa8443a,,,,,mechanism_acc6aec167a59d3f92be,subsidy,step5_rebind,,,,,,,,,,,,,,,,,step7b_iterB_rulefix,strict_all
Mechanism:mechanism_acd789bab267861d55c4,Mechanism,,f6b0d052adf6d0a230e2a61659b671708d4098acae657910b3de04d53301f75a,,,,,mechanism_acd789bab267861d55c4,tou_pricing,step5_rebind,,,,,,,,,,,,,,,,,step7b_iterB_rulefix,strict_all
Mechanism:mechanism_ad2ab27209ec454df058,Mechanism,,15d322df36604ef5082b3cbb152c1ae45bda6ad3f5d941b024f5371b4210c4d8,,,,,mechanism_ad2ab27209ec454df058,tou_pricing,step5_rebind,,,,,,,,,,,,,,,,,step7b_iterB_rulefix,strict_all
Mechanism:mechanism_ad38b4c379337cfa5b7e,Mechanism,,c32ed07b1f8848d45dcf196616c7064ebdf5a10f0ce328b277c662ee5197f29b,,,,,mechanism_ad38b4c379337cfa5b7e,subsidy,step5_rebind,,,,,,,,,,,,,,,,,step7b_iterB_rulefix,strict_all
Mechanism:mechanism_adb45b3f1124461770df,Mechanism,,34de2093bea75d704c113e23bf49b9018637efa1841e90bf224a6566684fd8df,,,,,mechanism_adb45b3f1124461770df,technology_route,step5_rebind,,,,,,,,,,,,,,,,,step7b_iterB_rulefix,strict_all
Mechanism:mechanism_adeaf9d90275e8adbf9d,Mechanism,,cc7addf8ff4efe3409afac8915cc6b8df3283617d08af2da6658e58933736301,,,,,mechanism_adeaf9d90275e8adbf9d,general_price_adjustment,step5_rebind,,,,,,,,,,,,,,,,,step7b_iterB_rulefix,strict_all
Mechanism:mechanism_adf1bdcf9f64a0d1e873,Mechanism,,a90ad1a3b708e8808bab56f3ff9155d788b100ae8fd28a759d636304a9fb6b03,,,,,mechanism_adf1bdcf9f64a0d1e873,tou_pricing,step5_rebind,,,,,,,,,,,,,,,,,step7b_iterB_rulefix,strict_all
Mechanism:mechanism_adf8e329fb2f48f92898,Mechanism,,ee74d273b781a2f2d3b7cdfadfe4c9a63e6e423f10874fba1e3c84a0a1f35295,,,,,mechanism_adf8e329fb2f48f92898,tiered_pricing,step5_rebind,,,,,,,,,,,,,,,,,step7b_iterB_rulefix,strict_all
Mechanism:mechanism_ae11607704da2141194b,Mechanism,,6ca5d9d44b93a3440cc8f24b4feda441563e6841021017b2c5db628a6976c9f5,,,,,mechanism_ae11607704da2141194b,tou_pricing,step5_rebind,,,,,,,,,,,,,,,,,step7b_iterB_rulefix,strict_all
Mechanism:mechanism_af82b4583eb2a08b7990,Mechanism,,7b751605b49132dd141591500721a0a0aeef9413b412efd887a6985a4ada323a,,,,,mechanism_af82b4583eb2a08b7990,technology_route,step5_rebind,,,,,,,,,,,,,,,,,step7b_iterB_rulefix,strict_all
Mechanism:mechanism_af91596153d51bc45ad8,Mechanism,,00a12958eaee9a105dcc89c19bd002fa5ac8761a4154324faee32237e8364fec,,,,,mechanism_af91596153d51bc45ad8,task_assessment,step5_rebind,,,,,,,,,,,,,,,,,step7b_iterB_rulefix,strict_all
Mechanism:mechanism_b00cdd1efa1f7c980608,Mechanism,,0f3400361f4f38388365c57c706fc464f0fa6aee962bdb434173380878f8c94b,,,,,mechanism_b00cdd1efa1f7c980608,task_assessment,step5_rebind,,,,,,,,,,,,,,,,,step7b_iterB_rulefix,strict_all
Mechanism:mechanism_b0521b5a46cdb8cf2611,Mechanism,,231f1eeb573e2b351f92117ef696b8d2077cec456aacd516232f031d673da137,,,,,mechanism_b0521b5a46cdb8cf2611,tiered_pricing,step5_rebind,,,,,,,,,,,,,,,,,step7b_iterB_rulefix,strict_all
Mechanism:mechanism_b0556e06c5481a0385b9,Mechanism,,438c0392b9db32d7f7e7063819ff233da3aefc768abccbae0d8cebcf58748a29,,,,,mechanism_b0556e06c5481a0385b9,task_assessment,step5_rebind,,,,,,,,,,,,,,,,,step7b_iterB_rulefix,strict_all
Mechanism:mechanism_b08c3fe2d2d2c8bb1607,Mechanism,,a69f4fada444fbf3a5477b252309fb00555c6f7cb1797785c73b753cdaf02622,,,,,mechanism_b08c3fe2d2d2c8bb1607,subsidy,step5_rebind,,,,,,,,,,,,,,,,,step7b_iterB_rulefix,strict_all
Mechanism:mechanism_b08cd6bdd629db42a717,Mechanism,,fa8247ce8a15e7fa9b0253eda7960d3595374d0fe35b3c360fc07635c4aac219,,,,,mechanism_b08cd6bdd629db42a717,tou_pricing,step5_rebind,,,,,,,,,,,,,,,,,step7b_iterB_rulefix,strict_all
Mechanism:mechanism_b0d9d409cc67046a7ccb,Mechanism,,ebba22b0a7b7a9a06ccf6dfbe862a330eb615359451c4ccb8bff79fd2d9bd1ad,,,,,mechanism_b0d9d409cc67046a7ccb,task_assessment,step5_rebind,,,,,,,,,,,,,,,,,step7b_iterB_rulefix,strict_all
Mechanism:mechanism_b0fb5ebbb8676453e1f4,Mechanism,,99bfb079cc9a0ac097ce291b686022d6fc947c4ca53f0ca785a04338057cf2cb,,,,,mechanism_b0fb5ebbb8676453e1f4,subsidy,step5_rebind,,,,,,,,,,,,,,,,,step7b_iterB_rulefix,strict_all
Mechanism:mechanism_b179baccd3029b178726,Mechanism,,6618b31ad2d2553801e75f1d42256338782cda332eb141a7fea6466fee1dccfd,,,,,mechanism_b179baccd3029b178726,subsidy,step5_rebind,,,,,,,,,,,,,,,,,step7b_iterB_rulefix,strict_all
Mechanism:mechanism_b23f35eaa14e567dc227,Mechanism,,ebba22b0a7b7a9a06ccf6dfbe862a330eb615359451c4ccb8bff79fd2d9bd1ad,,,,,mechanism_b23f35eaa14e567dc227,task_assessment,step5_rebind,,,,,,,,,,,,,,,,,step7b_iterB_rulefix,strict_all
Mechanism:mechanism_b26d937b1474d1605d80,Mechanism,,3aadd2a404bd555714a18eb3488f76d8c7aecef9b833da8698eff658fb12e0e3,,,,,mechanism_b26d937b1474d1605d80,subsidy,step5_rebind,,,,,,,,,,,,,,,,,step7b_iterB_rulefix,strict_all
Mechanism:mechanism_b2ee6299e27197cf6ab7,Mechanism,,e5086c754f7ebfd84a885046912ad75054fcb20a8134c99886138a57a5d80ab7,,,,,mechanism_b2ee6299e27197cf6ab7,subsidy,step5_rebind,,,,,,,,,,,,,,,,,step7b_iterB_rulefix,strict_all
Mechanism:mechanism_b2f264ae7bed8d36d571,Mechanism,,3c1392fd897f1d095efaa1ae2a1eaa5c0c3df313cd5a9a185aacffe05575b886,,,,,mechanism_b2f264ae7bed8d36d571,subsidy,step5_rebind,,,,,,,,,,,,,,,,,step7b_iterB_rulefix,strict_all
Mechanism:mechanism_b30b52bb7f8f83cba697,Mechanism,,9842b76e12450c90ad9c0680b04217082b8a8fafe2cef53d19367fc9dd8179c2,,,,,mechanism_b30b52bb7f8f83cba697,tou_pricing,step5_rebind,,,,,,,,,,,,,,,,,step7b_iterB_rulefix,strict_all
Mechanism:mechanism_b30b9984003675e38c71,Mechanism,,19b81e147d4c1292e577c2e1ab84419e792b779d8e0a823ba5d99750039e25cd,,,,,mechanism_b30b9984003675e38c71,subsidy,step5_rebind,,,,,,,,,,,,,,,,,step7b_iterB_rulefix,strict_all
Mechanism:mechanism_b36986c2aab1e129f222,Mechanism,,eb659fbcd99dcc85f2745f39faae903578c8a5403a504ed63c81c4ca3987afc3,,,,,mechanism_b36986c2aab1e129f222,task_assessment,step5_rebind,,,,,,,,,,,,,,,,,step7b_iterB_rulefix,strict_all
Mechanism:mechanism_b48d9c107713178084dd,Mechanism,,55486d5eaf1202de357651355eea469df92d887e1b388dd7c1a3fcd9b75286cb,,,,,mechanism_b48d9c107713178084dd,task_assessment,step5_rebind,,,,,,,,,,,,,,,,,step7b_iterB_rulefix,strict_all
Mechanism:mechanism_b524e07a2a55b192eef4,Mechanism,,9842b76e12450c90ad9c0680b04217082b8a8fafe2cef53d19367fc9dd8179c2,,,,,mechanism_b524e07a2a55b192eef4,technology_route,step5_rebind,,,,,,,,,,,,,,,,,step7b_iterB_rulefix,strict_all
Mechanism:mechanism_b53c98b38c9928386bce,Mechanism,,432528cbb25bdbdce8825781b81c73beb96a63f824057f93f5800fc0a512a713,,,,,mechanism_b53c98b38c9928386bce,general_price_adjustment,step5_rebind,,,,,,,,,,,,,,,,,step7b_iterB_rulefix,strict_all
Mechanism:mechanism_b65181ad984a4e5dfdf3,Mechanism,,83348a380b3b3d6a053a6b89707affb993adc6db4dd70aed9d2fc76779e202b5,,,,,mechanism_b65181ad984a4e5dfdf3,subsidy,step5_rebind,,,,,,,,,,,,,,,,,step7b_iterB_rulefix,strict_all
Mechanism:mechanism_b6e3da45258f75e02007,Mechanism,,95f6ba6c18bedd1be1da79aa08a7d72056b883f00acb9c39d5361b880a4dd595,,,,,mechanism_b6e3da45258f75e02007,tiered_pricing,step5_rebind,,,,,,,,,,,,,,,,,step7b_iterB_rulefix,strict_all
Mechanism:mechanism_b74253c6a42ec65c3e27,Mechanism,,53906009b26dbd6a03fc9e0d1e2e8803aaa2f8962a209fca8210d39a5e278d65,,,,,mechanism_b74253c6a42ec65c3e27,tou_pricing,step5_rebind,,,,,,,,,,,,,,,,,step7b_iterB_rulefix,strict_all
Mechanism:mechanism_b78002229fc34f57c1f6,Mechanism,,37057c32932e956503eb1ad05c772ba2cd53e2bba30c2a5b23eb9c15e6a785de,,,,,mechanism_b78002229fc34f57c1f6,tiered_pricing,step5_rebind,,,,,,,,,,,,,,,,,step7b_iterB_rulefix,strict_all
Mechanism:mechanism_b7fc4ccaf8fed1a3174e,Mechanism,,10695560c26cc67b7a3e26b8dbcd7b856b0b17ef49c31ba529efd3caf059a1de,,,,,mechanism_b7fc4ccaf8fed1a3174e,subsidy,step5_rebind,,,,,,,,,,,,,,,,,step7b_iterB_rulefix,strict_all
Mechanism:mechanism_b86c72cbd4913c9cba0d,Mechanism,,37057c32932e956503eb1ad05c772ba2cd53e2bba30c2a5b23eb9c15e6a785de,,,,,mechanism_b86c72cbd4913c9cba0d,tiered_pricing,step5_rebind,,,,,,,,,,,,,,,,,step7b_iterB_rulefix,strict_all
Mechanism:mechanism_b876088018a0efb9bdec,Mechanism,,9b06cc894aac361e91193d1e2d076802b7d20c8895b79245d14a48f8ce5543ce,,,,,mechanism_b876088018a0efb9bdec,tou_pricing,step5_rebind,,,,,,,,,,,,,,,,,step7b_iterB_rulefix,strict_all
Mechanism:mechanism_b87fdd35d17a5da5a8c6,Mechanism,,d31910273230458d2a8e0c7c623aa0f1c45d59d48f0dc7cad99ecb0902267b5d,,,,,mechanism_b87fdd35d17a5da5a8c6,subsidy,step5_rebind,,,,,,,,,,,,,,,,,step7b_iterB_rulefix,strict_all
Mechanism:mechanism_b8c70d831497b8c06aa2,Mechanism,,83348a380b3b3d6a053a6b89707affb993adc6db4dd70aed9d2fc76779e202b5,,,,,mechanism_b8c70d831497b8c06aa2,subsidy,step5_rebind,,,,,,,,,,,,,,,,,step7b_iterB_rulefix,strict_all
Mechanism:mechanism_b8cd8e984568cfddecf7,Mechanism,,13677b49d0d053be96bfcd32cd36eeba7c68f125c6f32cc220322ba98c178bf4,,,,,mechanism_b8cd8e984568cfddecf7,task_assessment,step5_rebind,,,,,,,,,,,,,,,,,step7b_iterB_rulefix,strict_all
Mechanism:mechanism_b916644f63f147af0f17,Mechanism,,6ca5d9d44b93a3440cc8f24b4feda441563e6841021017b2c5db628a6976c9f5,,,,,mechanism_b916644f63f147af0f17,subsidy,step5_rebind,,,,,,,,,,,,,,,,,step7b_iterB_rulefix,strict_all
Mechanism:mechanism_b9bf2fac910190bd47de,Mechanism,,dd9a9eb2e30794eb0e1e14b97aa3b8c9f5e1a04a0f9314704d4ad57223432c5c,,,,,mechanism_b9bf2fac910190bd47de,tou_pricing,step5_rebind,,,,,,,,,,,,,,,,,step7b_iterB_rulefix,strict_all
Mechanism:mechanism_ba113fab235698330be1,Mechanism,,15d322df36604ef5082b3cbb152c1ae45bda6ad3f5d941b024f5371b4210c4d8,,,,,mechanism_ba113fab235698330be1,tou_pricing,step5_rebind,,,,,,,,,,,,,,,,,step7b_iterB_rulefix,strict_all
Mechanism:mechanism_bb423bb678ae0743a3f8,Mechanism,,41eed2fc03a95dc30af898124e00962d37f00dd998abb5da87c6e10e209db169,,,,,mechanism_bb423bb678ae0743a3f8,subsidy,step5_rebind,,,,,,,,,,,,,,,,,step7b_iterB_rulefix,strict_all
Mechanism:mechanism_bbac7ab3609cfc9b0aa4,Mechanism,,4dac8070bab7fdf62958e23b15689a48aa5f7c73b4b06deab4d30f0ce35cda18,,,,,mechanism_bbac7ab3609cfc9b0aa4,tou_pricing,step5_rebind,,,,,,,,,,,,,,,,,step7b_iterB_rulefix,strict_all
Mechanism:mechanism_bc950338f4e8aaa22d6a,Mechanism,,6970500b879273b0b83bb7a489716ace3a254448e313c9392b1c8d699aa8443a,,,,,mechanism_bc950338f4e8aaa22d6a,subsidy,step5_rebind,,,,,,,,,,,,,,,,,step7b_iterB_rulefix,strict_all
Mechanism:mechanism_bd124459ccd898170a90,Mechanism,,e4a700feee24e579d89760a2bb47ebf2eefa038152e667ec8a9da9f29b65dbe0,,,,,mechanism_bd124459ccd898170a90,technology_route,step5_rebind,,,,,,,,,,,,,,,,,step7b_iterB_rulefix,strict_all
Mechanism:mechanism_be0638f92c5ba08a32c4,Mechanism,,f0504aae844e886a34041b00b27979b42a08612c461a8d553797330210658574,,,,,mechanism_be0638f92c5ba08a32c4,task_assessment,step5_rebind,,,,,,,,,,,,,,,,,step7b_iterB_rulefix,strict_all
Mechanism:mechanism_be2c0c53f945425c2a8b,Mechanism,,41eed2fc03a95dc30af898124e00962d37f00dd998abb5da87c6e10e209db169,,,,,mechanism_be2c0c53f945425c2a8b,subsidy,step5_rebind,,,,,,,,,,,,,,,,,step7b_iterB_rulefix,strict_all
Mechanism:mechanism_be3ea57dac8018dfbf70,Mechanism,,19b81e147d4c1292e577c2e1ab84419e792b779d8e0a823ba5d99750039e25cd,,,,,mechanism_be3ea57dac8018dfbf70,subsidy,step5_rebind,,,,,,,,,,,,,,,,,step7b_iterB_rulefix,strict_all
Mechanism:mechanism_be859e5743bc21219b97,Mechanism,,ca0ecafa5d9b0881a307250ed1dfb3f239da064ec327235d5f6bf4b0afde27d8,,,,,mechanism_be859e5743bc21219b97,technology_route,step5_rebind,,,,,,,,,,,,,,,,,step7b_iterB_rulefix,strict_all
Mechanism:mechanism_bf07281c9ceb36f85e71,Mechanism,,3c1392fd897f1d095efaa1ae2a1eaa5c0c3df313cd5a9a185aacffe05575b886,,,,,mechanism_bf07281c9ceb36f85e71,subsidy,step5_rebind,,,,,,,,,,,,,,,,,step7b_iterB_rulefix,strict_all
Mechanism:mechanism_bf2982ebcbf880c48627,Mechanism,,caba957d68aa6af5d167e94c352c8d9f5f96b825d40f347b6718b9d13c8253b4,,,,,mechanism_bf2982ebcbf880c48627,technology_route,step5_rebind,,,,,,,,,,,,,,,,,step7b_iterB_rulefix,strict_all
Mechanism:mechanism_bf2d0a8fb685899df7bb,Mechanism,,58335d90e96cc5b4211b57e5ba68639ec110997e34daf85e547cbcf39bcc1906,,,,,mechanism_bf2d0a8fb685899df7bb,tou_pricing,step5_rebind,,,,,,,,,,,,,,,,,step7b_iterB_rulefix,strict_all
Mechanism:mechanism_bf6f47f9c80ba0e86895,Mechanism,,3aadd2a404bd555714a18eb3488f76d8c7aecef9b833da8698eff658fb12e0e3,,,,,mechanism_bf6f47f9c80ba0e86895,subsidy,step5_rebind,,,,,,,,,,,,,,,,,step7b_iterB_rulefix,strict_all
Mechanism:mechanism_bf90929b3d527d6da52e,Mechanism,,eb659fbcd99dcc85f2745f39faae903578c8a5403a504ed63c81c4ca3987afc3,,,,,mechanism_bf90929b3d527d6da52e,task_assessment,step5_rebind,,,,,,,,,,,,,,,,,step7b_iterB_rulefix,strict_all
Mechanism:mechanism_c07ec90abc95b5e3d032,Mechanism,,6ca5d9d44b93a3440cc8f24b4feda441563e6841021017b2c5db628a6976c9f5,,,,,mechanism_c07ec90abc95b5e3d032,subsidy,step5_rebind,,,,,,,,,,,,,,,,,step7b_iterB_rulefix,strict_all
Mechanism:mechanism_c13f0f3c41ba1294cef1,Mechanism,,d6295fc6d120b2f270803869f63327efa8f7e3ea98515eb80da25abd977ff9f6,,,,,mechanism_c13f0f3c41ba1294cef1,task_assessment,step5_rebind,,,,,,,,,,,,,,,,,step7b_iterB_rulefix,strict_all
Mechanism:mechanism_c155c66414fbbfaacad4,Mechanism,,46aeda327382be20c6e9193f467559190ede76fd4a1139b73f56b328478ca8ca,,,,,mechanism_c155c66414fbbfaacad4,technology_route,step5_rebind,,,,,,,,,,,,,,,,,step7b_iterB_rulefix,strict_all
Mechanism:mechanism_c1af81c8290dc353e2ab,Mechanism,,60a8d6c66d757ef90db55edf809fb9816c710a1021f9df39aba80b9949b9a6f7,,,,,mechanism_c1af81c8290dc353e2ab,technology_route,step5_rebind,,,,,,,,,,,,,,,,,step7b_iterB_rulefix,strict_all
Mechanism:mechanism_c1da66b13adec09435aa,Mechanism,,8293b970f4e2ac1c39653b3e5937d089fbcd1b69315da4d962c2e805f3a1ca2e,,,,,mechanism_c1da66b13adec09435aa,tiered_pricing,step5_rebind,,,,,,,,,,,,,,,,,step7b_iterB_rulefix,strict_all
Mechanism:mechanism_c236884c358ed1f89ef9,Mechanism,,c32ed07b1f8848d45dcf196616c7064ebdf5a10f0ce328b277c662ee5197f29b,,,,,mechanism_c236884c358ed1f89ef9,subsidy,step5_rebind,,,,,,,,,,,,,,,,,step7b_iterB_rulefix,strict_all
Mechanism:mechanism_c28105b562f5ec483715,Mechanism,,6ca5d9d44b93a3440cc8f24b4feda441563e6841021017b2c5db628a6976c9f5,,,,,mechanism_c28105b562f5ec483715,subsidy,step5_rebind,,,,,,,,,,,,,,,,,step7b_iterB_rulefix,strict_all
Mechanism:mechanism_c2e0fad79ba020bd9a80,Mechanism,,ad8d0971d97051367bf7e78a6885dd89b83772d35f94aaff8c56c77398caa167,,,,,mechanism_c2e0fad79ba020bd9a80,subsidy,step5_rebind,,,,,,,,,,,,,,,,,step7b_iterB_rulefix,strict_all
Mechanism:mechanism_c3420540a40054b0e4bf,Mechanism,,bd51cc43b481bc63bc7d269674f0a2f4518f280c59a782356bbaab35e7c9725c,,,,,mechanism_c3420540a40054b0e4bf,tiered_pricing,step5_rebind,,,,,,,,,,,,,,,,,step7b_iterB_rulefix,strict_all
Mechanism:mechanism_c3b92f0ffb0c9ed9f355,Mechanism,,632c503920a67e010e21ba8cc1bfddfd101d9f4a5981b038ab8e365c65c57b08,,,,,mechanism_c3b92f0ffb0c9ed9f355,general_price_adjustment,step5_rebind,,,,,,,,,,,,,,,,,step7b_iterB_rulefix,strict_all
Mechanism:mechanism_c43ceb52600f6d3eb526,Mechanism,,3c1392fd897f1d095efaa1ae2a1eaa5c0c3df313cd5a9a185aacffe05575b886,,,,,mechanism_c43ceb52600f6d3eb526,technology_route,step5_rebind,,,,,,,,,,,,,,,,,step7b_iterB_rulefix,strict_all
Mechanism:mechanism_c494352133f4b2a710bb,Mechanism,,ee74d273b781a2f2d3b7cdfadfe4c9a63e6e423f10874fba1e3c84a0a1f35295,,,,,mechanism_c494352133f4b2a710bb,tiered_pricing,step5_rebind,,,,,,,,,,,,,,,,,step7b_iterB_rulefix,strict_all
Mechanism:mechanism_c4ffda471e1df4d27fc6,Mechanism,,8e6fda04dc4cc2a5dabc23280052ecf857f10f0630620fa83d268a2bad0818f2,,,,,mechanism_c4ffda471e1df4d27fc6,tou_pricing,step5_rebind,,,,,,,,,,,,,,,,,step7b_iterB_rulefix,strict_all
Mechanism:mechanism_c66413a3cfb222b5236c,Mechanism,,3c1392fd897f1d095efaa1ae2a1eaa5c0c3df313cd5a9a185aacffe05575b886,,,,,mechanism_c66413a3cfb222b5236c,subsidy,step5_rebind,,,,,,,,,,,,,,,,,step7b_iterB_rulefix,strict_all
Mechanism:mechanism_c7450bdd9c4e58bb814e,Mechanism,,6970500b879273b0b83bb7a489716ace3a254448e313c9392b1c8d699aa8443a,,,,,mechanism_c7450bdd9c4e58bb814e,subsidy,step5_rebind,,,,,,,,,,,,,,,,,step7b_iterB_rulefix,strict_all
Mechanism:mechanism_c75d27f3a6422d368132,Mechanism,,ca0ecafa5d9b0881a307250ed1dfb3f239da064ec327235d5f6bf4b0afde27d8,,,,,mechanism_c75d27f3a6422d368132,technology_route,step5_rebind,,,,,,,,,,,,,,,,,step7b_iterB_rulefix,strict_all
Mechanism:mechanism_c78ec660b1b0ad33d3c7,Mechanism,,1fa29c73a41d6d62bb74e065c64724a1eb5075621c22e96288682d2c4c141f5d,,,,,mechanism_c78ec660b1b0ad33d3c7,tou_pricing,step5_rebind,,,,,,,,,,,,,,,,,step7b_iterB_rulefix,strict_all
Mechanism:mechanism_c7ee0ec5085a084d0415,Mechanism,,c2ce66de36909532e26911cf9b98d757038c277f798c2df1d78f1637f74e4b2a,,,,,mechanism_c7ee0ec5085a084d0415,subsidy,step5_rebind,,,,,,,,,,,,,,,,,step7b_iterB_rulefix,strict_all
Mechanism:mechanism_c7fe316e00abd82c368d,Mechanism,,a90ad1a3b708e8808bab56f3ff9155d788b100ae8fd28a759d636304a9fb6b03,,,,,mechanism_c7fe316e00abd82c368d,tou_pricing,step5_rebind,,,,,,,,,,,,,,,,,step7b_iterB_rulefix,strict_all
Mechanism:mechanism_c8004da1769625374429,Mechanism,,0463f8ab2dc0e54e2fd506618b80ede13670db6650cb659109835a35687dc141,,,,,mechanism_c8004da1769625374429,subsidy,step5_rebind,,,,,,,,,,,,,,,,,step7b_iterB_rulefix,strict_all
Mechanism:mechanism_c83b8b93e9e72264bd45,Mechanism,,ed8cc5a65243c7c4e501d0065c05b5a0ab4c246ad2d6f331536102d7f3291709,,,,,mechanism_c83b8b93e9e72264bd45,technology_route,step5_rebind,,,,,,,,,,,,,,,,,step7b_iterB_rulefix,strict_all
Mechanism:mechanism_c8ac1d2abe974aac7d66,Mechanism,,15d322df36604ef5082b3cbb152c1ae45bda6ad3f5d941b024f5371b4210c4d8,,,,,mechanism_c8ac1d2abe974aac7d66,tou_pricing,step5_rebind,,,,,,,,,,,,,,,,,step7b_iterB_rulefix,strict_all
Mechanism:mechanism_c93d7bc48ad9f36ebc97,Mechanism,,18aede9bc4a893e4dc4dcc46a9c6800761d8d391b46ad5d676d183b8aebaa183,,,,,mechanism_c93d7bc48ad9f36ebc97,general_price_adjustment,step5_rebind,,,,,,,,,,,,,,,,,step7b_iterB_rulefix,strict_all
Mechanism:mechanism_c9ac4e94fda2ab7982f4,Mechanism,,bd9a5debe3e285290408196ff9a61cc7d1acd325eab100746bcd7562b196b7dd,,,,,mechanism_c9ac4e94fda2ab7982f4,task_assessment,step5_rebind,,,,,,,,,,,,,,,,,step7b_iterB_rulefix,strict_all
Mechanism:mechanism_c9bebc8ee69a48286f79,Mechanism,,bd51cc43b481bc63bc7d269674f0a2f4518f280c59a782356bbaab35e7c9725c,,,,,mechanism_c9bebc8ee69a48286f79,general_price_adjustment,step5_rebind,,,,,,,,,,,,,,,,,step7b_iterB_rulefix,strict_all
Mechanism:mechanism_ca38d77e2947735020de,Mechanism,,8293b970f4e2ac1c39653b3e5937d089fbcd1b69315da4d962c2e805f3a1ca2e,,,,,mechanism_ca38d77e2947735020de,tiered_pricing,step5_rebind,,,,,,,,,,,,,,,,,step7b_iterB_rulefix,strict_all
Mechanism:mechanism_ca966b63de74e3beac10,Mechanism,,68cf8b47055553fd101877102c4de7301c148b4dfe2101a20a960809ffb02d3e,,,,,mechanism_ca966b63de74e3beac10,subsidy,step5_rebind,,,,,,,,,,,,,,,,,step7b_iterB_rulefix,strict_all
Mechanism:mechanism_caf6824749b86df7d7ea,Mechanism,,6c3f38914bf7d624cb58e0b3fc02c0ffc21ee712e07549dd930cb57858df5ee7,,,,,mechanism_caf6824749b86df7d7ea,technology_route,step5_rebind,,,,,,,,,,,,,,,,,step7b_iterB_rulefix,strict_all
Mechanism:mechanism_caf8f7147d22261c35ed,Mechanism,,bd9a5debe3e285290408196ff9a61cc7d1acd325eab100746bcd7562b196b7dd,,,,,mechanism_caf8f7147d22261c35ed,subsidy,step5_rebind,,,,,,,,,,,,,,,,,step7b_iterB_rulefix,strict_all
Mechanism:mechanism_cb0597e33b521c7e30c7,Mechanism,,8ef9c7da6345158c1bdde2870ce06ba13dba085fbeb6e9018927491cf218225c,,,,,mechanism_cb0597e33b521c7e30c7,tou_pricing,step5_rebind,,,,,,,,,,,,,,,,,step7b_iterB_rulefix,strict_all
Mechanism:mechanism_cbedd9473edad25230f5,Mechanism,,2f9184a72b1488e94b2de32d7d9489e5d523b09268cd7142f059723054a93828,,,,,mechanism_cbedd9473edad25230f5,tou_pricing,step5_rebind,,,,,,,,,,,,,,,,,step7b_iterB_rulefix,strict_all
Mechanism:mechanism_cc41c75ed5e94e77386a,Mechanism,,643e29ea09bd03d627a82c72ebc4402207e81fb7b9a7b30dd3af1b538f662166,,,,,mechanism_cc41c75ed5e94e77386a,technology_route,step5_rebind,,,,,,,,,,,,,,,,,step7b_iterB_rulefix,strict_all
Mechanism:mechanism_cc43f1acb5557dbd7806,Mechanism,,6cb18e49eef7e01ce34c704b30e6ccb4c6e2697977a292460da68fe51b13ae6d,,,,,mechanism_cc43f1acb5557dbd7806,subsidy,step5_rebind,,,,,,,,,,,,,,,,,step7b_iterB_rulefix,strict_all
Mechanism:mechanism_cc5148f458d9cd9ed23c,Mechanism,,509a0ad904c063d5cf05fca6cbf14e771fafd94288045c9c2d767dc19ec43ab5,,,,,mechanism_cc5148f458d9cd9ed23c,tou_pricing,step5_rebind,,,,,,,,,,,,,,,,,step7b_iterB_rulefix,strict_all
Mechanism:mechanism_cd5b1108305889b62123,Mechanism,,8e6fda04dc4cc2a5dabc23280052ecf857f10f0630620fa83d268a2bad0818f2,,,,,mechanism_cd5b1108305889b62123,tou_pricing,step5_rebind,,,,,,,,,,,,,,,,,step7b_iterB_rulefix,strict_all
Mechanism:mechanism_cd5f98861a494921959b,Mechanism,,83348a380b3b3d6a053a6b89707affb993adc6db4dd70aed9d2fc76779e202b5,,,,,mechanism_cd5f98861a494921959b,task_assessment,step5_rebind,,,,,,,,,,,,,,,,,step7b_iterB_rulefix,strict_all
Mechanism:mechanism_cd90cf8e284f62eab6ae,Mechanism,,58335d90e96cc5b4211b57e5ba68639ec110997e34daf85e547cbcf39bcc1906,,,,,mechanism_cd90cf8e284f62eab6ae,tou_pricing,step5_rebind,,,,,,,,,,,,,,,,,step7b_iterB_rulefix,strict_all
Mechanism:mechanism_cd91b75620370d05b9de,Mechanism,,46aeda327382be20c6e9193f467559190ede76fd4a1139b73f56b328478ca8ca,,,,,mechanism_cd91b75620370d05b9de,technology_route,step5_rebind,,,,,,,,,,,,,,,,,step7b_iterB_rulefix,strict_all
Mechanism:mechanism_ce4356a67d4f536b5f52,Mechanism,,6618b31ad2d2553801e75f1d42256338782cda332eb141a7fea6466fee1dccfd,,,,,mechanism_ce4356a67d4f536b5f52,subsidy,step5_rebind,,,,,,,,,,,,,,,,,step7b_iterB_rulefix,strict_all
Mechanism:mechanism_cea9ad65c1e3037a40b7,Mechanism,,917e89c9d28f08e37543fdcddbf99ba7c272516ee6b3ca3536d685ecfe8c86f0,,,,,mechanism_cea9ad65c1e3037a40b7,subsidy,step5_rebind,,,,,,,,,,,,,,,,,step7b_iterB_rulefix,strict_all
Mechanism:mechanism_ceb642f34c4f636919c6,Mechanism,,24861df413989ac11a6eb6a6a0d66fa30719c994005c9700a71e869271450a8e,,,,,mechanism_ceb642f34c4f636919c6,tou_pricing,step5_rebind,,,,,,,,,,,,,,,,,step7b_iterB_rulefix,strict_all
Mechanism:mechanism_cecb1bf20050e24b084a,Mechanism,,b6ac32394452c6d0ae0c24d7fb0f3da37e1c69cccd0cb1261cfbe06d98960bfe,,,,,mechanism_cecb1bf20050e24b084a,subsidy,step5_rebind,,,,,,,,,,,,,,,,,step7b_iterB_rulefix,strict_all
Mechanism:mechanism_cf1d3c41b1a4a65c440f,Mechanism,,7a29f52e1059b42ef81433d215f1c22c31c3949674d53979a4d2d151a5bb6cee,,,,,mechanism_cf1d3c41b1a4a65c440f,general_price_adjustment,step5_rebind,,,,,,,,,,,,,,,,,step7b_iterB_rulefix,strict_all
Mechanism:mechanism_cf39fdfa1564950bf413,Mechanism,,b5738e1db12f50b7e6a3416bacdba11f06c5373d2cb3d80d31a90bdf09b3ddb1,,,,,mechanism_cf39fdfa1564950bf413,tou_pricing,step5_rebind,,,,,,,,,,,,,,,,,step7b_iterB_rulefix,strict_all
Mechanism:mechanism_cfcc42417bf83b98be55,Mechanism,,264f74e1e9077c0e94590da482db92ebc125f4c14559852d89ad14b209d7e41f,,,,,mechanism_cfcc42417bf83b98be55,subsidy,step5_rebind,,,,,,,,,,,,,,,,,step7b_iterB_rulefix,strict_all
Mechanism:mechanism_d0685125fda122700d47,Mechanism,,a63aaa1b99aae78cd58b5beb8c271e538c4b10b43ff4aff7312d6e081dd79eed,,,,,mechanism_d0685125fda122700d47,subsidy,step5_rebind,,,,,,,,,,,,,,,,,step7b_iterB_rulefix,strict_all
Mechanism:mechanism_d0d5304bb9d580767832,Mechanism,,10695560c26cc67b7a3e26b8dbcd7b856b0b17ef49c31ba529efd3caf059a1de,,,,,mechanism_d0d5304bb9d580767832,tou_pricing,step5_rebind,,,,,,,,,,,,,,,,,step7b_iterB_rulefix,strict_all
Mechanism:mechanism_d191c73d0f049e06a1f6,Mechanism,,3c1392fd897f1d095efaa1ae2a1eaa5c0c3df313cd5a9a185aacffe05575b886,,,,,mechanism_d191c73d0f049e06a1f6,subsidy,step5_rebind,,,,,,,,,,,,,,,,,step7b_iterB_rulefix,strict_all
Mechanism:mechanism_d19ef0717a35180dac16,Mechanism,,194967a19fd4314cba42620eb15e046479532e091b0d5d6272bac1743b6debfe,,,,,mechanism_d19ef0717a35180dac16,technology_route,step5_rebind,,,,,,,,,,,,,,,,,step7b_iterB_rulefix,strict_all
Mechanism:mechanism_d1bae670c17508b841c6,Mechanism,,eb659fbcd99dcc85f2745f39faae903578c8a5403a504ed63c81c4ca3987afc3,,,,,mechanism_d1bae670c17508b841c6,task_assessment,step5_rebind,,,,,,,,,,,,,,,,,step7b_iterB_rulefix,strict_all
Mechanism:mechanism_d25db26dbaf495e43d1a,Mechanism,,13677b49d0d053be96bfcd32cd36eeba7c68f125c6f32cc220322ba98c178bf4,,,,,mechanism_d25db26dbaf495e43d1a,task_assessment,step5_rebind,,,,,,,,,,,,,,,,,step7b_iterB_rulefix,strict_all
Mechanism:mechanism_d26be46cbc63ad9a2f89,Mechanism,,59fb420eead4837faf2f90b58927c9c874cd61e9cfbcb91d127cfeeb50f5be76,,,,,mechanism_d26be46cbc63ad9a2f89,task_assessment,step5_rebind,,,,,,,,,,,,,,,,,step7b_iterB_rulefix,strict_all
Mechanism:mechanism_d30a691a413325105b86,Mechanism,,7e1dff3ee78977bc7e5f87b686fc7b8ccf4f78bd15144d2fd3f7c60c48ec3209,,,,,mechanism_d30a691a413325105b86,tou_pricing,step5_rebind,,,,,,,,,,,,,,,,,step7b_iterB_rulefix,strict_all
Mechanism:mechanism_d31a5e005f7f9faefa7a,Mechanism,,ee74d273b781a2f2d3b7cdfadfe4c9a63e6e423f10874fba1e3c84a0a1f35295,,,,,mechanism_d31a5e005f7f9faefa7a,tiered_pricing,step5_rebind,,,,,,,,,,,,,,,,,step7b_iterB_rulefix,strict_all
Mechanism:mechanism_d37250f8b1d35c395b16,Mechanism,,59fb420eead4837faf2f90b58927c9c874cd61e9cfbcb91d127cfeeb50f5be76,,,,,mechanism_d37250f8b1d35c395b16,task_assessment,step5_rebind,,,,,,,,,,,,,,,,,step7b_iterB_rulefix,strict_all
Mechanism:mechanism_d3d285aa29f810fb8a97,Mechanism,,88741f01ecfe3abf37bb1d0d44c17bad4304be617de9deefdeb893a60fd9290e,,,,,mechanism_d3d285aa29f810fb8a97,task_assessment,step5_rebind,,,,,,,,,,,,,,,,,step7b_iterB_rulefix,strict_all
Mechanism:mechanism_d623da637647de6e2a79,Mechanism,,f8c4fb0263c1210088bbd510f8af1d01facfaac347c1633daea0ff54339aae1d,,,,,mechanism_d623da637647de6e2a79,tiered_pricing,step5_rebind,,,,,,,,,,,,,,,,,step7b_iterB_rulefix,strict_all
Mechanism:mechanism_d68328c7cd19852cd467,Mechanism,,75110d78adc122e8ba1872f733ac9249dc4c04b15561a0470a6fe757f54a20ab,,,,,mechanism_d68328c7cd19852cd467,tiered_pricing,step5_rebind,,,,,,,,,,,,,,,,,step7b_iterB_rulefix,strict_all
Mechanism:mechanism_d6cb69c0fb641ecba74d,Mechanism,,cb0c5b8b05cfdf3cf5e27c0081d86b7f45c5f12b09a9fa3f2da332bc102a849b,,,,,mechanism_d6cb69c0fb641ecba74d,tou_pricing,step5_rebind,,,,,,,,,,,,,,,,,step7b_iterB_rulefix,strict_all
Mechanism:mechanism_d6f16622f7c0be0c30ac,Mechanism,,e5086c754f7ebfd84a885046912ad75054fcb20a8134c99886138a57a5d80ab7,,,,,mechanism_d6f16622f7c0be0c30ac,subsidy,step5_rebind,,,,,,,,,,,,,,,,,step7b_iterB_rulefix,strict_all
Mechanism:mechanism_d77a374a1cea21a2dcea,Mechanism,,a63aaa1b99aae78cd58b5beb8c271e538c4b10b43ff4aff7312d6e081dd79eed,,,,,mechanism_d77a374a1cea21a2dcea,subsidy,step5_rebind,,,,,,,,,,,,,,,,,step7b_iterB_rulefix,strict_all
Mechanism:mechanism_d77e45865a88b337990c,Mechanism,,9842b76e12450c90ad9c0680b04217082b8a8fafe2cef53d19367fc9dd8179c2,,,,,mechanism_d77e45865a88b337990c,subsidy,step5_rebind,,,,,,,,,,,,,,,,,step7b_iterB_rulefix,strict_all
Mechanism:mechanism_d799f1a0f9b26b3791d8,Mechanism,,6970500b879273b0b83bb7a489716ace3a254448e313c9392b1c8d699aa8443a,,,,,mechanism_d799f1a0f9b26b3791d8,subsidy,step5_rebind,,,,,,,,,,,,,,,,,step7b_iterB_rulefix,strict_all
Mechanism:mechanism_d83fd96b9b6e54c2e6d8,Mechanism,,10695560c26cc67b7a3e26b8dbcd7b856b0b17ef49c31ba529efd3caf059a1de,,,,,mechanism_d83fd96b9b6e54c2e6d8,subsidy,step5_rebind,,,,,,,,,,,,,,,,,step7b_iterB_rulefix,strict_all
Mechanism:mechanism_d86c1d404e03ecb952b6,Mechanism,,99dce90179e84c5da237d3a228a84ba994f4c04a9a167533654c0cfcdc8d9686,,,,,mechanism_d86c1d404e03ecb952b6,subsidy,step5_rebind,,,,,,,,,,,,,,,,,step7b_iterB_rulefix,strict_all
Mechanism:mechanism_d88491b8ab61dc9d95d8,Mechanism,,9b573a30294f2b87e5bc8a1733dc8154869687fb42b7fbcbc23dc1cf3c74f11b,,,,,mechanism_d88491b8ab61dc9d95d8,subsidy,step5_rebind,,,,,,,,,,,,,,,,,step7b_iterB_rulefix,strict_all
Mechanism:mechanism_d8c87fda618976b06c3a,Mechanism,,b5738e1db12f50b7e6a3416bacdba11f06c5373d2cb3d80d31a90bdf09b3ddb1,,,,,mechanism_d8c87fda618976b06c3a,tou_pricing,step5_rebind,,,,,,,,,,,,,,,,,step7b_iterB_rulefix,strict_all
Mechanism:mechanism_d9025541b61d9e22213c,Mechanism,,9634a7cefdb8a7018741e8ef683bb7b815f1dbc1d60d42350574f3dd240e55b7,,,,,mechanism_d9025541b61d9e22213c,task_assessment,step5_rebind,,,,,,,,,,,,,,,,,step7b_iterB_rulefix,strict_all
Mechanism:mechanism_da927f7f624784229bcb,Mechanism,,a90ad1a3b708e8808bab56f3ff9155d788b100ae8fd28a759d636304a9fb6b03,,,,,mechanism_da927f7f624784229bcb,general_price_adjustment,step5_rebind,,,,,,,,,,,,,,,,,step7b_iterB_rulefix,strict_all
Mechanism:mechanism_dc76d24868352d4e7fe2,Mechanism,,eb659fbcd99dcc85f2745f39faae903578c8a5403a504ed63c81c4ca3987afc3,,,,,mechanism_dc76d24868352d4e7fe2,task_assessment,step5_rebind,,,,,,,,,,,,,,,,,step7b_iterB_rulefix,strict_all
Mechanism:mechanism_dd23d5104ee9b04725f1,Mechanism,,59fb420eead4837faf2f90b58927c9c874cd61e9cfbcb91d127cfeeb50f5be76,,,,,mechanism_dd23d5104ee9b04725f1,task_assessment,step5_rebind,,,,,,,,,,,,,,,,,step7b_iterB_rulefix,strict_all
Mechanism:mechanism_dd9e169109fd66cb3306,Mechanism,,67bb80e9af349ffd1cfa1abcf8a9a811c986f1fc171c93e1f60ce3232981e99c,,,,,mechanism_dd9e169109fd66cb3306,subsidy,step5_rebind,,,,,,,,,,,,,,,,,step7b_iterB_rulefix,strict_all
Mechanism:mechanism_de71bb4670745ef7e54c,Mechanism,,13677b49d0d053be96bfcd32cd36eeba7c68f125c6f32cc220322ba98c178bf4,,,,,mechanism_de71bb4670745ef7e54c,task_assessment,step5_rebind,,,,,,,,,,,,,,,,,step7b_iterB_rulefix,strict_all
Mechanism:mechanism_df1a779e951b836299b8,Mechanism,,34de2093bea75d704c113e23bf49b9018637efa1841e90bf224a6566684fd8df,,,,,mechanism_df1a779e951b836299b8,technology_route,step5_rebind,,,,,,,,,,,,,,,,,step7b_iterB_rulefix,strict_all
Mechanism:mechanism_df529820b4a7e9f7c7e5,Mechanism,,53fc822864624a590cef5b5fa21ff00698716adde9cef0962459c0216e2b8855,,,,,mechanism_df529820b4a7e9f7c7e5,task_assessment,step5_rebind,,,,,,,,,,,,,,,,,step7b_iterB_rulefix,strict_all
Mechanism:mechanism_df633361c679542389ec,Mechanism,,41eed2fc03a95dc30af898124e00962d37f00dd998abb5da87c6e10e209db169,,,,,mechanism_df633361c679542389ec,tou_pricing,step5_rebind,,,,,,,,,,,,,,,,,step7b_iterB_rulefix,strict_all
Mechanism:mechanism_df8478e08ab9f9a85f18,Mechanism,,41eed2fc03a95dc30af898124e00962d37f00dd998abb5da87c6e10e209db169,,,,,mechanism_df8478e08ab9f9a85f18,subsidy,step5_rebind,,,,,,,,,,,,,,,,,step7b_iterB_rulefix,strict_all
Mechanism:mechanism_e047fa65e6fe6e857584,Mechanism,,ec04d88813b018d570d36f88e39cafafcdea9a884900156145f7f25c3149ea28,,,,,mechanism_e047fa65e6fe6e857584,tou_pricing,step5_rebind,,,,,,,,,,,,,,,,,step7b_iterB_rulefix,strict_all
Mechanism:mechanism_e090c603e1b6d1ad686c,Mechanism,,2f9184a72b1488e94b2de32d7d9489e5d523b09268cd7142f059723054a93828,,,,,mechanism_e090c603e1b6d1ad686c,tou_pricing,step5_rebind,,,,,,,,,,,,,,,,,step7b_iterB_rulefix,strict_all
Mechanism:mechanism_e1194316fbf0bc2349bc,Mechanism,,17b169c01d0fd11691f3014066bc982e9d5aae3ef301b3d897d2a4b986dac45b,,,,,mechanism_e1194316fbf0bc2349bc,subsidy,step5_rebind,,,,,,,,,,,,,,,,,step7b_iterB_rulefix,strict_all
Mechanism:mechanism_e14bfc0f4d70069224c5,Mechanism,,f9e04639c4debca4ed9f462f2bcd047446a5ac515e9037c7aa504a0cb62c9f85,,,,,mechanism_e14bfc0f4d70069224c5,subsidy,step5_rebind,,,,,,,,,,,,,,,,,step7b_iterB_rulefix,strict_all
Mechanism:mechanism_e1502cd58390969a8652,Mechanism,,9f3a13c9638cc5c7deb8ecad47f6052f7b19aa02e4514ce8b2b5376c00e60c86,,,,,mechanism_e1502cd58390969a8652,tiered_pricing,step5_rebind,,,,,,,,,,,,,,,,,step7b_iterB_rulefix,strict_all
Mechanism:mechanism_e1725af27cf06cba3a83,Mechanism,,d479f59c3df77e187d3a3a8a4877de755cc807cec98902c65e1b4523c97334f6,,,,,mechanism_e1725af27cf06cba3a83,technology_route,step5_rebind,,,,,,,,,,,,,,,,,step7b_iterB_rulefix,strict_all
Mechanism:mechanism_e17accc3e828aad00c7c,Mechanism,,15d322df36604ef5082b3cbb152c1ae45bda6ad3f5d941b024f5371b4210c4d8,,,,,mechanism_e17accc3e828aad00c7c,tou_pricing,step5_rebind,,,,,,,,,,,,,,,,,step7b_iterB_rulefix,strict_all
Mechanism:mechanism_e1d686b29b119387c11d,Mechanism,,e96954454202c06919fb26233a2f5743477ff62fe26d6f194b805da4176b5fcb,,,,,mechanism_e1d686b29b119387c11d,tiered_pricing,step5_rebind,,,,,,,,,,,,,,,,,step7b_iterB_rulefix,strict_all
Mechanism:mechanism_e1e065b48e96234df2b9,Mechanism,,f8c4fb0263c1210088bbd510f8af1d01facfaac347c1633daea0ff54339aae1d,,,,,mechanism_e1e065b48e96234df2b9,tiered_pricing,step5_rebind,,,,,,,,,,,,,,,,,step7b_iterB_rulefix,strict_all
Mechanism:mechanism_e26f42f7c1a1b4f02af4,Mechanism,,59fb420eead4837faf2f90b58927c9c874cd61e9cfbcb91d127cfeeb50f5be76,,,,,mechanism_e26f42f7c1a1b4f02af4,task_assessment,step5_rebind,,,,,,,,,,,,,,,,,step7b_iterB_rulefix,strict_all
Mechanism:mechanism_e29ccea0913b3b60b4fa,Mechanism,,4d9e424e89d20d90f83d0086d46ae685d20198da6a5b716333623c8288b3d66e,,,,,mechanism_e29ccea0913b3b60b4fa,tou_pricing,step5_rebind,,,,,,,,,,,,,,,,,step7b_iterB_rulefix,strict_all
Mechanism:mechanism_e2bca99581b76b3f4780,Mechanism,,caf6cea05c2383ef47c5578fbf1392dfbf0ec0b4fbdc53de67e6f1d3bd2062fc,,,,,mechanism_e2bca99581b76b3f4780,tou_pricing,step5_rebind,,,,,,,,,,,,,,,,,step7b_iterB_rulefix,strict_all
Mechanism:mechanism_e3069941459be57a8937,Mechanism,,9b06cc894aac361e91193d1e2d076802b7d20c8895b79245d14a48f8ce5543ce,,,,,mechanism_e3069941459be57a8937,tou_pricing,step5_rebind,,,,,,,,,,,,,,,,,step7b_iterB_rulefix,strict_all
Mechanism:mechanism_e3514157eb6c69a15b93,Mechanism,,5d785886820a3ef835d86f0d4c5e3aedb76c51572c87d6f5228dd8e042fa93a4,,,,,mechanism_e3514157eb6c69a15b93,tou_pricing,step5_rebind,,,,,,,,,,,,,,,,,step7b_iterB_rulefix,strict_all
Mechanism:mechanism_e35b61e68cf433b568dc,Mechanism,,2ece22a4f07f639ee9f6b14d9a999b5ec8ce9a982e248ec2c4350d49c32a2ec3,,,,,mechanism_e35b61e68cf433b568dc,tiered_pricing,step5_rebind,,,,,,,,,,,,,,,,,step7b_iterB_rulefix,strict_all
Mechanism:mechanism_e35d9c602f4df192c7cc,Mechanism,,6970500b879273b0b83bb7a489716ace3a254448e313c9392b1c8d699aa8443a,,,,,mechanism_e35d9c602f4df192c7cc,subsidy,step5_rebind,,,,,,,,,,,,,,,,,step7b_iterB_rulefix,strict_all
Mechanism:mechanism_e3a263095fb55ce715f0,Mechanism,,8892852e8071ae32c3725e87e81968070485fe999feb530a747dad8a040341e0,,,,,mechanism_e3a263095fb55ce715f0,subsidy,step5_rebind,,,,,,,,,,,,,,,,,step7b_iterB_rulefix,strict_all
Mechanism:mechanism_e3c2629c946e70cd1fe8,Mechanism,,e96954454202c06919fb26233a2f5743477ff62fe26d6f194b805da4176b5fcb,,,,,mechanism_e3c2629c946e70cd1fe8,tiered_pricing,step5_rebind,,,,,,,,,,,,,,,,,step7b_iterB_rulefix,strict_all
Mechanism:mechanism_e41061b51c64b5a0bf77,Mechanism,,9b573a30294f2b87e5bc8a1733dc8154869687fb42b7fbcbc23dc1cf3c74f11b,,,,,mechanism_e41061b51c64b5a0bf77,subsidy,step5_rebind,,,,,,,,,,,,,,,,,step7b_iterB_rulefix,strict_all
Mechanism:mechanism_e449bc6ec729f7dcca17,Mechanism,,2ece22a4f07f639ee9f6b14d9a999b5ec8ce9a982e248ec2c4350d49c32a2ec3,,,,,mechanism_e449bc6ec729f7dcca17,tiered_pricing,step5_rebind,,,,,,,,,,,,,,,,,step7b_iterB_rulefix,strict_all
Mechanism:mechanism_e470e409ee7ffd54a059,Mechanism,,872f329b829fabeae485580e6ea8ffc598cb678cf546ae789f8ed60a40bf8ae6,,,,,mechanism_e470e409ee7ffd54a059,tiered_pricing,step5_rebind,,,,,,,,,,,,,,,,,step7b_iterB_rulefix,strict_all
Mechanism:mechanism_e4a3b4f3094e03f765f3,Mechanism,,6970500b879273b0b83bb7a489716ace3a254448e313c9392b1c8d699aa8443a,,,,,mechanism_e4a3b4f3094e03f765f3,subsidy,step5_rebind,,,,,,,,,,,,,,,,,step7b_iterB_rulefix,strict_all
Mechanism:mechanism_e4f504f9ee2d0800a07f,Mechanism,,881491ec6e32e0e2abc98ea7df793609e0167cc5202791da22a326af5e787a2c,,,,,mechanism_e4f504f9ee2d0800a07f,task_assessment,step5_rebind,,,,,,,,,,,,,,,,,step7b_iterB_rulefix,strict_all
Mechanism:mechanism_e55275c27c1c784171b6,Mechanism,,9634a7cefdb8a7018741e8ef683bb7b815f1dbc1d60d42350574f3dd240e55b7,,,,,mechanism_e55275c27c1c784171b6,task_assessment,step5_rebind,,,,,,,,,,,,,,,,,step7b_iterB_rulefix,strict_all
Mechanism:mechanism_e643f3633af0c69e0d6b,Mechanism,,7e1dff3ee78977bc7e5f87b686fc7b8ccf4f78bd15144d2fd3f7c60c48ec3209,,,,,mechanism_e643f3633af0c69e0d6b,tou_pricing,step5_rebind,,,,,,,,,,,,,,,,,step7b_iterB_rulefix,strict_all
Mechanism:mechanism_e78611b7545cd32d78c3,Mechanism,,632c503920a67e010e21ba8cc1bfddfd101d9f4a5981b038ab8e365c65c57b08,,,,,mechanism_e78611b7545cd32d78c3,tiered_pricing,step5_rebind,,,,,,,,,,,,,,,,,step7b_iterB_rulefix,strict_all
Mechanism:mechanism_e79bb87e4665949ac25d,Mechanism,,00aa3b5579d7b292246153a21cbd53b536f7fc939e95a82707452ad51d14dd7e,,,,,mechanism_e79bb87e4665949ac25d,task_assessment,step5_rebind,,,,,,,,,,,,,,,,,step7b_iterB_rulefix,strict_all
Mechanism:mechanism_e80375938d49cfbb1755,Mechanism,,917e89c9d28f08e37543fdcddbf99ba7c272516ee6b3ca3536d685ecfe8c86f0,,,,,mechanism_e80375938d49cfbb1755,subsidy,step5_rebind,,,,,,,,,,,,,,,,,step7b_iterB_rulefix,strict_all
Mechanism:mechanism_e8505c9219ec7c545ffa,Mechanism,,609908d9bcfc33e3897206e5078e6cd00772ed380b661406f29cddfcd122f57d,,,,,mechanism_e8505c9219ec7c545ffa,tou_pricing,step5_rebind,,,,,,,,,,,,,,,,,step7b_iterB_rulefix,strict_all
Mechanism:mechanism_e85169b827ec99071ea4,Mechanism,,caf6cea05c2383ef47c5578fbf1392dfbf0ec0b4fbdc53de67e6f1d3bd2062fc,,,,,mechanism_e85169b827ec99071ea4,tou_pricing,step5_rebind,,,,,,,,,,,,,,,,,step7b_iterB_rulefix,strict_all
Mechanism:mechanism_e87338b84b723f69f95e,Mechanism,,bd6202baffd47fe0052d9accf098e87cdadac6623a4be7112867c5541bb55aeb,,,,,mechanism_e87338b84b723f69f95e,subsidy,step5_rebind,,,,,,,,,,,,,,,,,step7b_iterB_rulefix,strict_all
Mechanism:mechanism_e90e739ec05d46c4f14d,Mechanism,,693f3a55fe86330e400962dd0b43476d41023ad39e89f0254b4f9e2651efaca2,,,,,mechanism_e90e739ec05d46c4f14d,general_price_adjustment,step5_rebind,,,,,,,,,,,,,,,,,step7b_iterB_rulefix,strict_all
Mechanism:mechanism_e95d252128b6e5a7313a,Mechanism,,9634a7cefdb8a7018741e8ef683bb7b815f1dbc1d60d42350574f3dd240e55b7,,,,,mechanism_e95d252128b6e5a7313a,task_assessment,step5_rebind,,,,,,,,,,,,,,,,,step7b_iterB_rulefix,strict_all
Mechanism:mechanism_e9d73aee80b08508349f,Mechanism,,9b573a30294f2b87e5bc8a1733dc8154869687fb42b7fbcbc23dc1cf3c74f11b,,,,,mechanism_e9d73aee80b08508349f,subsidy,step5_rebind,,,,,,,,,,,,,,,,,step7b_iterB_rulefix,strict_all
Mechanism:mechanism_ea4ac3bff3dee387e95f,Mechanism,,a7f3f83cc719dbd58fa3cba1078d11a8511ace91597d326e11375e817e2d73f6,,,,,mechanism_ea4ac3bff3dee387e95f,tiered_pricing,step5_rebind,,,,,,,,,,,,,,,,,step7b_iterB_rulefix,strict_all
Mechanism:mechanism_ea7ac7fff0dc22d4630d,Mechanism,,3c1392fd897f1d095efaa1ae2a1eaa5c0c3df313cd5a9a185aacffe05575b886,,,,,mechanism_ea7ac7fff0dc22d4630d,subsidy,step5_rebind,,,,,,,,,,,,,,,,,step7b_iterB_rulefix,strict_all
Mechanism:mechanism_ea7ba90561e21ead5c9c,Mechanism,,55486d5eaf1202de357651355eea469df92d887e1b388dd7c1a3fcd9b75286cb,,,,,mechanism_ea7ba90561e21ead5c9c,task_assessment,step5_rebind,,,,,,,,,,,,,,,,,step7b_iterB_rulefix,strict_all
Mechanism:mechanism_ead818d0694ebd444fbf,Mechanism,,a841fd40884f65693f42fff950340f5c6e1dbdd734f6cb20bc5e15c9bbf474ec,,,,,mechanism_ead818d0694ebd444fbf,technology_route,step5_rebind,,,,,,,,,,,,,,,,,step7b_iterB_rulefix,strict_all
Mechanism:mechanism_eb03db729efa471eaf2d,Mechanism,,41eed2fc03a95dc30af898124e00962d37f00dd998abb5da87c6e10e209db169,,,,,mechanism_eb03db729efa471eaf2d,subsidy,step5_rebind,,,,,,,,,,,,,,,,,step7b_iterB_rulefix,strict_all
Mechanism:mechanism_ebca7f76d3141f9acbd8,Mechanism,,92e84b72ef2f5a11bbc950bceb47099d119cfe6635c2b8757f6582b673168bf0,,,,,mechanism_ebca7f76d3141f9acbd8,tou_pricing,step5_rebind,,,,,,,,,,,,,,,,,step7b_iterB_rulefix,strict_all
Mechanism:mechanism_ec82851d9e393092e638,Mechanism,,3c1392fd897f1d095efaa1ae2a1eaa5c0c3df313cd5a9a185aacffe05575b886,,,,,mechanism_ec82851d9e393092e638,subsidy,step5_rebind,,,,,,,,,,,,,,,,,step7b_iterB_rulefix,strict_all
Mechanism:mechanism_ecdf1c7e58170b651f6e,Mechanism,,231f1eeb573e2b351f92117ef696b8d2077cec456aacd516232f031d673da137,,,,,mechanism_ecdf1c7e58170b651f6e,tiered_pricing,step5_rebind,,,,,,,,,,,,,,,,,step7b_iterB_rulefix,strict_all
Mechanism:mechanism_ed4c90d5af9b1734f9d2,Mechanism,,bd9a5debe3e285290408196ff9a61cc7d1acd325eab100746bcd7562b196b7dd,,,,,mechanism_ed4c90d5af9b1734f9d2,subsidy,step5_rebind,,,,,,,,,,,,,,,,,step7b_iterB_rulefix,strict_all
Mechanism:mechanism_ed4ea049c0a51b5626e4,Mechanism,,10695560c26cc67b7a3e26b8dbcd7b856b0b17ef49c31ba529efd3caf059a1de,,,,,mechanism_ed4ea049c0a51b5626e4,subsidy,step5_rebind,,,,,,,,,,,,,,,,,step7b_iterB_rulefix,strict_all
Mechanism:mechanism_ed5f7b6eb07c48c8fe6e,Mechanism,,a49f7415cfe87b2c990d945f2320013ad4be0c26bbe7e6ecee3d7c9c163e2aba,,,,,mechanism_ed5f7b6eb07c48c8fe6e,tou_pricing,step5_rebind,,,,,,,,,,,,,,,,,step7b_iterB_rulefix,strict_all
Mechanism:mechanism_ededa4befac33f7f4985,Mechanism,,cc7addf8ff4efe3409afac8915cc6b8df3283617d08af2da6658e58933736301,,,,,mechanism_ededa4befac33f7f4985,tou_pricing,step5_rebind,,,,,,,,,,,,,,,,,step7b_iterB_rulefix,strict_all
Mechanism:mechanism_eed4ca9d8897779c114e,Mechanism,,96b1a22b2ec5ddcc9e6133c59976da4937836c097e7e7f973b60ec9f8374b7a0,,,,,mechanism_eed4ca9d8897779c114e,technology_route,step5_rebind,,,,,,,,,,,,,,,,,step7b_iterB_rulefix,strict_all
Mechanism:mechanism_eeecdc52980e4b7059a4,Mechanism,,6f9e11a2d7c04d1e2e70825dcb404052e1219052d6c99430f5f25ebd988c1a72,,,,,mechanism_eeecdc52980e4b7059a4,tiered_pricing,step5_rebind,,,,,,,,,,,,,,,,,step7b_iterB_rulefix,strict_all
Mechanism:mechanism_eefd407a28ac77791e4b,Mechanism,,bd6202baffd47fe0052d9accf098e87cdadac6623a4be7112867c5541bb55aeb,,,,,mechanism_eefd407a28ac77791e4b,subsidy,step5_rebind,,,,,,,,,,,,,,,,,step7b_iterB_rulefix,strict_all
Mechanism:mechanism_ef3bb8873902c278698d,Mechanism,,75110d78adc122e8ba1872f733ac9249dc4c04b15561a0470a6fe757f54a20ab,,,,,mechanism_ef3bb8873902c278698d,tiered_pricing,step5_rebind,,,,,,,,,,,,,,,,,step7b_iterB_rulefix,strict_all
Mechanism:mechanism_efb85770b167dcadf8f5,Mechanism,,21a5c67e61e80e1324726c39e931d5faa3ef2db450f2e5421f7a10df4fe56b97,,,,,mechanism_efb85770b167dcadf8f5,tou_pricing,step5_rebind,,,,,,,,,,,,,,,,,step7b_iterB_rulefix,strict_all
Mechanism:mechanism_f10782cc76e82563ac68,Mechanism,,3d453b46781e992f20c2a7120846ab15062f4e272266f310b85e96ae17b26383,,,,,mechanism_f10782cc76e82563ac68,technology_route,step5_rebind,,,,,,,,,,,,,,,,,step7b_iterB_rulefix,strict_all
Mechanism:mechanism_f142d4328f8ce0de1045,Mechanism,,cc7addf8ff4efe3409afac8915cc6b8df3283617d08af2da6658e58933736301,,,,,mechanism_f142d4328f8ce0de1045,tou_pricing,step5_rebind,,,,,,,,,,,,,,,,,step7b_iterB_rulefix,strict_all
Mechanism:mechanism_f15f26c816a5d50a9c4f,Mechanism,,7f64d12d77538daeb634de40f7634de40d034d5512fa29948f5af09d83039026,,,,,mechanism_f15f26c816a5d50a9c4f,task_assessment,step5_rebind,,,,,,,,,,,,,,,,,step7b_iterB_rulefix,strict_all
Mechanism:mechanism_f1ab68b13af91f00233c,Mechanism,,4da4ac46529aa8730837ae343298f520e2f42fa4f8b05ba335c343f0248c8e34,,,,,mechanism_f1ab68b13af91f00233c,subsidy,step5_rebind,,,,,,,,,,,,,,,,,step7b_iterB_rulefix,strict_all
Mechanism:mechanism_f22fbef44ce7351be4e9,Mechanism,,b271f30c7c5bbb7895cc6deb831772df2106e756fd6d2f0fa32695d59dba3cda,,,,,mechanism_f22fbef44ce7351be4e9,subsidy,step5_rebind,,,,,,,,,,,,,,,,,step7b_iterB_rulefix,strict_all
Mechanism:mechanism_f2ef0b71c6c31334e07e,Mechanism,,0ae95f60cf40ef3dbcc874d7e32a0ed5a3d91c7d587ec5cae592c8064a14b8f8,,,,,mechanism_f2ef0b71c6c31334e07e,subsidy,step5_rebind,,,,,,,,,,,,,,,,,step7b_iterB_rulefix,strict_all
Mechanism:mechanism_f3c7dcc9d68849740dd5,Mechanism,,d31910273230458d2a8e0c7c623aa0f1c45d59d48f0dc7cad99ecb0902267b5d,,,,,mechanism_f3c7dcc9d68849740dd5,subsidy,step5_rebind,,,,,,,,,,,,,,,,,step7b_iterB_rulefix,strict_all
Mechanism:mechanism_f440c3c1d3595641da2a,Mechanism,,3c1392fd897f1d095efaa1ae2a1eaa5c0c3df313cd5a9a185aacffe05575b886,,,,,mechanism_f440c3c1d3595641da2a,subsidy,step5_rebind,,,,,,,,,,,,,,,,,step7b_iterB_rulefix,strict_all
Mechanism:mechanism_f451a1219f38c674d505,Mechanism,,60a8d6c66d757ef90db55edf809fb9816c710a1021f9df39aba80b9949b9a6f7,,,,,mechanism_f451a1219f38c674d505,technology_route,step5_rebind,,,,,,,,,,,,,,,,,step7b_iterB_rulefix,strict_all
Mechanism:mechanism_f45c0cfe26ded225dfe6,Mechanism,,635192af8baf11262c4e886f015d6f452a5241a0a6d153db4c730e4108cbf7f3,,,,,mechanism_f45c0cfe26ded225dfe6,tou_pricing,step5_rebind,,,,,,,,,,,,,,,,,step7b_iterB_rulefix,strict_all
Mechanism:mechanism_f46b3be7be9c6a035808,Mechanism,,00a12958eaee9a105dcc89c19bd002fa5ac8761a4154324faee32237e8364fec,,,,,mechanism_f46b3be7be9c6a035808,task_assessment,step5_rebind,,,,,,,,,,,,,,,,,step7b_iterB_rulefix,strict_all
Mechanism:mechanism_f46c6930895241272fdc,Mechanism,,e96954454202c06919fb26233a2f5743477ff62fe26d6f194b805da4176b5fcb,,,,,mechanism_f46c6930895241272fdc,general_price_adjustment,step5_rebind,,,,,,,,,,,,,,,,,step7b_iterB_rulefix,strict_all
Mechanism:mechanism_f5430b6a5f1124426437,Mechanism,,4978300e5965b0d812a67eb9a07c584011b661c940c300faf4990fb8586e3a13,,,,,mechanism_f5430b6a5f1124426437,task_assessment,step5_rebind,,,,,,,,,,,,,,,,,step7b_iterB_rulefix,strict_all
Mechanism:mechanism_f64b1105f799715a9d0b,Mechanism,,5cfa5c6db5cfbf0e99ded013a268ba977818e355f9159ace8db3f1eded786078,,,,,mechanism_f64b1105f799715a9d0b,tou_pricing,step5_rebind,,,,,,,,,,,,,,,,,step7b_iterB_rulefix,strict_all
Mechanism:mechanism_f65a0c586c192946464f,Mechanism,,13677b49d0d053be96bfcd32cd36eeba7c68f125c6f32cc220322ba98c178bf4,,,,,mechanism_f65a0c586c192946464f,task_assessment,step5_rebind,,,,,,,,,,,,,,,,,step7b_iterB_rulefix,strict_all
Mechanism:mechanism_f692896ac3d42b576dbc,Mechanism,,22683cdc818adbda88476b2ce5ef07bfd17154e8f751efbcf70c4b68e9dd70ba,,,,,mechanism_f692896ac3d42b576dbc,technology_route,step5_rebind,,,,,,,,,,,,,,,,,step7b_iterB_rulefix,strict_all
Mechanism:mechanism_f73cfb7499d05bf4cfaa,Mechanism,,4dac8070bab7fdf62958e23b15689a48aa5f7c73b4b06deab4d30f0ce35cda18,,,,,mechanism_f73cfb7499d05bf4cfaa,tou_pricing,step5_rebind,,,,,,,,,,,,,,,,,step7b_iterB_rulefix,strict_all
Mechanism:mechanism_f73d1cc172353957016c,Mechanism,,58ad7cd309406e184ce7e6d21004def570eec462e6489ea11bebbe2d7b469ea4,,,,,mechanism_f73d1cc172353957016c,subsidy,step5_rebind,,,,,,,,,,,,,,,,,step7b_iterB_rulefix,strict_all
Mechanism:mechanism_f78616b1e3ed2c9012bc,Mechanism,,917e89c9d28f08e37543fdcddbf99ba7c272516ee6b3ca3536d685ecfe8c86f0,,,,,mechanism_f78616b1e3ed2c9012bc,subsidy,step5_rebind,,,,,,,,,,,,,,,,,step7b_iterB_rulefix,strict_all
Mechanism:mechanism_f81b2afdd0684b8e3a9a,Mechanism,,3fd79998d4631ca6e3407dfaacd9b7e9186fa2e143618d0740ab46f0a9063745,,,,,mechanism_f81b2afdd0684b8e3a9a,tou_pricing,step5_rebind,,,,,,,,,,,,,,,,,step7b_iterB_rulefix,strict_all
Mechanism:mechanism_f8f832537de538746d9c,Mechanism,,1c866d7db0140a8b19307802359c968014faf7196bd57a33ff7b5fcd5941c821,,,,,mechanism_f8f832537de538746d9c,task_assessment,step5_rebind,,,,,,,,,,,,,,,,,step7b_iterB_rulefix,strict_all
Mechanism:mechanism_f9002df998c3995bb93e,Mechanism,,41eed2fc03a95dc30af898124e00962d37f00dd998abb5da87c6e10e209db169,,,,,mechanism_f9002df998c3995bb93e,subsidy,step5_rebind,,,,,,,,,,,,,,,,,step7b_iterB_rulefix,strict_all
Mechanism:mechanism_f99c17d81f3bbdd3a657,Mechanism,,4dac8070bab7fdf62958e23b15689a48aa5f7c73b4b06deab4d30f0ce35cda18,,,,,mechanism_f99c17d81f3bbdd3a657,tou_pricing,step5_rebind,,,,,,,,,,,,,,,,,step7b_iterB_rulefix,strict_all
Mechanism:mechanism_f9bff85da9411c4c4f0e,Mechanism,,635192af8baf11262c4e886f015d6f452a5241a0a6d153db4c730e4108cbf7f3,,,,,mechanism_f9bff85da9411c4c4f0e,technology_route,step5_rebind,,,,,,,,,,,,,,,,,step7b_iterB_rulefix,strict_all
Mechanism:mechanism_f9de0d8f84f151fd43fb,Mechanism,,7ed0773389be1fab4cf4b39fd715e035135ac2f3585caf8e1b63b0017de0c7c9,,,,,mechanism_f9de0d8f84f151fd43fb,general_price_adjustment,step5_rebind,,,,,,,,,,,,,,,,,step7b_iterB_rulefix,strict_all
Mechanism:mechanism_fa00683198b1432eb50d,Mechanism,,95f6ba6c18bedd1be1da79aa08a7d72056b883f00acb9c39d5361b880a4dd595,,,,,mechanism_fa00683198b1432eb50d,general_price_adjustment,step5_rebind,,,,,,,,,,,,,,,,,step7b_iterB_rulefix,strict_all
Mechanism:mechanism_fa4c13112fc4eddfbca2,Mechanism,,6ca5d9d44b93a3440cc8f24b4feda441563e6841021017b2c5db628a6976c9f5,,,,,mechanism_fa4c13112fc4eddfbca2,subsidy,step5_rebind,,,,,,,,,,,,,,,,,step7b_iterB_rulefix,strict_all
Mechanism:mechanism_fad6960b7fcf6c9ae722,Mechanism,,c32ed07b1f8848d45dcf196616c7064ebdf5a10f0ce328b277c662ee5197f29b,,,,,mechanism_fad6960b7fcf6c9ae722,subsidy,step5_rebind,,,,,,,,,,,,,,,,,step7b_iterB_rulefix,strict_all
Mechanism:mechanism_fae10f90d8ba6652d33e,Mechanism,,c80f2dd9f8ab9ede518f687340532ea6c112fcb9853f34f7e4222b63d0b21ed5,,,,,mechanism_fae10f90d8ba6652d33e,task_assessment,step5_rebind,,,,,,,,,,,,,,,,,step7b_iterB_rulefix,strict_all
Mechanism:mechanism_fb1d42257ed6be368c4f,Mechanism,,438c0392b9db32d7f7e7063819ff233da3aefc768abccbae0d8cebcf58748a29,,,,,mechanism_fb1d42257ed6be368c4f,subsidy,step5_rebind,,,,,,,,,,,,,,,,,step7b_iterB_rulefix,strict_all
Mechanism:mechanism_fb43bc7dca13e5f94cb6,Mechanism,,cad55946076888ab390523abaa4dc15b06bee710324ecad19516c32d9ece078d,,,,,mechanism_fb43bc7dca13e5f94cb6,tou_pricing,step5_rebind,,,,,,,,,,,,,,,,,step7b_iterB_rulefix,strict_all
Mechanism:mechanism_fb51d114de685a38544e,Mechanism,,6c3f38914bf7d624cb58e0b3fc02c0ffc21ee712e07549dd930cb57858df5ee7,,,,,mechanism_fb51d114de685a38544e,technology_route,step5_rebind,,,,,,,,,,,,,,,,,step7b_iterB_rulefix,strict_all
Mechanism:mechanism_fb910fcbe832ff0e9ba1,Mechanism,,b5738e1db12f50b7e6a3416bacdba11f06c5373d2cb3d80d31a90bdf09b3ddb1,,,,,mechanism_fb910fcbe832ff0e9ba1,tou_pricing,step5_rebind,,,,,,,,,,,,,,,,,step7b_iterB_rulefix,strict_all
Mechanism:mechanism_fb96cc36bf4aa73a1102,Mechanism,,ebba22b0a7b7a9a06ccf6dfbe862a330eb615359451c4ccb8bff79fd2d9bd1ad,,,,,mechanism_fb96cc36bf4aa73a1102,task_assessment,step5_rebind,,,,,,,,,,,,,,,,,step7b_iterB_rulefix,strict_all
Mechanism:mechanism_fbea0bf2f270325a50ea,Mechanism,,b7970415004e18258dafe12d1a8aab2812448cb5c877684915b31d587b891911,,,,,mechanism_fbea0bf2f270325a50ea,tiered_pricing,step5_rebind,,,,,,,,,,,,,,,,,step7b_iterB_rulefix,strict_all
Mechanism:mechanism_fc808afcac7c61f6a0ba,Mechanism,,17b169c01d0fd11691f3014066bc982e9d5aae3ef301b3d897d2a4b986dac45b,,,,,mechanism_fc808afcac7c61f6a0ba,subsidy,step5_rebind,,,,,,,,,,,,,,,,,step7b_iterB_rulefix,strict_all
Mechanism:mechanism_fc9efe19aa7d7379423d,Mechanism,,6ca5d9d44b93a3440cc8f24b4feda441563e6841021017b2c5db628a6976c9f5,,,,,mechanism_fc9efe19aa7d7379423d,subsidy,step5_rebind,,,,,,,,,,,,,,,,,step7b_iterB_rulefix,strict_all
Mechanism:mechanism_fcc16d42aa6946a12da4,Mechanism,,e15bd62111869ef28d319c4782660d56e7d6f9284bf4198ae86a54d79d2940fe,,,,,mechanism_fcc16d42aa6946a12da4,tou_pricing,step5_rebind,,,,,,,,,,,,,,,,,step7b_iterB_rulefix,strict_all
Mechanism:mechanism_fd8d8eed004d13474016,Mechanism,,a841fd40884f65693f42fff950340f5c6e1dbdd734f6cb20bc5e15c9bbf474ec,,,,,mechanism_fd8d8eed004d13474016,technology_route,step5_rebind,,,,,,,,,,,,,,,,,step7b_iterB_rulefix,strict_all
Mechanism:mechanism_fe66abf3b2483d81e778,Mechanism,,cc7addf8ff4efe3409afac8915cc6b8df3283617d08af2da6658e58933736301,,,,,mechanism_fe66abf3b2483d81e778,tou_pricing,step5_rebind,,,,,,,,,,,,,,,,,step7b_iterB_rulefix,strict_all
Mechanism:mechanism_fe6cf76c01e840de71ac,Mechanism,,da7b3160147d215da16cee83e83aa784e946b48928803c205dd5df56a2ec3cb9,,,,,mechanism_fe6cf76c01e840de71ac,tiered_pricing,step5_rebind,,,,,,,,,,,,,,,,,step7b_iterB_rulefix,strict_all
Mechanism:mechanism_ff07fb2ebe83beca162d,Mechanism,,500387f290ce2730e02ebddb6bdb2aa6dffc22df78c335ed7937fd7225fa2d31,,,,,mechanism_ff07fb2ebe83beca162d,tou_pricing,step5_rebind,,,,,,,,,,,,,,,,,step7b_iterB_rulefix,strict_all
Mechanism:mechanism_ff3214cf7cada3767bb0,Mechanism,,d479f59c3df77e187d3a3a8a4877de755cc807cec98902c65e1b4523c97334f6,,,,,mechanism_ff3214cf7cada3767bb0,technology_route,step5_rebind,,,,,,,,,,,,,,,,,step7b_iterB_rulefix,strict_all
Mechanism:mechanism_ff350aab925518fcd75d,Mechanism,,ad8d0971d97051367bf7e78a6885dd89b83772d35f94aaff8c56c77398caa167,,,,,mechanism_ff350aab925518fcd75d,subsidy,step5_rebind,,,,,,,,,,,,,,,,,step7b_iterB_rulefix,strict_all
Mechanism:mechanism_ffa9ac6ec90009213b5f,Mechanism,,99dce90179e84c5da237d3a228a84ba994f4c04a9a167533654c0cfcdc8d9686,,,,,mechanism_ffa9ac6ec90009213b5f,tou_pricing,step5_rebind,,,,,,,,,,,,,,,,,step7b_iterB_rulefix,strict_all
ParameterDefinition:pd_001ecda849d68a57ab32,ParameterDefinition,,,,,,,,,,,pd_001ecda849d68a57ab32,subsidy_amount,,,1500.0,yuan,d34c5112763936ee51d5845d5d990cdac188bd53a14f965acb4121a84ed842cc,,,,,,,,,step7b_iterB_rulefix,strict_all
ParameterDefinition:pd_00d8a88d491dcffdf619,ParameterDefinition,,,,,,,,,,,pd_00d8a88d491dcffdf619,price_delta_pct,,,80.0,percent,04775742992139d7c5606678b46992e43f582d871f08343bff06f5f5b3b9a6fa,,,,,,,,,step7b_iterB_rulefix,strict_all
ParameterDefinition:pd_01ca83ccd0bd917775d8,ParameterDefinition,,,,,,,,,,,pd_01ca83ccd0bd917775d8,subsidy_amount,,,240.0,yuan,448ec19d6e9950c73259602ab6fbc725db63d2fe341449ef7ae02eee160e2727,,,,,,,,,step7b_iterB_rulefix,strict_all
ParameterDefinition:pd_01dc5602dc7eca3d3e82,ParameterDefinition,,,,,,,,,,,pd_01dc5602dc7eca3d3e82,price_delta_pct,,,15.0,percent,2bdf56f0b6e66bc6c48038fc044beedd9eb19d898ae767453d5a530c9bb38f06,,,,,,,,,step7b_iterB_rulefix,strict_all
ParameterDefinition:pd_01fc64fa6c78964b64c2,ParameterDefinition,,,,,,,,,,,pd_01fc64fa6c78964b64c2,subsidy_amount,,,77.0,yuan_per_watt,5d5517b147a34d68bc15bfca3de48476051f28d76a203f6ee18499ff31d7394e,,,,,,,,,step7b_iterB_rulefix,strict_all
ParameterDefinition:pd_020550d02830a58a836b,ParameterDefinition,,,,,,,,,,,pd_020550d02830a58a836b,price_delta_pct,,,30.0,percent,0b9d540ba39a1ee3bfaf4d3dce14011cc58ecf9b8231dbe916c648a4461204bb,,,,,,,,,step7b_iterB_rulefix,strict_all
ParameterDefinition:pd_021a52a8b4f391171dac,ParameterDefinition,,,,,,,,,,,pd_021a52a8b4f391171dac,duration_threshold_hour,,,2.0,hour,3ae40bd4e04bd35d4d63038cee19bc31301eec7267c3ee453129c5907c80f656,,,threshold,,,,,,step7b_iterB_rulefix,strict_all
ParameterDefinition:pd_025f7ca476649a81bc75,ParameterDefinition,,,,,,,,,,,pd_025f7ca476649a81bc75,price_delta_pct,,,10.0,percent,bf0797b1c17e3e74d1abd14a105469691efaa6c321eb3289279126291679a9d1,,,,,,,,,step7b_iterB_rulefix,strict_all
ParameterDefinition:pd_0298a0e747820f92ba6e,ParameterDefinition,,,,,,,,,,,pd_0298a0e747820f92ba6e,subsidy_amount,,,1040.0,yuan,dcf93173378f30ad1cdcfb4e0ebfae4388c3e105a73ba80de0ac35be7897e5c7,,,,,,,,,step7b_iterB_rulefix,strict_all
ParameterDefinition:pd_02e944dbc8114b13c731,ParameterDefinition,,,,,,,,,,,pd_02e944dbc8114b13c731,subsidy_amount,,,300.0,ten_thousand_yuan,ead665a471086d4d193910c2dd6a3490d1aa1ccee41fecfe0f232f175636ec62,,,,,,,,,step7b_iterB_rulefix,strict_all
ParameterDefinition:pd_051e61610ccd57f818f5,ParameterDefinition,,,,,,,,,,,pd_051e61610ccd57f818f5,consumption_threshold_kwh,,,2161.0,kwh,3f2d71d541127c72d92a6930e77224b962e9d77be6fcc3149077fb148af74532,,,threshold,,,,,,step7b_iterB_rulefix,strict_all
ParameterDefinition:pd_05b1946565ff29673f54,ParameterDefinition,,,,,,,,,,,pd_05b1946565ff29673f54,price_delta_pct,,,0.5,percent,0ddf7e7cff95c9cd68baad997a1d0ce5e4760f7db004fd19777c47539841e638,,,,,,,,,step7b_iterB_rulefix,strict_all
ParameterDefinition:pd_063b11d7358e3bc97928,ParameterDefinition,,,,,,,,,,,pd_063b11d7358e3bc97928,time_window,,,15:00-21:00,time_window,ede705113f6c6244c495cac1faf5d57e81bbe8895c1e66c016c9dc7ac2ea9bbb,,,between,,,,,,step7b_iterB_rulefix,strict_all
ParameterDefinition:pd_06a355d70fdff741b8d9,ParameterDefinition,,,,,,,,,,,pd_06a355d70fdff741b8d9,duration_threshold_year,,,2.0,year,9839a850419282f069cbee7bd13e4949b05f5bf14595e3c7eefdb88f223335fa,,,threshold,,,,,,step7b_iterB_rulefix,strict_all
ParameterDefinition:pd_087a54791faafe3f0fdb,ParameterDefinition,,,,,,,,,,,pd_087a54791faafe3f0fdb,price_value,,,0.52,yuan,3a116d33ebf8a423d3c4177d511e9c34da045ee95e5489a1ca47418bd5f21fdd,,,,,,,,,step7b_iterB_rulefix,strict_all
ParameterDefinition:pd_0c34bebc32f7bbb72b79,ParameterDefinition,,,,,,,,,,,pd_0c34bebc32f7bbb72b79,time_window,,,15:00-20:00,time_window,7e5e31e0e90ff7a16d4fbbcdcaa89acaf237153de154728cbcf373e7e72c95c0,,,between,,,,,,step7b_iterB_rulefix,strict_all
ParameterDefinition:pd_0ca0d8917536f48fe59f,ParameterDefinition,,,,,,,,,,,pd_0ca0d8917536f48fe59f,time_window,,,07:00-09:00,time_window,ac4808fd0ec61cdaaf384241c81474b26c7c0677a869095db016bc302f90250c,,,between,,,,,,step7b_iterB_rulefix,strict_all
ParameterDefinition:pd_0d09d3bdaf6dbdc9fee8,ParameterDefinition,,,,,,,,,,,pd_0d09d3bdaf6dbdc9fee8,ratio_target,,,0.36,percent,ae14e7672add47a82651dfd332e251fb221baa0c345465d986d56425a6bd2fc8,,,,,,,,,step7b_iterB_rulefix,strict_all
ParameterDefinition:pd_0e4b595455610e985191,ParameterDefinition,,,,,,,,,,,pd_0e4b595455610e985191,time_window,,,10:00-14:00,time_window,b00a372650788798dbdb7b1382e890bb7731c796c7420c2e02bdee362f52bbf2,,,between,,,,,,step7b_iterB_rulefix,strict_all
ParameterDefinition:pd_0e8ea3fd0370cf0ea238,ParameterDefinition,,,,,,,,,,,pd_0e8ea3fd0370cf0ea238,consumption_threshold_kwh,,,180.0,kwh,6a512d49cea7362076a9d70cf47948c7ba47bb31071204c2fa6160862779aa16,0.0,180.0,between,,,,,,step7b_iterB_rulefix,strict_all
ParameterDefinition:pd_0fb65271d913b792ceeb,ParameterDefinition,,,,,,,,,,,pd_0fb65271d913b792ceeb,price_value,,,0.27,yuan,a7c5b9506c4f13862bde8bb62d94bc8e84ee6f23fa5836b0c295c9437a745d1d,,,,,,,,,step7b_iterB_rulefix,strict_all
ParameterDefinition:pd_0fc34cf57a29e04e59a3,ParameterDefinition,,,,,,,,,,,pd_0fc34cf57a29e04e59a3,duration_threshold_hour,,,24.0,hour,96459bf16b4b02a663fcb477bec4538ac31dfdf5fcb3c0f634cf22e7fa07b978,,,,,,,,,step7b_iterB_rulefix,strict_all
ParameterDefinition:pd_114ec411a16b2bbd7a94,ParameterDefinition,,,,,,,,,,,pd_114ec411a16b2bbd7a94,price_value,,,0.588,yuan_per_kwh,2719d31d697f7176147af2da748739e3c0189161cf4ad92ffe0cdd1f7db45356,,,,,,,,,step7b_iterB_rulefix,strict_all
ParameterDefinition:pd_11edc17229cd41883929,ParameterDefinition,,,,,,,,,,,pd_11edc17229cd41883929,price_value,,,0.2,yuan,408bbc3247a48e9fceac0793670903ac07285b392b0ed03ed9c4a1f34d6eb8c6,,,,,,,,,step7b_iterB_rulefix,strict_all
ParameterDefinition:pd_12edcd4a409324f6bec0,ParameterDefinition,,,,,,,,,,,pd_12edcd4a409324f6bec0,consumption_threshold_kwh,,,500.0,kwh,387592a305b9c60d47120803a7ea61272b7f75798703f98f81b69bbdcbf3ab50,,,threshold,,,,,,step7b_iterB_rulefix,strict_all
ParameterDefinition:pd_13a47819364e7222779b,ParameterDefinition,,,,,,,,,,,pd_13a47819364e7222779b,price_value,,,0.725,yuan,f1ea5ae80db603f28c6b8816b7bef0214ac0b0eaa423dd0e72ebda4b388f11ce,,,,,,,,,step7b_iterB_rulefix,strict_all
ParameterDefinition:pd_149e98b2a5b780b26003,ParameterDefinition,,,,,,,,,,,pd_149e98b2a5b780b26003,area_subsidy_amount,,,0.0,yuan_per_sqm,8f93ff72099043dec2959ac7889d56b1390be875f92e59dd9939260499c94c5c,,,,,,,,,step7b_iterB_rulefix,strict_all
ParameterDefinition:pd_14f9788ed965dd3f445c,ParameterDefinition,,,,,,,,,,,pd_14f9788ed965dd3f445c,subsidy_amount,,,1000.0,yuan_per_ton,1b71403a84b3a6b9a5d84a4fc6d679cf7822e1c0eab803e386805146d6f9f910,,,,,,,,,step7b_iterB_rulefix,strict_all
ParameterDefinition:pd_16457f7f4888989e50ce,ParameterDefinition,,,,,,,,,,,pd_16457f7f4888989e50ce,time_window,,,19:00-24:00,time_window,9749358c2c7b9b9de64a96712f645a8fbe134076283a88eea6e83f2cb77fe058,,,between,,,,,,step7b_iterB_rulefix,strict_all
ParameterDefinition:pd_1688ec00341feedb3f1c,ParameterDefinition,,,,,,,,,,,pd_1688ec00341feedb3f1c,time_window,,,11:00-14:00,time_window,da92e9963155f3ea31ad465485c2880baa06b4da73eeeb75ff0855ea52c3e58e,,,between,,,,,,step7b_iterB_rulefix,strict_all
ParameterDefinition:pd_17b25f8af7e68b56b2e2,ParameterDefinition,,,,,,,,,,,pd_17b25f8af7e68b56b2e2,price_delta_pct,,,75.0,percent,eadaf75ca313e06cd70cf38d9ab3376cd3549ec556044befb2b9ae7ae3486334,,,,,,,,,step7b_iterB_rulefix,strict_all
ParameterDefinition:pd_17f49ddfae7c641704ef,ParameterDefinition,,,,,,,,,,,pd_17f49ddfae7c641704ef,consumption_threshold_kwh,,,350.0,kwh,4d929fa678bcbcef280ecea12336664bd3788712443dc9515826ace7114c2c10,,,threshold,,,,,,step7b_iterB_rulefix,strict_all
ParameterDefinition:pd_185ec13d2e6ca73eca1e,ParameterDefinition,,,,,,,,,,,pd_185ec13d2e6ca73eca1e,time_window,,,16:00-22:00,time_window,ca91a73270268509a7df5794ae9bfb749a4d5ca51cf5f47bbd56048332d1db65,,,between,,,,,,step7b_iterB_rulefix,strict_all
ParameterDefinition:pd_187c019103344675ba1e,ParameterDefinition,,,,,,,,,,,pd_187c019103344675ba1e,ratio_target,,,18.0,percent,f13ac7a1d7d0c88968633d7e8edbb5b99128caad17bd21c80d12bfc1a4feda82,,,,,,,,,step7b_iterB_rulefix,strict_all
ParameterDefinition:pd_1cf2abd4bdd6f069f396,ParameterDefinition,,,,,,,,,,,pd_1cf2abd4bdd6f069f396,ratio_target,,,15.0,percent,b746c9bb31c77e8ab4060309b75a39ad9fa0fe06a85984f8cafdd582d8c72ece,,,,,,,,,step7b_iterB_rulefix,strict_all
ParameterDefinition:pd_206f7cb03ab5ceba60d1,ParameterDefinition,,,,,,,,,,,pd_206f7cb03ab5ceba60d1,time_window,,,07:00-11:00,time_window,bce80aaf45c19f87c15a6e5c16b50e7d4b6dfb9ddb50dfa90c040e1822941c34,,,between,,,,,,step7b_iterB_rulefix,strict_all
ParameterDefinition:pd_21279bd7117a91406a38,ParameterDefinition,,,,,,,,,,,pd_21279bd7117a91406a38,price_value,,,0.3,yuan_per_kwh,cb2d43c5b4090a4c3138f42eb2204b64520ee4de95660c0eda8509dc111201f8,,,,,,,,,step7b_iterB_rulefix,strict_all
ParameterDefinition:pd_21308b4421aef584a638,ParameterDefinition,,,,,,,,,,,pd_21308b4421aef584a638,price_value,,,0.5969,yuan_per_kwh,10296c36c7c2723990b54474925c2236a01bf13c7d93f195361e3167636c34a7,,,,,,,,,step7b_iterB_rulefix,strict_all
ParameterDefinition:pd_21538aa9180a7a60ea99,ParameterDefinition,,,,,,,,,,,pd_21538aa9180a7a60ea99,time_window,,,09:00,time_window,21b24801499cfec42793d7132dda1f32108c457fb8ba61e132f15da5853658ce,,,point,,,,,,step7b_iterB_rulefix,strict_all
ParameterDefinition:pd_246ec7cbc63d6cd18954,ParameterDefinition,,,,,,,,,,,pd_246ec7cbc63d6cd18954,subsidy_amount,,,6.0,ten_thousand_yuan,0f2883ba22101d7e8f64e622f55aad555a3224cd313613cfff68acde6e0806e0,,,,,,,,,step7b_iterB_rulefix,strict_all
ParameterDefinition:pd_2654e2dec6a58054d0c4,ParameterDefinition,,,,,,,,,,,pd_2654e2dec6a58054d0c4,consumption_threshold_kwh,,,350.0,kwh,aa228581bcab91ff1e82d7c7d56309be8f2ad89fd180cc10d3920be4634851e2,,,,,,,,,step7b_iterB_rulefix,strict_all
ParameterDefinition:pd_2753532b619159b2ed03,ParameterDefinition,,,,,,,,,,,pd_2753532b619159b2ed03,price_value,,,0.49,yuan,f191b0b4b3b835b9c88ba265395a7c8d6d2ac9201259beb420b0156f8ad91332,,,,,,,,,step7b_iterB_rulefix,strict_all
ParameterDefinition:pd_28e583ab33b27bdd138a,ParameterDefinition,,,,,,,,,,,pd_28e583ab33b27bdd138a,price_value,,,0.03,yuan,01b80d0686c6ec5778a599eb830ec2abf796b5a9bcc447db4686a060d2f3ddc7,,,,,,,,,step7b_iterB_rulefix,strict_all
ParameterDefinition:pd_290b8b80acbdbcb91847,ParameterDefinition,,,,,,,,,,,pd_290b8b80acbdbcb91847,consumption_threshold_kwh,,,260.0,kwh,1b0714fbd07a5e19d03e339e33d35b310e0b0285de70e3577c53cf9c6bf71798,171.0,260.0,between,,,,,,step7b_iterB_rulefix,strict_all
ParameterDefinition:pd_2a63b28ab7c42d125cb2,ParameterDefinition,,,,,,,,,,,pd_2a63b28ab7c42d125cb2,consumption_threshold_kwh,,,170.0,kwh,91cbb4b2b21d2dcaa49a2aa8e963859b84626de569dba2237197b99a44005613,,,threshold,,,,,,step7b_iterB_rulefix,strict_all
ParameterDefinition:pd_2b00f350795f4028de72,ParameterDefinition,,,,,,,,,,,pd_2b00f350795f4028de72,price_value,,,0.8,yuan,3c3c3d1a212f2420158eacdfb7a25c6ca28cfcb6691ea2a856b00cb298299df7,,,,,,,,,step7b_iterB_rulefix,strict_all
ParameterDefinition:pd_2c2696936fbb4bbece5b,ParameterDefinition,,,,,,,,,,,pd_2c2696936fbb4bbece5b,consumption_threshold_kwh,,,150.0,kwh,d4604ffe30b9a70ce33d6036a511a6c1d35bbb507208f4d9f294d8ddba574216,0.0,150.0,between,,,,,,step7b_iterB_rulefix,strict_all
ParameterDefinition:pd_2c380a45ad86061d436f,ParameterDefinition,,,,,,,,,,,pd_2c380a45ad86061d436f,time_window,,,08:00-18:00,time_window,37e8148f4fd904ff8602f9ff0fb4045581bded4617c0cc08c8eb2598ab72eb92,,,between,,,,,,step7b_iterB_rulefix,strict_all
ParameterDefinition:pd_2cc6c223b6d95b52ca77,ParameterDefinition,,,,,,,,,,,pd_2cc6c223b6d95b52ca77,subsidy_amount,,,1000.0,yuan,9f8bb7439674eb2fff88b1367566c0b7fc4c17052894957e314d0978028d7cd2,,,,,,,,,step7b_iterB_rulefix,strict_all
ParameterDefinition:pd_2e90a7f9f35c1dfe95b3,ParameterDefinition,,,,,,,,,,,pd_2e90a7f9f35c1dfe95b3,ratio_target,,,80.0,percent,2e3bf26d5132730217b47d55f92208a94e5b081868c89a860a5f64f56e9ad835,,,,,,,,,step7b_iterB_rulefix,strict_all
ParameterDefinition:pd_2fece49c772b4079c2cd,ParameterDefinition,,,,,,,,,,,pd_2fece49c772b4079c2cd,time_window,,,07:00-08:00,time_window,ef5ecc667f7e2ae159179a9f5c4913c9db291840dcd0e469e84d3ae0a9a085df,,,between,,,,,,step7b_iterB_rulefix,strict_all
ParameterDefinition:pd_3031a293392f0c510f2b,ParameterDefinition,,,,,,,,,,,pd_3031a293392f0c510f2b,ratio_target,,,2.0,percent,9373c4830a544ffb8d22e33fe8890de4dd30d1dfc2a7648cd564f4edb0912544,,,,,,,,,step7b_iterB_rulefix,strict_all
ParameterDefinition:pd_30eca984868fafd699de,ParameterDefinition,,,,,,,,,,,pd_30eca984868fafd699de,price_value,,,0.5464,yuan_per_kwh,ff4b7abc7a93b19799c622b4fb2f522806cf399f0f12edf5eb8525f3fbd96077,,,,,,,,,step7b_iterB_rulefix,strict_all
ParameterDefinition:pd_329143df038b592b0f94,ParameterDefinition,,,,,,,,,,,pd_329143df038b592b0f94,price_value,,,0.01,yuan,dd0e533de177a4de894e267a64b51ad959e4e637f762094e0bd6abe9b8cf9f19,,,,,,,,,step7b_iterB_rulefix,strict_all
ParameterDefinition:pd_32b86b736774c29f3c4d,ParameterDefinition,,,,,,,,,,,pd_32b86b736774c29f3c4d,time_window,,,07:30-10:30,time_window,46e3618bb7fabb97691767bd7416bae569dacaccbde67f37bddb9f3cfda8ed2c,,,between,,,,,,step7b_iterB_rulefix,strict_all
ParameterDefinition:pd_3304ea4daef54d22fb15,ParameterDefinition,,,,,,,,,,,pd_3304ea4daef54d22fb15,ratio_target,,,65.0,percent,8214f6c8594cd3a3ec1fdaa07784886d284908fa6f9f5b65ec138bcc0a8df53e,,,,,,,,,step7b_iterB_rulefix,strict_all
ParameterDefinition:pd_3323a1d08bf4842dd6fe,ParameterDefinition,,,,,,,,,,,pd_3323a1d08bf4842dd6fe,consumption_threshold_kwh,,,3120.0,kwh,0a99f964bc2c6e8598757d916c69a8a98202bdff1458a46ffb4e6801e6f77951,,,threshold,,,,,,step7b_iterB_rulefix,strict_all
ParameterDefinition:pd_3370e9fc654c690dd0d2,ParameterDefinition,,,,,,,,,,,pd_3370e9fc654c690dd0d2,time_window,,,08:00-11:30,time_window,b8963935307cccedf25454c59d82a76cb1ba20645977ee84bc40b654b58b8c42,,,between,,,,,,step7b_iterB_rulefix,strict_all
ParameterDefinition:pd_3388df5a2dd8ee29612b,ParameterDefinition,,,,,,,,,,,pd_3388df5a2dd8ee29612b,time_window,,,18:30-23:00,time_window,f5c47e76b60e78e70dad4be587a17b1ee0e323b31f0eb87b12a211de8ab7b9b9,,,between,,,,,,step7b_iterB_rulefix,strict_all
ParameterDefinition:pd_33ab2c96add426d4f76a,ParameterDefinition,,,,,,,,,,,pd_33ab2c96add426d4f76a,duration_threshold_month,,,2.0,month,d6b586f480c0b40b6968d97add70987e058a43225ac68626c9c5ebcb4b88f032,,,threshold,,,,,,step7b_iterB_rulefix,strict_all
ParameterDefinition:pd_33d729b051e248048b95,ParameterDefinition,,,,,,,,,,,pd_33d729b051e248048b95,time_window,,,00:00-07:00,time_window,1f915a29ac49eacef85b2c6bd40cb21f2a09a0505514cf459d45e2588479ccb2,,,between,,,,,,step7b_iterB_rulefix,strict_all
ParameterDefinition:pd_33df67b4485ac531912b,ParameterDefinition,,,,,,,,,,,pd_33df67b4485ac531912b,ratio_target,,,90.0,percent,ac2d0bca71f3c92c1a26c97953f641f44fb247dc0f779889002c1972b2053b3e,,,,,,,,,step7b_iterB_rulefix,strict_all
ParameterDefinition:pd_34e2189e44c6dab27a96,ParameterDefinition,,,,,,,,,,,pd_34e2189e44c6dab27a96,price_value,,,0.2,yuan_per_kwh,40639c7c31fef39f201ca30bcfd79de665dbe2a69e556d43106eeb427ccd7f8d,,,,,,,,,step7b_iterB_rulefix,strict_all
ParameterDefinition:pd_35a14f5bc39b61868f86,ParameterDefinition,,,,,,,,,,,pd_35a14f5bc39b61868f86,consumption_threshold_kwh,,,20.0,kwh,3683dbf9e3bbcd13d1c20a566e6022cf8b78d3de49f678fe3fbebcdea888a065,,,threshold,,,,,,step7b_iterB_rulefix,strict_all
ParameterDefinition:pd_36bd5ecfd8c4b21dbb62,ParameterDefinition,,,,,,,,,,,pd_36bd5ecfd8c4b21dbb62,time_window,,,09:00-11:30,time_window,3a5c1dc31a5a5852a577075af8cd6fa2ce09bbf001d44ae7fa58e078d95b7154,,,between,,,,,,step7b_iterB_rulefix,strict_all
ParameterDefinition:pd_36fd38a8d61bb10b6678,ParameterDefinition,,,,,,,,,,,pd_36fd38a8d61bb10b6678,price_delta_pct,,,1.5,percent,9d3cb09b9162d6dec1d2a18183069610b990eb0787291d5e44cbef9a5d091877,,,,,,,,,step7b_iterB_rulefix,strict_all
ParameterDefinition:pd_38e49a65ee43bf106d6f,ParameterDefinition,,,,,,,,,,,pd_38e49a65ee43bf106d6f,time_window,,,17:00-22:00,time_window,183b88a7912b7d64f1bda1a5c970fbf33c50b557eec96de4448d66895789fbbf,,,between,,,,,,step7b_iterB_rulefix,strict_all
ParameterDefinition:pd_393086e2583f6e653cff,ParameterDefinition,,,,,,,,,,,pd_393086e2583f6e653cff,consumption_threshold_kwh,,,4800.0,kwh,7941a66b8c221e809430038c4fd7c53300cd081cb65812985eea332c0d5e37ab,,,,,,,,,step7b_iterB_rulefix,strict_all
ParameterDefinition:pd_39c7aa75f87a042c7e9e,ParameterDefinition,,,,,,,,,,,pd_39c7aa75f87a042c7e9e,price_value,,,0.57,yuan,9b25bdff52dacc51328b165f119afcbdc12f32659f93d0e04db4f8ab9f63d2a7,,,,,,,,,step7b_iterB_rulefix,strict_all
ParameterDefinition:pd_3ba584a52d86e6476361,ParameterDefinition,,,,,,,,,,,pd_3ba584a52d86e6476361,price_delta_pct,,,61.8,percent,0e37a17574b1fc844a6608618825ac4a4b80b97e4f9f802e75cb59024656f3f5,,,,,,,,,step7b_iterB_rulefix,strict_all
ParameterDefinition:pd_3c2776c9a7ab741f0970,ParameterDefinition,,,,,,,,,,,pd_3c2776c9a7ab741f0970,subsidy_amount,,,0.77,yuan_per_watt,db0cf79e2253fc02cd2aa3b92117864993bc557c9d549f3022b150c0fa8a9d37,,,,,,,,,step7b_iterB_rulefix,strict_all
ParameterDefinition:pd_3c6c1eacc4f1cd1e77e6,ParameterDefinition,,,,,,,,,,,pd_3c6c1eacc4f1cd1e77e6,consumption_threshold_kwh,,,13450.0,kwh,d835f605efe3b4dc36a4869645ed750f870f4d088bf57db229cf1252132c2569,,,,,,,,,step7b_iterB_rulefix,strict_all
ParameterDefinition:pd_3c768eea1a4710ef1740,ParameterDefinition,,,,,,,,,,,pd_3c768eea1a4710ef1740,consumption_threshold_kwh,,,3840.0,kwh,c37adcb5abab690cdf6bcee5e0214aeebdee1762502f2ccb11435b0bc5eac3ef,,,,,,,,,step7b_iterB_rulefix,strict_all
ParameterDefinition:pd_3d0aa5b0e244922b2a50,ParameterDefinition,,,,,,,,,,,pd_3d0aa5b0e244922b2a50,price_delta_pct,,,70.0,percent,49462dba94cb874563a97cc2a4bf8581429e4b035270e7966a7b09dd58600f5b,,,,,,,,,step7b_iterB_rulefix,strict_all
ParameterDefinition:pd_3da9437c7fc424f95542,ParameterDefinition,,,,,,,,,,,pd_3da9437c7fc424f95542,time_window,,,10:00-16:00,time_window,eb81f54969dab17fb46c3187e0652b837cb3155007a9717e072c973ebdf32335,,,between,,,,,,step7b_iterB_rulefix,strict_all
ParameterDefinition:pd_3e7d2aba167ee02445dc,ParameterDefinition,,,,,,,,,,,pd_3e7d2aba167ee02445dc,ratio_target,,,30.0,percent,b1fc96771797d21e0f7b7bc83a556c6bd39c26a570c043f89e003e441e7548f8,,,,,,,,,step7b_iterB_rulefix,strict_all
ParameterDefinition:pd_413c409d55c2f580ae13,ParameterDefinition,,,,,,,,,,,pd_413c409d55c2f580ae13,time_window,,,23:00-06:00,time_window,f09de00b87fbc6f4fe3352695dad95efe8e5c37c9139fa65f2d388bd9b202bf9,,,between,,,,,,step7b_iterB_rulefix,strict_all
ParameterDefinition:pd_41dc6705b0ca9a3770f7,ParameterDefinition,,,,,,,,,,,pd_41dc6705b0ca9a3770f7,subsidy_amount,,,4.0,ten_thousand_yuan,a4ed709f2a66b3207aa6bdfc297dbc5b4b46bb41570a7b338baab7cc2ed14bcc,,,,,,,,,step7b_iterB_rulefix,strict_all
ParameterDefinition:pd_41dcfce6cfb3c84eaaee,ParameterDefinition,,,,,,,,,,,pd_41dcfce6cfb3c84eaaee,consumption_threshold_kwh,,,4800.0,kwh,05b60a6a51305e5ef53675320fdc5f51fd6ac84331d37c5b8e628a69e1506b99,,,threshold,,,,,,step7b_iterB_rulefix,strict_all
ParameterDefinition:pd_4215f2dbd337cc3a3526,ParameterDefinition,,,,,,,,,,,pd_4215f2dbd337cc3a3526,consumption_threshold_kwh,,,370.0,kwh,3109e6ff92539ebb8888cedc003332a6e9c40f9178a937755ed973229c79fd2c,,,,,,,,,step7b_iterB_rulefix,strict_all
ParameterDefinition:pd_42ff9b7f907b6fef9168,ParameterDefinition,,,,,,,,,,,pd_42ff9b7f907b6fef9168,subsidy_amount,,,30.0,ten_thousand_yuan,6958915ca574dc0a11b26af5297911e1f13f4cbc7f0b70a2d21b3f8775bbdfbe,,,,,,,,,step7b_iterB_rulefix,strict_all
ParameterDefinition:pd_438c45353402d4a878c4,ParameterDefinition,,,,,,,,,,,pd_438c45353402d4a878c4,price_delta_pct,,,17.0,percent,caeabc6a420997e93ea2db1371139d582a2f95658c6f61752daf0daa5285d3d4,,,,,,,,,step7b_iterB_rulefix,strict_all
ParameterDefinition:pd_43d87a36fc13d62e514f,ParameterDefinition,,,,,,,,,,,pd_43d87a36fc13d62e514f,price_value,,,0.5056,yuan_per_kwh,facb696d85dab71bdb5c3b49d683d04e89e93dbc99a49274bd14d56ac29a10dc,,,,,,,,,step7b_iterB_rulefix,strict_all
ParameterDefinition:pd_440000f7f7bbbcb6aca4,ParameterDefinition,,,,,,,,,,,pd_440000f7f7bbbcb6aca4,time_window,,,09:00-12:00,time_window,d371159a4792840ab1a36bca4196b2b4439ba5b73ba0c9c9266cb5c67f251b61,,,between,,,,,,step7b_iterB_rulefix,strict_all
ParameterDefinition:pd_4407335f0afe2bb6c529,ParameterDefinition,,,,,,,,,,,pd_4407335f0afe2bb6c529,subsidy_amount,,,20.0,yuan,5ef7fbd83da8854892baae75673a9b9196bfec10f57d8900e9a783fb91ffc9d0,,,,,,,,,step7b_iterB_rulefix,strict_all
ParameterDefinition:pd_44864b2c2f6ec8bedbb9,ParameterDefinition,,,,,,,,,,,pd_44864b2c2f6ec8bedbb9,price_value,,,0.777,yuan_per_kwh,6e21dd56fcc35a4a0790a7dd8e1d0260e4a79b0c709419b4d79bed7fb592f5ce,,,,,,,,,step7b_iterB_rulefix,strict_all
ParameterDefinition:pd_45eeb17e96985498f4e1,ParameterDefinition,,,,,,,,,,,pd_45eeb17e96985498f4e1,ratio_target,,,89.0,percent,ff339747bcb7e0a9f3b113acd9a4be92cfdb067850f8fd8fbccc2cf52470c005,,,,,,,,,step7b_iterB_rulefix,strict_all
ParameterDefinition:pd_460cb84237d945c34c20,ParameterDefinition,,,,,,,,,,,pd_460cb84237d945c34c20,price_value,,,0.02,yuan_per_kwh,0bebc586db59e503e013583657865b819009fb891fd37b8a6d4a6b41351e5e57,,,,,,,,,step7b_iterB_rulefix,strict_all
ParameterDefinition:pd_469e0b958194da5d7094,ParameterDefinition,,,,,,,,,,,pd_469e0b958194da5d7094,subsidy_amount,,,0.6,ten_thousand_yuan,77bc14c935cde8935f1b7ae8cab55abf3e7476d3a8a6a4aede43dbd77d52e18b,,,,,,,,,step7b_iterB_rulefix,strict_all
ParameterDefinition:pd_47206ce58f794d36ea9a,ParameterDefinition,,,,,,,,,,,pd_47206ce58f794d36ea9a,time_window,,,07:00,time_window,0d0b1092dacb32aa92659942de98d0f53f2ef1cbbffc5a91365b74d45526897f,,,point,,,,,,step7b_iterB_rulefix,strict_all
ParameterDefinition:pd_47fcb78651c75f5b807a,ParameterDefinition,,,,,,,,,,,pd_47fcb78651c75f5b807a,ratio_target,,,1.5:1:0.5,none,487319c0c55c6ee168fcbf1dfbb56ff630f5204aa9043ec22692bde925a54a7e,,,,,,,,,step7b_iterB_rulefix,strict_all
ParameterDefinition:pd_493ba68d8f9b9d294be1,ParameterDefinition,,,,,,,,,,,pd_493ba68d8f9b9d294be1,price_value,,,0.538,yuan,7eaf09735789fb157333e167d65949191efc446bd8832cec7b3714b1665677bb,,,,,,,,,step7b_iterB_rulefix,strict_all
ParameterDefinition:pd_49831e4f2fa97c90409a,ParameterDefinition,,,,,,,,,,,pd_49831e4f2fa97c90409a,time_window,,,13:00-17:00,time_window,64474f48c32d4de73d3e8e4821eb53966407fa8bbb65cb655c3a4d56dd8fbab5,,,between,,,,,,step7b_iterB_rulefix,strict_all
ParameterDefinition:pd_4a318a88a088efc6a56c,ParameterDefinition,,,,,,,,,,,pd_4a318a88a088efc6a56c,consumption_threshold_kwh,,,400.0,kwh,fb0a3ea295a79ac88b8dc3051d033f6beaa5054f869d95262c2a2f57fc89e76d,181.0,400.0,between,,,,,,step7b_iterB_rulefix,strict_all
ParameterDefinition:pd_4b0c47d394d39fbf5b1f,ParameterDefinition,,,,,,,,,,,pd_4b0c47d394d39fbf5b1f,price_value,,,0.477,yuan_per_kwh,0f5a93f32bd2f8658e9b37f3a7c66ab1fe33f0d67141a717588b021161cc010f,,,,,,,,,step7b_iterB_rulefix,strict_all
ParameterDefinition:pd_4c8afcb7e1242df8c332,ParameterDefinition,,,,,,,,,,,pd_4c8afcb7e1242df8c332,subsidy_amount,,,7000.0,yuan,18331f85aceb87dfa057a8899ed9da312610c948225a769e2cefb139e95fab40,,,,,,,,,step7b_iterB_rulefix,strict_all
ParameterDefinition:pd_4ca797032d50929e6c62,ParameterDefinition,,,,,,,,,,,pd_4ca797032d50929e6c62,subsidy_amount,,,2000.0,yuan,d4c9337e4d3f17e14016b5edb79be0949f20152eb429b73a655557dea787334b,,,,,,,,,step7b_iterB_rulefix,strict_all
ParameterDefinition:pd_4cadaa63616db8ecd7ac,ParameterDefinition,,,,,,,,,,,pd_4cadaa63616db8ecd7ac,subsidy_amount,,,3000.0,yuan,714c0ca2296baf607914229a04af5834b3fa37a0e9988a6533d9d3e8c54087c7,,,,,,,,,step7b_iterB_rulefix,strict_all
ParameterDefinition:pd_4cdcd6b9beb7dc3b7162,ParameterDefinition,,,,,,,,,,,pd_4cdcd6b9beb7dc3b7162,consumption_threshold_kwh,,,2040.0,kwh,0489e06401242b5a1dc3dadae49210a04ca9b5470fe566a79929bc877322f612,,,threshold,,,,,,step7b_iterB_rulefix,strict_all
ParameterDefinition:pd_4d78609abbbfe3a85660,ParameterDefinition,,,,,,,,,,,pd_4d78609abbbfe3a85660,area_subsidy_amount,,,40.0,yuan_per_sqm,185e597964471e63d52a66e70d5349532dcd4bac8cb2d6b926c2b790150ccabd,,,,,,,,,step7b_iterB_rulefix,strict_all
ParameterDefinition:pd_4d8a8db5d11fe6504a54,ParameterDefinition,,,,,,,,,,,pd_4d8a8db5d11fe6504a54,time_window,,,19:30-21:30,time_window,dcb934165d5d46d134bc9055a5f948b88c6fa615f66aa24d7b75493cb7c4a961,,,between,,,,,,step7b_iterB_rulefix,strict_all
ParameterDefinition:pd_4de01788e8c3154d9e21,ParameterDefinition,,,,,,,,,,,pd_4de01788e8c3154d9e21,ratio_target,,,70.0,percent,c2a6d9a953e412868d1f4878e3ee64f22cda6815a5640df1243a6f0c361ece64,,,,,,,,,step7b_iterB_rulefix,strict_all
ParameterDefinition:pd_4f65ad8d4a27c77ae7cd,ParameterDefinition,,,,,,,,,,,pd_4f65ad8d4a27c77ae7cd,ratio_target,,,50.0,percent,7b7e0fc6a7ed4ead83347d9cec0af6bef6997f18d3c7c4628fab2812c7466b3f,,,,,,,,,step7b_iterB_rulefix,strict_all
ParameterDefinition:pd_4fcd16bb39906bf178d5,ParameterDefinition,,,,,,,,,,,pd_4fcd16bb39906bf178d5,time_window,,,09:00-11:00,time_window,9b73c8767d35cdf0f51f89de5a5f73b02e5c6ad33b5aca035df2c3be4c6f66dd,,,between,,,,,,step7b_iterB_rulefix,strict_all
ParameterDefinition:pd_5107f0bcd7bd3887b746,ParameterDefinition,,,,,,,,,,,pd_5107f0bcd7bd3887b746,duration_threshold_hour,,,10.0,hour,6cc8044f1b1b19f97c80c851acdc633b2c2863619773a6e71f7d962c29831a7e,,,,,,,,,step7b_iterB_rulefix,strict_all
ParameterDefinition:pd_51bae201f5f1ae30f518,ParameterDefinition,,,,,,,,,,,pd_51bae201f5f1ae30f518,price_value,,,0.5469,yuan_per_kwh,6cb81aff9d4ab10b03e73c0c245e06c96f231eeab1af328068142f452b6d4d38,,,,,,,,,step7b_iterB_rulefix,strict_all
ParameterDefinition:pd_5234b15d62f46879d157,ParameterDefinition,,,,,,,,,,,pd_5234b15d62f46879d157,price_value,,,0.3771,yuan,765cc8b052bd496933a7de6a328088ac3e015ad55f217552e1c6bcb83014b9f6,,,,,,,,,step7b_iterB_rulefix,strict_all
ParameterDefinition:pd_52bc6028c1eebb2ef691,ParameterDefinition,,,,,,,,,,,pd_52bc6028c1eebb2ef691,subsidy_amount,,,2.0,ten_thousand_yuan,537f04a461a980106845f2f43605896185ab189eb1d1b1e24febd4a4ef8af8c6,,,,,,,,,step7b_iterB_rulefix,strict_all
ParameterDefinition:pd_555e2c187507ae52510e,ParameterDefinition,,,,,,,,,,,pd_555e2c187507ae52510e,price_delta_pct,,,0.79,percent,7253bb5bd390d6ea8a2b94da9b30739259f4f6c6b44a91b6de78b4a350723912,,,,,,,,,step7b_iterB_rulefix,strict_all
ParameterDefinition:pd_594065ba3aaa732d543d,ParameterDefinition,,,,,,,,,,,pd_594065ba3aaa732d543d,price_delta_pct,,,45.0,percent,14eb1d8d0f328755eac0c402fc31abe0e236b6c128721875e9fea132b1d8ae1d,,,,,,,,,step7b_iterB_rulefix,strict_all
ParameterDefinition:pd_595a6743e62a4606fe8a,ParameterDefinition,,,,,,,,,,,pd_595a6743e62a4606fe8a,ratio_target,,,0.4,percent,89b0756b4ce7a09d60500caae7f3fadd774e29bd6a75f647e5e0bc34e874395c,,,,,,,,,step7b_iterB_rulefix,strict_all
ParameterDefinition:pd_59d13e5432c1c2af36b3,ParameterDefinition,,,,,,,,,,,pd_59d13e5432c1c2af36b3,consumption_threshold_kwh,,,180.0,kwh,08cc64075084281fe5613b6958445c204aad1f3c04b47fee17dc61554ab4a8fd,,,,,,,,,step7b_iterB_rulefix,strict_all
ParameterDefinition:pd_5ab23ebeef7444d62959,ParameterDefinition,,,,,,,,,,,pd_5ab23ebeef7444d62959,subsidy_amount,,,5000.0,yuan,a1fe88dc658aac06440288b07025ac2c4e323b926fb74f1ffeaa3b06a9e0b992,,,,,,,,,step7b_iterB_rulefix,strict_all
ParameterDefinition:pd_5b1a9d6aaef2e3b282c3,ParameterDefinition,,,,,,,,,,,pd_5b1a9d6aaef2e3b282c3,price_delta_pct,,,84.3,percent,c0cc5e32e647e2a2da8724e80b1a105dce9518b5df9175ee4575a8d03a735e55,,,,,,,,,step7b_iterB_rulefix,strict_all
ParameterDefinition:pd_5bd1f4ebd4f0065e00b1,ParameterDefinition,,,,,,,,,,,pd_5bd1f4ebd4f0065e00b1,target_household_count,,,500.0,household,75e4312fb0fb1ee56924d9420f7507bee33bdfb48133df7300af19b793e818ad,,,threshold,,,,,,step7b_iterB_rulefix,strict_all
ParameterDefinition:pd_5d3914daf87f7788f1ee,ParameterDefinition,,,,,,,,,,,pd_5d3914daf87f7788f1ee,ratio_target,,,1.7:1:0.38,none,e8b06405838ab288718d80b78c83f30b4dc6781a6d816e317a57c3c0c417f88b,,,,,,,,,step7b_iterB_rulefix,strict_all
ParameterDefinition:pd_5d3bdc7a349f1f166718,ParameterDefinition,,,,,,,,,,,pd_5d3bdc7a349f1f166718,price_value,,,0.4556,yuan_per_kwh,cb3efa5eec05bc07b034be20a9265ba32e2bb9d23a039efe9bf1630ae2c49cce,,,,,,,,,step7b_iterB_rulefix,strict_all
ParameterDefinition:pd_5d96363b6042d3a0f0cf,ParameterDefinition,,,,,,,,,,,pd_5d96363b6042d3a0f0cf,subsidy_amount,,,3.0,ten_thousand_yuan,9cdd4f30c3145ac7d517ae2ffadd6a3730d1f62fa74b676b7270eeb46603de73,,,,,,,,,step7b_iterB_rulefix,strict_all
ParameterDefinition:pd_5e2c5b18196037ea9f62,ParameterDefinition,,,,,,,,,,,pd_5e2c5b18196037ea9f62,time_window,,,21:00-22:00,time_window,6a0b7876217f61e913ea93c11f46a4c462f531b66f19ff0d06cb4564c4431804,,,between,,,,,,step7b_iterB_rulefix,strict_all
ParameterDefinition:pd_5f3f527eb4ae8523ffa4,ParameterDefinition,,,,,,,,,,,pd_5f3f527eb4ae8523ffa4,price_value,,,0.5224,yuan_per_kwh,580f512bddcf150c136fa510dee7ea6d3b8dd12f71a5b940846c0d577e552ad5,,,,,,,,,step7b_iterB_rulefix,strict_all
ParameterDefinition:pd_617be48d0f879f71fb0e,ParameterDefinition,,,,,,,,,,,pd_617be48d0f879f71fb0e,price_delta_pct,,,59.0,percent,782b2fdd0cb2ab86cdfb07566d1a9ae2b2a8edbdc3dfe0a34258748063a93aad,,,,,,,,,step7b_iterB_rulefix,strict_all
ParameterDefinition:pd_6182690174b522cb37dc,ParameterDefinition,,,,,,,,,,,pd_6182690174b522cb37dc,area_subsidy_amount,,,150.0,yuan_per_sqm,c4a3526149f71a9f1eb7ef2e3b520dcfe5aa6c0c2d5bd97f59250cb4a4818749,,,,,,,,,step7b_iterB_rulefix,strict_all
ParameterDefinition:pd_619ccb11c70e71b12c93,ParameterDefinition,,,,,,,,,,,pd_619ccb11c70e71b12c93,time_window,,,22:00-24:00,time_window,44a05a4ce471ff40e522e371110b0e2832bcc98cb39f3f50b62b4ba19ae4eff7,,,between,,,,,,step7b_iterB_rulefix,strict_all
ParameterDefinition:pd_61fc063c7828e9db0c8f,ParameterDefinition,,,,,,,,,,,pd_61fc063c7828e9db0c8f,time_window,,,11:00-18:00,time_window,289d3455dbf6b6ce4aa6221d0b01c6766698fe7df567f15f287da3e9f84e434d,,,between,,,,,,step7b_iterB_rulefix,strict_all
ParameterDefinition:pd_64b745436126bdd5ebc8,ParameterDefinition,,,,,,,,,,,pd_64b745436126bdd5ebc8,consumption_threshold_kwh,,,280.0,kwh,ad9b4716514f30bc5951dfa0efc6dc1020caa464c05d359ca69eda0b715189f7,181.0,280.0,between,,,,,,step7b_iterB_rulefix,strict_all
ParameterDefinition:pd_64ec321889d60cd1a4bb,ParameterDefinition,,,,,,,,,,,pd_64ec321889d60cd1a4bb,time_window,,,08:00-16:00,time_window,b7ce4996016dbdd9773a0d8d225b8f480343066bfcb5abe9bd397eacd0725c33,,,between,,,,,,step7b_iterB_rulefix,strict_all
ParameterDefinition:pd_6564db32a3f4191e1300,ParameterDefinition,,,,,,,,,,,pd_6564db32a3f4191e1300,ratio_target,,,3.0,percent,10337aaeb551127b7eb8fd0c5d7eb63a497ce1c1a8e0d71d12331fec938e3a0d,,,,,,,,,step7b_iterB_rulefix,strict_all
ParameterDefinition:pd_66f6b4bc3e169a444d8e,ParameterDefinition,,,,,,,,,,,pd_66f6b4bc3e169a444d8e,time_window,,,19:00-21:00,time_window,7d508357bcf8c0e28bfe383c9038973f2dc3f4b52752288ba742c2fa287158be,,,between,,,,,,step7b_iterB_rulefix,strict_all
ParameterDefinition:pd_682c2900512febe3911d,ParameterDefinition,,,,,,,,,,,pd_682c2900512febe3911d,consumption_threshold_kwh,,,2041.0,kwh,d641cf619ea86a78b28b8b8535d02e7252f7a740f69ea3996c0ce3192d80ab77,,,,,,,,,step7b_iterB_rulefix,strict_all
ParameterDefinition:pd_68ab122f686bde57d9fa,ParameterDefinition,,,,,,,,,,,pd_68ab122f686bde57d9fa,price_delta_pct,,,74.0,percent,f84a45b10c5ba94528d335bd4d6fbaa50357b726ebd888e043684e077ffb8639,,,,,,,,,step7b_iterB_rulefix,strict_all
ParameterDefinition:pd_69331f3ff02f7c0573f9,ParameterDefinition,,,,,,,,,,,pd_69331f3ff02f7c0573f9,ratio_target,,,1.65:1:0.5,none,7ae46c132dbf9189737c571be5800edeca0b3f53fed83894880ff6a46822480b,,,,,,,,,step7b_iterB_rulefix,strict_all
ParameterDefinition:pd_69697f57149656ea0675,ParameterDefinition,,,,,,,,,,,pd_69697f57149656ea0675,price_delta_pct,,,27.0,percent,b9e28838e4353c77b75e0320b0e467d79f690cde19059ede1cd701b051cbff2d,,,,,,,,,step7b_iterB_rulefix,strict_all
ParameterDefinition:pd_69bb819a0dc655e0ad53,ParameterDefinition,,,,,,,,,,,pd_69bb819a0dc655e0ad53,subsidy_amount,,,2.74,ten_thousand_yuan,7c02b85a1658bfe0934a90c3633c106fafeeee73e845f653058d00aac28392d9,,,,,,,,,step7b_iterB_rulefix,strict_all
ParameterDefinition:pd_6a4f7dd52969497f5bf8,ParameterDefinition,,,,,,,,,,,pd_6a4f7dd52969497f5bf8,consumption_threshold_kwh,,,2760.0,kwh,e23d1dc72be1a4f7e2d15080742f02eed373015e30685e29b08ff99a713ede73,,,threshold,,,,,,step7b_iterB_rulefix,strict_all
ParameterDefinition:pd_6a5aa9e6ba6c8f72b290,ParameterDefinition,,,,,,,,,,,pd_6a5aa9e6ba6c8f72b290,price_value,,,0.525,yuan,ca06f1afe27273c6c2a2875cb2b247bab7443df0b1242fbfd4efd3c897f9c2d2,,,,,,,,,step7b_iterB_rulefix,strict_all
ParameterDefinition:pd_6a7e2fa8c58e784a80f6,ParameterDefinition,,,,,,,,,,,pd_6a7e2fa8c58e784a80f6,consumption_threshold_kwh,,,15.0,kwh,d5e2ed4f96e063bba115d4358db8577dafdc0fe34dc2d2bde917a7e49e5b05d7,,,,,,,,,step7b_iterB_rulefix,strict_all
ParameterDefinition:pd_6aba9028dcc639afa83d,ParameterDefinition,,,,,,,,,,,pd_6aba9028dcc639afa83d,consumption_threshold_kwh,,,260.0,kwh,03a93e63f452c822a57dd2ac4c031717c73409c8b6a008e2151c6cda7e8b3e69,180.0,260.0,between,,,,,,step7b_iterB_rulefix,strict_all
ParameterDefinition:pd_6bf9e754cd6285fd9c91,ParameterDefinition,,,,,,,,,,,pd_6bf9e754cd6285fd9c91,price_value,,,0.2862,yuan_per_kwh,71b70dfc0c245358668ac1f39d12cca73cc15cddcefe1b21ad3aa921cf432509,,,,,,,,,step7b_iterB_rulefix,strict_all
ParameterDefinition:pd_6e3b048ba6263f0f6d98,ParameterDefinition,,,,,,,,,,,pd_6e3b048ba6263f0f6d98,price_value,,,100.0,yuan,4506d1a2eb01b44eaf8ff79fa48e52452012fe50279ef3d1ce912bbfdaf8ac46,,,,,,,,,step7b_iterB_rulefix,strict_all
ParameterDefinition:pd_6f752cd2027d585cf1b5,ParameterDefinition,,,,,,,,,,,pd_6f752cd2027d585cf1b5,ratio_target,,,25.0,percent,1cc0166b8157b0d20290e4edf930ab888585e459483b5b738ab183bcabf31bcf,,,,,,,,,step7b_iterB_rulefix,strict_all
ParameterDefinition:pd_70cf978500580bd9c450,ParameterDefinition,,,,,,,,,,,pd_70cf978500580bd9c450,target_household_count,,,3041.0,household,d5e25ce6bf73ce2be717c4fc70e39948089806625f71c430ea1e07566ff40c78,,,,,,,,,step7b_iterB_rulefix,strict_all
ParameterDefinition:pd_72a503c7e684700fadb8,ParameterDefinition,,,,,,,,,,,pd_72a503c7e684700fadb8,ratio_target,,,40.0,percent,cf2743c09a324d13ee8aafc29b735d4ce4e5084acf1089fa6472791150b1ac29,,,,,,,,,step7b_iterB_rulefix,strict_all
ParameterDefinition:pd_748d059e617e8e4e0dca,ParameterDefinition,,,,,,,,,,,pd_748d059e617e8e4e0dca,subsidy_amount,,,8000.0,yuan,660c6ae1ce8166a522602a2d61a3b7d3def771c3f7669c5d4ea084b3830b8102,,,,,,,,,step7b_iterB_rulefix,strict_all
ParameterDefinition:pd_749870e75314e0232c5c,ParameterDefinition,,,,,,,,,,,pd_749870e75314e0232c5c,time_window,,,18:00-22:00,time_window,cd84251ffd90211597c53fb7b3c31efb924f53a2aebaf8f96408ed1879468058,,,between,,,,,,step7b_iterB_rulefix,strict_all
ParameterDefinition:pd_754d75b1b8f0a563504f,ParameterDefinition,,,,,,,,,,,pd_754d75b1b8f0a563504f,duration_threshold_hour,,,8.0,hour,cb98d2fb577efb23e3a7bd9ddc2a78702c51f602189fe5317e48925731a44dcd,,,,,,,,,step7b_iterB_rulefix,strict_all
ParameterDefinition:pd_75d6c7a0f7d08b27bc9e,ParameterDefinition,,,,,,,,,,,pd_75d6c7a0f7d08b27bc9e,price_value,,,0.05,yuan_per_kwh,a80c0b1e8d0af402fd092d9f39667d43d6048d6a6c16d1a18a90baecafc382bc,,,,,,,,,step7b_iterB_rulefix,strict_all
ParameterDefinition:pd_767a09fba986ece3d045,ParameterDefinition,,,,,,,,,,,pd_767a09fba986ece3d045,subsidy_amount,,,2.1,ten_thousand_yuan,7ba8e8eac31425e22877b60ab4862aa4b88aa54ac2efa2d4bf733baac980e5b8,,,,,,,,,step7b_iterB_rulefix,strict_all
ParameterDefinition:pd_76839dced5f1cb19bdf3,ParameterDefinition,,,,,,,,,,,pd_76839dced5f1cb19bdf3,time_window,,,16:00-20:00,time_window,744e2241cb31353ff9329ad3e0cd2dd4f823ff643c09df320b956c98e946a99d,,,between,,,,,,step7b_iterB_rulefix,strict_all
ParameterDefinition:pd_77ef57c0224336758446,ParameterDefinition,,,,,,,,,,,pd_77ef57c0224336758446,time_window,,,14:00-16:00,time_window,3e362cb878b317fc013c2385333c231e6cee6d50941b3e32d56b1a4237a88138,,,between,,,,,,step7b_iterB_rulefix,strict_all
ParameterDefinition:pd_7811f4c1f232fa19c73b,ParameterDefinition,,,,,,,,,,,pd_7811f4c1f232fa19c73b,subsidy_amount,,,1.0,ten_thousand_yuan,39c097a546d03d8ab5d331e705c6b1beecc29f7f9abe885653e25212df55c41c,,,,,,,,,step7b_iterB_rulefix,strict_all
ParameterDefinition:pd_7861261582c8b2d63ca3,ParameterDefinition,,,,,,,,,,,pd_7861261582c8b2d63ca3,consumption_threshold_kwh,,,281.0,kwh,e8ac89646e6b780262a5c02948cb58d80431b68a15b9bc53c8b58affe27e8623,,,threshold,,,,,,step7b_iterB_rulefix,strict_all
ParameterDefinition:pd_788d8982f19046170703,ParameterDefinition,,,,,,,,,,,pd_788d8982f19046170703,tonnage_threshold,,,3000.0,ton,580b0fd9a704a2a53649fcf07b1f50c547a33192503225f34d30c2b88274b4eb,,,,,,,,,step7b_iterB_rulefix,strict_all
ParameterDefinition:pd_79a8f1d3a50edb45517e,ParameterDefinition,,,,,,,,,,,pd_79a8f1d3a50edb45517e,subsidy_amount,,,5.0,ten_thousand_yuan,44aac2a920c258bf4ed6f39f3422c83fa980248a0b94ef450207a2667bc6fc34,,,,,,,,,step7b_iterB_rulefix,strict_all
ParameterDefinition:pd_7ccd7d16a687c2ba00a5,ParameterDefinition,,,,,,,,,,,pd_7ccd7d16a687c2ba00a5,time_window,,,24:00,time_window,317d20a1ffd6a4355f5daf55ac59ad3f2b5b45c916369e63dd8ce2e66591f3ef,,,point,,,,,,step7b_iterB_rulefix,strict_all
ParameterDefinition:pd_7e186f485b8813557e25,ParameterDefinition,,,,,,,,,,,pd_7e186f485b8813557e25,ratio_target,,,94.0,percent,6e5d4eeae88c8b7e889a96d4c2c1f5c1626a0f78e14d2d4da475178edb5fa570,,,,,,,,,step7b_iterB_rulefix,strict_all
ParameterDefinition:pd_7e9983af2b07ae16f863,ParameterDefinition,,,,,,,,,,,pd_7e9983af2b07ae16f863,consumption_threshold_kwh,,,13650.0,kwh,e75e15af4dd7b14cb956d9bf363d077d3794e8fe784c1c0abacae1c0e9b1dad0,,,,,,,,,step7b_iterB_rulefix,strict_all
ParameterDefinition:pd_81d9a96f10dab843ce69,ParameterDefinition,,,,,,,,,,,pd_81d9a96f10dab843ce69,price_delta_pct,,,65.0,percent,9abd1b9f8baba3bc5030ea1f7578cb7846a7cc8b3d4d933751c50e8526f60d5e,,,,,,,,,step7b_iterB_rulefix,strict_all
ParameterDefinition:pd_843685cbd3b1f2fb579c,ParameterDefinition,,,,,,,,,,,pd_843685cbd3b1f2fb579c,time_window,,,07:00-10:00,time_window,a03ed84059d7bfb131d96a5f2cae2fdb6307f97f901822f1e20fa7cca718b6f6,,,between,,,,,,step7b_iterB_rulefix,strict_all
ParameterDefinition:pd_850fb73738204c38880a,ParameterDefinition,,,,,,,,,,,pd_850fb73738204c38880a,price_delta_pct,,,68.0,percent,fcc6097b94c99c22a13c52104b00a2ba6f7aedb60be69d5973e5230950bf3250,,,,,,,,,step7b_iterB_rulefix,strict_all
ParameterDefinition:pd_878ae8e20c170b4ad7dc,ParameterDefinition,,,,,,,,,,,pd_878ae8e20c170b4ad7dc,price_value,,,1.62,yuan_per_kwh,2f3ce593374e052965831da58cfeba0771321acf34d8383fa0465a0842ba3a41,,,,,,,,,step7b_iterB_rulefix,strict_all
ParameterDefinition:pd_8956746da2418897ee8c,ParameterDefinition,,,,,,,,,,,pd_8956746da2418897ee8c,consumption_threshold_kwh,,,3000.0,kwh,0376333423eb1d6eecd8985e56271fabf26a53d5abbf4fa50267dd887a410c83,,,threshold,,,,,,step7b_iterB_rulefix,strict_all
ParameterDefinition:pd_8959901ddded17be253c,ParameterDefinition,,,,,,,,,,,pd_8959901ddded17be253c,price_delta_pct,,,11.0,percent,ec92f34b2a5bad3cd5b0f8d814e61d71c9a18dd3b5074f42d1c10d72d1ae3509,,,,,,,,,step7b_iterB_rulefix,strict_all
ParameterDefinition:pd_8a693ede6e7c698e5317,ParameterDefinition,,,,,,,,,,,pd_8a693ede6e7c698e5317,price_value,,,0.04,yuan_per_kwh,c4214bc80c1b8f9fadf4a912d689243cd6096e565ef3ff04cce9def920ebd1da,,,,,,,,,step7b_iterB_rulefix,strict_all
ParameterDefinition:pd_8ac00f0dcf4e20b172df,ParameterDefinition,,,,,,,,,,,pd_8ac00f0dcf4e20b172df,price_delta_pct,,,20.0,percent,407a565977e96052c04c1e9b1bc7f4fa5449912fa57075900bc7b7a8f36c466f,,,,,,,,,step7b_iterB_rulefix,strict_all
ParameterDefinition:pd_8b456a4570d10d698942,ParameterDefinition,,,,,,,,,,,pd_8b456a4570d10d698942,duration_threshold_year,,,3.0,year,fa8233011a0727943e45f6b6fc3e67e07376f4c5a424814524d420cbd0a257a2,,,threshold,,,,,,step7b_iterB_rulefix,strict_all
ParameterDefinition:pd_8b5e18075f4ac686dd47,ParameterDefinition,,,,,,,,,,,pd_8b5e18075f4ac686dd47,time_window,,,00:00-06:00,time_window,6fa77040c081697793ccd556ad771c8704824f8975a89c08537b862c6f22df67,,,between,,,,,,step7b_iterB_rulefix,strict_all
ParameterDefinition:pd_8c45f2b3031478d7f2b6,ParameterDefinition,,,,,,,,,,,pd_8c45f2b3031478d7f2b6,ratio_target,,,9.5,percent,fedc189c6cd8969bd6cc95e276d0a3a475e9bf548bc054517125b12df5ec66c0,,,,,,,,,step7b_iterB_rulefix,strict_all
ParameterDefinition:pd_8ca50407d63cde45929f,ParameterDefinition,,,,,,,,,,,pd_8ca50407d63cde45929f,price_value,,,0.6771,yuan,1046ed95e40a4f24a56c358b23ed7b7e175d410d1c0eeaaa88151a2e70440319,,,,,,,,,step7b_iterB_rulefix,strict_all
ParameterDefinition:pd_8e026df3d74fbe54de78,ParameterDefinition,,,,,,,,,,,pd_8e026df3d74fbe54de78,other,,,0.1,kw,32c0f018d354eac55770893afbf51578daf51303c93c6dde3c5a7c278bf4afa5,,,,,,,,,step7b_iterB_rulefix,strict_all
ParameterDefinition:pd_8e1d174c5c7b2448b5ce,ParameterDefinition,,,,,,,,,,,pd_8e1d174c5c7b2448b5ce,price_delta_pct,,,55.0,percent,d59fa0ab5c7fe6f21218534f60027e4ba1ad29ec0cb5ceedaddaac9c6971be6f,,,,,,,,,step7b_iterB_rulefix,strict_all
ParameterDefinition:pd_8e258ad2cd1aeb52cdc9,ParameterDefinition,,,,,,,,,,,pd_8e258ad2cd1aeb52cdc9,ratio_target,,,10.0,percent,93c14f3b39d3e0646284be574e080a586a76b15c1baa9bd08ab1f5c057d50599,,,,,,,,,step7b_iterB_rulefix,strict_all
ParameterDefinition:pd_8e72f1e27774e17ac058,ParameterDefinition,,,,,,,,,,,pd_8e72f1e27774e17ac058,consumption_threshold_kwh,,,4700.0,kwh,6ea9f58502215051c8b089e8eccfc896fabb33be479eadeb032885e2a43b1846,,,threshold,,,,,,step7b_iterB_rulefix,strict_all
ParameterDefinition:pd_8f20d5d479f40ff4f91e,ParameterDefinition,,,,,,,,,,,pd_8f20d5d479f40ff4f91e,time_window,,,17:00-20:00,time_window,dd0eacde2c9b592ed62e7de51dd08656dca496a45364d6244ab47aac96b893b4,,,between,,,,,,step7b_iterB_rulefix,strict_all
ParameterDefinition:pd_8f812fa71518c9adb08b,ParameterDefinition,,,,,,,,,,,pd_8f812fa71518c9adb08b,subsidy_amount,,,1.44,ten_thousand_yuan,76012cab7b8dc4396e73429f155eddd3f71550685dd031e4af8814b7e8be1c3b,,,,,,,,,step7b_iterB_rulefix,strict_all
ParameterDefinition:pd_9001cc154d3e169bdd61,ParameterDefinition,,,,,,,,,,,pd_9001cc154d3e169bdd61,price_value,,,0.0634,yuan_per_kwh,ee949046d29f89f2e6dd6f3aea7c56ca782fc82237f4cdc9bd9061fdce45087f,,,,,,,,,step7b_iterB_rulefix,strict_all
ParameterDefinition:pd_9096e05c946e5fec7ce7,ParameterDefinition,,,,,,,,,,,pd_9096e05c946e5fec7ce7,price_value,,,0.4271,yuan,9eb8e8c3e5e995d07600013bd76958b7d4d898c6dcf71cbebce6350f5724c38c,,,,,,,,,step7b_iterB_rulefix,strict_all
ParameterDefinition:pd_90cf99c6f598d242e613,ParameterDefinition,,,,,,,,,,,pd_90cf99c6f598d242e613,price_value,,,0.1,yuan_per_kwh,1ba0fc3ea7c1036b90f82a52dd091378829e7cb7d4f2c1d6ea3957c937d4174f,,,,,,,,,step7b_iterB_rulefix,strict_all
ParameterDefinition:pd_91340b6d68d4c71fd8b8,ParameterDefinition,,,,,,,,,,,pd_91340b6d68d4c71fd8b8,tonnage_threshold,,,20.0,ton,8bab43ee1cc7c5a38aa95805ea77087d327c01dd4a0236f69aef7ca50b7cf36d,,,,,,,,,step7b_iterB_rulefix,strict_all
ParameterDefinition:pd_91a1c9cf9e03d2e7dd9c,ParameterDefinition,,,,,,,,,,,pd_91a1c9cf9e03d2e7dd9c,ratio_target,,,100.0,percent,17720f4288ab733d7ebf706142ee173d192cb4ff7629f5f5884963998b7c181c,,,,,,,,,step7b_iterB_rulefix,strict_all
ParameterDefinition:pd_93ddd0dc9f28f713406f,ParameterDefinition,,,,,,,,,,,pd_93ddd0dc9f28f713406f,ratio_target,,,55.0,percent,0ebc14245a482fcb9f04d2623841e61d33ba2fedcf6cadb64dc670d85a943d9d,,,,,,,,,step7b_iterB_rulefix,strict_all
ParameterDefinition:pd_941e613e06e4c7f8a6ad,ParameterDefinition,,,,,,,,,,,pd_941e613e06e4c7f8a6ad,consumption_threshold_kwh,,,13300.0,kwh,f2d1968bc82581ebe9bcb90e597429e6d6ee1987c3f196add78b5215fb28f622,,,,,,,,,step7b_iterB_rulefix,strict_all
ParameterDefinition:pd_942e5d4048aa30025930,ParameterDefinition,,,,,,,,,,,pd_942e5d4048aa30025930,ratio_target,,,3:1,none,4586725ab4c6ad4c23e14f2a126e60fc541287188c7105b74f84f16be17ec45a,,,,,,,,,step7b_iterB_rulefix,strict_all
ParameterDefinition:pd_94bea33b8c9f7c4b0faf,ParameterDefinition,,,,,,,,,,,pd_94bea33b8c9f7c4b0faf,time_window,,,08:00-15:00,time_window,dcc3f8369a62bda097670d795d6eb7ad6185cb2c101dc1f6fbbdc0ab7bc7bd9a,,,between,,,,,,step7b_iterB_rulefix,strict_all
ParameterDefinition:pd_955503d802ffd714dc70,ParameterDefinition,,,,,,,,,,,pd_955503d802ffd714dc70,price_value,,,0.507,yuan_per_kwh,647f2a81ad08ebaf766730470d96e0c59724258df7e0502ca2ac1f3a5e087f99,,,,,,,,,step7b_iterB_rulefix,strict_all
ParameterDefinition:pd_971351e0b503312021c8,ParameterDefinition,,,,,,,,,,,pd_971351e0b503312021c8,time_window,,,15:00-17:00,time_window,105b18a750dd9277372d6197410fa87bfa8f53807dcb3904638aca1b3bcf1a62,,,between,,,,,,step7b_iterB_rulefix,strict_all
ParameterDefinition:pd_98041f81920656b8b65a,ParameterDefinition,,,,,,,,,,,pd_98041f81920656b8b65a,subsidy_amount,,,1200.0,yuan,d156cb1feef2c663bfa30355d173f42a8ae6258fc2fd1261cc07d2976b901f88,,,,,,,,,step7b_iterB_rulefix,strict_all
ParameterDefinition:pd_997034585c224089b77e,ParameterDefinition,,,,,,,,,,,pd_997034585c224089b77e,price_value,,,0.7556,yuan_per_kwh,654ca3e8756fe59944b7ac5d66abc582fbb141e25fed4c87b08528467a0160c8,,,,,,,,,step7b_iterB_rulefix,strict_all
ParameterDefinition:pd_9a86a40f2759746d104a,ParameterDefinition,,,,,,,,,,,pd_9a86a40f2759746d104a,subsidy_amount,,,1.5,ten_thousand_yuan,b97ac666206d812632eba70ad25947bedbebc69fd12f9d47f310178836a53609,,,,,,,,,step7b_iterB_rulefix,strict_all
ParameterDefinition:pd_9adece8e9a08184b0035,ParameterDefinition,,,,,,,,,,,pd_9adece8e9a08184b0035,price_value,,,0.09729,yuan_per_kwh,5e8eaf8543b2e306e81ec47c03b1fb4456a8e77c19312dfbc179c69f5acb645b,,,,,,,,,step7b_iterB_rulefix,strict_all
ParameterDefinition:pd_9b3998168344d5b5b01b,ParameterDefinition,,,,,,,,,,,pd_9b3998168344d5b5b01b,subsidy_amount,,,3200.0,yuan_per_ton,9fd55a9d7a9b9e289c7a739ceaeeeb9ba33a783be616d9dd6a681d78087933cd,,,,,,,,,step7b_iterB_rulefix,strict_all
ParameterDefinition:pd_9c8c39a5f7e9ea96fde1,ParameterDefinition,,,,,,,,,,,pd_9c8c39a5f7e9ea96fde1,consumption_threshold_kwh,,,150.0,kwh,c95e2a8f1d47c9604db47139ae6df5b4c364b39740957033576d31c6a8a5628a,,,,,,,,,step7b_iterB_rulefix,strict_all
ParameterDefinition:pd_9cfe1a7bff91df1ea5bb,ParameterDefinition,,,,,,,,,,,pd_9cfe1a7bff91df1ea5bb,time_window,,,16:00-18:00,time_window,bdcbd8fdc29aae02b7b8f99d7af3785e54862f7aed501d1394035bee9af69ff0,,,between,,,,,,step7b_iterB_rulefix,strict_all
ParameterDefinition:pd_9e63a330622a9563467c,ParameterDefinition,,,,,,,,,,,pd_9e63a330622a9563467c,time_window,,,09:00-17:00,time_window,f4ee5e784a007c2d69dbd6f99abf20ce604d242c835c3ce156125daef41ddb0a,,,between,,,,,,step7b_iterB_rulefix,strict_all
ParameterDefinition:pd_9ec4ca6c4dad2021c592,ParameterDefinition,,,,,,,,,,,pd_9ec4ca6c4dad2021c592,ratio_target,,,13.5,percent,18c55d768c2f9ce743218377e3609417874f35209348b5e9520bac06a75befb3,,,,,,,,,step7b_iterB_rulefix,strict_all
ParameterDefinition:pd_9ef6d4184e89f76967e7,ParameterDefinition,,,,,,,,,,,pd_9ef6d4184e89f76967e7,price_value,,,0.527,yuan_per_kwh,cf67ba43d673f102cf919d75f593304180bb666a316933b24009459ca7b734a0,,,,,,,,,step7b_iterB_rulefix,strict_all
ParameterDefinition:pd_9fd4fdaaa2e55907f9e6,ParameterDefinition,,,,,,,,,,,pd_9fd4fdaaa2e55907f9e6,consumption_threshold_kwh,,,2040.0,kwh,0fd63d7c4e3a93b9567aa7265b3d9f58e1627d0aa69ff2976c503fb85513a430,,,,,,,,,step7b_iterB_rulefix,strict_all
ParameterDefinition:pd_a00b1118f5e66b04183f,ParameterDefinition,,,,,,,,,,,pd_a00b1118f5e66b04183f,consumption_threshold_kwh,,,230.0,kwh,e7f12dca2aa3f7fd8c2e15fdb98af00019fcbb354beda01f450973fedbf8de86,151.0,230.0,between,,,,,,step7b_iterB_rulefix,strict_all
ParameterDefinition:pd_a040ee118f90f309d708,ParameterDefinition,,,,,,,,,,,pd_a040ee118f90f309d708,consumption_threshold_kwh,,,401.0,kwh,e10f408da0fca1592c8dbb24233e6f95eb09106515b3802f42492f6b603d429f,,,threshold,,,,,,step7b_iterB_rulefix,strict_all
ParameterDefinition:pd_a09be5ad79c8b0f29f9d,ParameterDefinition,,,,,,,,,,,pd_a09be5ad79c8b0f29f9d,duration_threshold_hour,,,2.0,hour,fe517f8fcf38d725b35c805ab497357b0a6137fecbb789a22d81dbca0c88d7ab,,,,,,,,,step7b_iterB_rulefix,strict_all
ParameterDefinition:pd_a1192cfe2c2b6f8e8863,ParameterDefinition,,,,,,,,,,,pd_a1192cfe2c2b6f8e8863,consumption_threshold_kwh,,,3000.0,kwh,43be7b846fb638806677307ecfeceb998a376d762f0ec8bbb720efd97a7743a6,,,,,,,,,step7b_iterB_rulefix,strict_all
ParameterDefinition:pd_a141b42172f2386e7d2e,ParameterDefinition,,,,,,,,,,,pd_a141b42172f2386e7d2e,subsidy_amount,,,7.84,yuan,63332d0ae250e0bbd2ba486ebf21c8bbec847d8212fcc34eef532996f9b27cdd,,,,,,,,,step7b_iterB_rulefix,strict_all
ParameterDefinition:pd_a17e0cae618b806248f0,ParameterDefinition,,,,,,,,,,,pd_a17e0cae618b806248f0,subsidy_amount,,,0.25,yuan,fddcfba1425e2d8e27c2692ca0b1911812d67dfb3855db92435408dbf551f56e,,,,,,,,,step7b_iterB_rulefix,strict_all
ParameterDefinition:pd_a19524cb4a75642027df,ParameterDefinition,,,,,,,,,,,pd_a19524cb4a75642027df,consumption_threshold_kwh,,,310.0,kwh,8c6c40f07aabb306a3b51d63de6cd27d64e599e248424ceb8d84d257e97793ac,,,threshold,,,,,,step7b_iterB_rulefix,strict_all
ParameterDefinition:pd_a2f8158fc4bca8793cfe,ParameterDefinition,,,,,,,,,,,pd_a2f8158fc4bca8793cfe,price_delta_pct,,,100.0,percent,906a5f099b91a57796a31067bef5bb049e025987ccbdd5ffaf2956cca18f28fd,,,,,,,,,step7b_iterB_rulefix,strict_all
ParameterDefinition:pd_a30f6353b61539727cdb,ParameterDefinition,,,,,,,,,,,pd_a30f6353b61539727cdb,price_value,,,0.28,yuan,0047406e01758a3e8dd32a9ed5fc17de234aa512c5d7c758263e268c4835e7c8,,,,,,,,,step7b_iterB_rulefix,strict_all
ParameterDefinition:pd_a3235924c89853e119cc,ParameterDefinition,,,,,,,,,,,pd_a3235924c89853e119cc,target_household_count,,,13838.0,household,53169870544ee4bf2af571be679dc68c4322c2d5237efea272bd7ab6b21a056f,,,,,,,,,step7b_iterB_rulefix,strict_all
ParameterDefinition:pd_a362ea6dbef2139f54bb,ParameterDefinition,,,,,,,,,,,pd_a362ea6dbef2139f54bb,funding_share_ratio,,,1:1:1,none,2741b5664634761fe47b1a0def7941c89829e6f2a0e09f720f483b05da69fd64,,,,,,,,,step7b_iterB_rulefix,strict_all
ParameterDefinition:pd_a473eef84802b2fc7219,ParameterDefinition,,,,,,,,,,,pd_a473eef84802b2fc7219,price_delta_pct,,,23.0,percent,be268da90242edb3cbdd4a6d1f29f3ef7329f4ef7efa0366420a6aa1cb875bbe,,,,,,,,,step7b_iterB_rulefix,strict_all
ParameterDefinition:pd_a50d82e087ffec8d3e76,ParameterDefinition,,,,,,,,,,,pd_a50d82e087ffec8d3e76,subsidy_amount,,,1478.4,yuan,074a57247537c4336f2c06a2c4524283dc430d5676daac9b3c43f4adf56cc94b,,,,,,,,,step7b_iterB_rulefix,strict_all
ParameterDefinition:pd_a5b0b1c6d27336e6c48b,ParameterDefinition,,,,,,,,,,,pd_a5b0b1c6d27336e6c48b,price_value,,,0.31,yuan,db68561f5ba9adc6f1a706c086ea43a805037cda4df990f84ad343db99d8b2bc,,,,,,,,,step7b_iterB_rulefix,strict_all
ParameterDefinition:pd_a61d800772dd5025ec50,ParameterDefinition,,,,,,,,,,,pd_a61d800772dd5025ec50,price_delta_pct,,,60.0,percent,6ddc641f6525e7be472bd97480539bb5d0fb252f738572227cd98d7eb8e19639,,,,,,,,,step7b_iterB_rulefix,strict_all
ParameterDefinition:pd_a6ae425638732adf390b,ParameterDefinition,,,,,,,,,,,pd_a6ae425638732adf390b,consumption_threshold_kwh,,,230.0,kwh,5a6571466dac273765f167a84c2e343869ec7ec2548a049e54db83d1e4c892df,,,,,,,,,step7b_iterB_rulefix,strict_all
ParameterDefinition:pd_a6d0c9eec886340cb4ef,ParameterDefinition,,,,,,,,,,,pd_a6d0c9eec886340cb4ef,subsidy_amount,,,180.0,yuan,2a146f1f7da96098a778e7e3e7d55d0eb9ab1d8acf6a9bf3d3fde39256778e73,,,,,,,,,step7b_iterB_rulefix,strict_all
ParameterDefinition:pd_a7a168d6be5755709ceb,ParameterDefinition,,,,,,,,,,,pd_a7a168d6be5755709ceb,time_window,,,23:00-24:00,time_window,0e0d7ae510cf12d22c77381793ef35128f33cc006dca19ba07722f34c07dc7a5,,,between,,,,,,step7b_iterB_rulefix,strict_all
ParameterDefinition:pd_a8a80301055c7844d219,ParameterDefinition,,,,,,,,,,,pd_a8a80301055c7844d219,time_window,,,00:00-08:00,time_window,d2be5a60c1e9ac707ed18058f6c190792ece1057a4b7217507b746893d575dab,,,between,,,,,,step7b_iterB_rulefix,strict_all
ParameterDefinition:pd_a8b981c26977f31049c3,ParameterDefinition,,,,,,,,,,,pd_a8b981c26977f31049c3,ratio_target,,,200.0,percent,98209952762e88bd2f7b469f79165d394d70c399b3bfcec15a1003da89882613,,,,,,,,,step7b_iterB_rulefix,strict_all
ParameterDefinition:pd_a8bde6c6bf2ef19d63df,ParameterDefinition,,,,,,,,,,,pd_a8bde6c6bf2ef19d63df,consumption_threshold_kwh,,,2448.0,kwh,2fa1453ebad332cfba17757377a245e81a2af12bd8dc227de4912679d75f8edd,,,,,,,,,step7b_iterB_rulefix,strict_all
ParameterDefinition:pd_a90a0b0943897b8477e2,ParameterDefinition,,,,,,,,,,,pd_a90a0b0943897b8477e2,subsidy_amount,,,300.0,yuan,e5a1eb3e278d7546bbaa66a5d22279cd25d53c9fa2d75c1b3db36f739d7be5c6,,,,,,,,,step7b_iterB_rulefix,strict_all
ParameterDefinition:pd_a96e8591f095cd8e87c6,ParameterDefinition,,,,,,,,,,,pd_a96e8591f095cd8e87c6,ratio_target,,,6.0,percent,92db57a13a54c8a39d29fbb8dc168d530640e9a525300845490084b0b4774717,,,,,,,,,step7b_iterB_rulefix,strict_all
ParameterDefinition:pd_a9cb12af1caf41e391ce,ParameterDefinition,,,,,,,,,,,pd_a9cb12af1caf41e391ce,consumption_threshold_kwh,,,231.0,kwh,90a1c67c2708126fe62a9f602e94aba292af29e108ad437c98756cb542435a2a,,,threshold,,,,,,step7b_iterB_rulefix,strict_all
ParameterDefinition:pd_aa06770120389853fc28,ParameterDefinition,,,,,,,,,,,pd_aa06770120389853fc28,consumption_threshold_kwh,,,340.0,kwh,4f0968f2ead5214ea3264543912d501aab3b49ea400d201f20a537cb155345ab,,,threshold,,,,,,step7b_iterB_rulefix,strict_all
ParameterDefinition:pd_aa07bc932a2e924eccb7,ParameterDefinition,,,,,,,,,,,pd_aa07bc932a2e924eccb7,consumption_threshold_kwh,,,4700.0,kwh,73f4f97ea00ba2155810fc011407db993f4d6c0810284d220de234286aca22f5,,,,,,,,,step7b_iterB_rulefix,strict_all
ParameterDefinition:pd_aadf95b68d81c7fbbbe7,ParameterDefinition,,,,,,,,,,,pd_aadf95b68d81c7fbbbe7,area_subsidy_amount,,,300.0,yuan_per_sqm,3c4a0169cadc5811a5dddb6426f491da6707a0b9eb0cdd5a166284d3c69f5086,,,,,,,,,step7b_iterB_rulefix,strict_all
ParameterDefinition:pd_acafa13fe44800e213fc,ParameterDefinition,,,,,,,,,,,pd_acafa13fe44800e213fc,time_window,,,18:30-20:30,time_window,8fac67b6a0b6c561d09f7341f2efd0ba13e8190dd016074b6c17cf03ad743aea,,,between,,,,,,step7b_iterB_rulefix,strict_all
ParameterDefinition:pd_acf7da94e4bff1ccf57c,ParameterDefinition,,,,,,,,,,,pd_acf7da94e4bff1ccf57c,time_window,,,18:00-20:00,time_window,222eef0723105c2ee6958306c9c19add8136a2c382b4ffdbed6bcb8d44ffa071,,,between,,,,,,step7b_iterB_rulefix,strict_all
ParameterDefinition:pd_ad6264527f1bb4813b4b,ParameterDefinition,,,,,,,,,,,pd_ad6264527f1bb4813b4b,subsidy_amount,,,1.0,yuan,cfecd2a0768d40d267ff9d3700591fd540ea3be519d80f2c913e5c29d42b3740,,,,,,,,,step7b_iterB_rulefix,strict_all
ParameterDefinition:pd_ad8737deefc2a3971ab5,ParameterDefinition,,,,,,,,,,,pd_ad8737deefc2a3971ab5,subsidy_amount,,,6500.0,yuan,080f4c02a8ddf588c8d976bd3d0c0b00e8a1a182441a39406b2aa3fcc77d8060,,,,,,,,,step7b_iterB_rulefix,strict_all
ParameterDefinition:pd_ae251e52b8516e9dbffb,ParameterDefinition,,,,,,,,,,,pd_ae251e52b8516e9dbffb,subsidy_amount,,,4000.0,yuan,bb360d4bc70e4c48f6cdf4dcbb6c7be7b32c0155e011d967e718ff63d3f61c58,,,,,,,,,step7b_iterB_rulefix,strict_all
ParameterDefinition:pd_ae2603cff5288bd965a4,ParameterDefinition,,,,,,,,,,,pd_ae2603cff5288bd965a4,subsidy_amount,,,20.0,ten_thousand_yuan,4be398747a7bfd87b45061f0b28a46cc4fd2699fc74216a69ffeb2acaf648c9f,,,,,,,,,step7b_iterB_rulefix,strict_all
ParameterDefinition:pd_af46c40cd5b05bcda9d9,ParameterDefinition,,,,,,,,,,,pd_af46c40cd5b05bcda9d9,price_value,,,0.64,yuan_per_kwh,5d59bb92293e93d6ba63f216db5bce4319f16524604e748e57bdbd32e5a7073f,,,,,,,,,step7b_iterB_rulefix,strict_all
ParameterDefinition:pd_afc004c77f05c5f9a5e9,ParameterDefinition,,,,,,,,,,,pd_afc004c77f05c5f9a5e9,time_window,,,22:00,time_window,4460134ac7239079c9aa7c815659f9e74c1ecbc0f29a74d7413b308b54e85917,,,point,,,,,,step7b_iterB_rulefix,strict_all
ParameterDefinition:pd_b09c9737587c0118fb7d,ParameterDefinition,,,,,,,,,,,pd_b09c9737587c0118fb7d,consumption_threshold_kwh,,,1470.0,kwh,ae4956b7a8181a371cee443a6ea4e45d3c9c163e255ad23395acc298982d649b,,,,,,,,,step7b_iterB_rulefix,strict_all
ParameterDefinition:pd_b0d4ef33b5baccdf0101,ParameterDefinition,,,,,,,,,,,pd_b0d4ef33b5baccdf0101,consumption_threshold_kwh,,,12.0,kwh,1dea47929b1013a933f0a1bf59930835e6f98652b562af08cd8ddb3fb43e0c0b,,,threshold,,,,,,step7b_iterB_rulefix,strict_all
ParameterDefinition:pd_b1c9e92b7299d42da009,ParameterDefinition,,,,,,,,,,,pd_b1c9e92b7299d42da009,price_delta_pct,,,1.9,percent,3396b115a46bf2a62c4de90f79c551db443e18a6fe581c3f10a585d9b9ba6c1c,,,,,,,,,step7b_iterB_rulefix,strict_all
ParameterDefinition:pd_b310dca139495e1f1b85,ParameterDefinition,,,,,,,,,,,pd_b310dca139495e1f1b85,consumption_threshold_kwh,,,220.0,kwh,387fbe959e071a44b2f1836c2a7f253edec4482bf48ebb0804ce3364a7c6a592,,,threshold,,,,,,step7b_iterB_rulefix,strict_all
ParameterDefinition:pd_b43becfbbb0695e608aa,ParameterDefinition,,,,,,,,,,,pd_b43becfbbb0695e608aa,consumption_threshold_kwh,,,261.0,kwh,6d0dc514e0b9defd13a88d44ca2c619bd7b7dd31408db7e51b2ad832d4192cbf,,,threshold,,,,,,step7b_iterB_rulefix,strict_all
ParameterDefinition:pd_b4a57533dfe44807870a,ParameterDefinition,,,,,,,,,,,pd_b4a57533dfe44807870a,time_window,,,04:00-08:00,time_window,23be8ab23de487cf8f3e9bc25c2b921ea2f73a4033049702b71bcc77fe021a6a,,,between,,,,,,step7b_iterB_rulefix,strict_all
ParameterDefinition:pd_b52517fda067778522e9,ParameterDefinition,,,,,,,,,,,pd_b52517fda067778522e9,consumption_threshold_kwh,,,10.0,kwh,3248401608bf7a8d91967687574c2de8862de939038909459f92dcf2cd86a636,,,,,,,,,step7b_iterB_rulefix,strict_all
ParameterDefinition:pd_b53be0490b67a6c297d1,ParameterDefinition,,,,,,,,,,,pd_b53be0490b67a6c297d1,price_value,,,0.02,yuan,f657596da1b20c5538c631f99114001bc874646f7c683c79fa6eab3a12c49f7e,,,,,,,,,step7b_iterB_rulefix,strict_all
ParameterDefinition:pd_b574f3ac9f9e079c8c3f,ParameterDefinition,,,,,,,,,,,pd_b574f3ac9f9e079c8c3f,ratio_target,,,60.0,percent,47e14bc15175d4b909d59aeb0fb46b070df872f5ecff86b5bd17832bcf8b44b1,,,,,,,,,step7b_iterB_rulefix,strict_all
ParameterDefinition:pd_b59e0b4f76a046fe2088,ParameterDefinition,,,,,,,,,,,pd_b59e0b4f76a046fe2088,time_window,,,08:00-10:00,time_window,a60fa84baa452d2cf5df2c47dcbdae7f38c9269f57c4334f7dcceaca17f37bc5,,,between,,,,,,step7b_iterB_rulefix,strict_all
ParameterDefinition:pd_b6646a306e0b366f4e72,ParameterDefinition,,,,,,,,,,,pd_b6646a306e0b366f4e72,time_window,,,00:00-02:00,time_window,f815030ab5b881ca1133b56a50c0802868a0c4b0669f42ec2434d5915269743d,,,between,,,,,,step7b_iterB_rulefix,strict_all
ParameterDefinition:pd_b6be6f983758f0ee4f76,ParameterDefinition,,,,,,,,,,,pd_b6be6f983758f0ee4f76,consumption_threshold_kwh,,,100.0,kwh,dc8ea74f513dc8124917de8dcbbfb7504cc30659fb7b4d55a6c6e67def4bcd69,,,,,,,,,step7b_iterB_rulefix,strict_all
ParameterDefinition:pd_b6f3b7375cfbf0f1b94d,ParameterDefinition,,,,,,,,,,,pd_b6f3b7375cfbf0f1b94d,consumption_threshold_kwh,,,6000.0,kwh,1a0b3a88ebb284b6611d430e0646f7a0043aed2a77d4c200a153419df62fed44,,,,,,,,,step7b_iterB_rulefix,strict_all
ParameterDefinition:pd_b77639dab2bbc4154876,ParameterDefinition,,,,,,,,,,,pd_b77639dab2bbc4154876,consumption_threshold_kwh,,,4200.0,kwh,85029e49d545e1e84392748b7aa4799e5f79d49bb29f3c0b54bd64f0dada8e00,,,threshold,,,,,,step7b_iterB_rulefix,strict_all
ParameterDefinition:pd_b7d020abc8107fdb3194,ParameterDefinition,,,,,,,,,,,pd_b7d020abc8107fdb3194,consumption_threshold_kwh,,,100.0,kwh,57748dee30cd14fca8dd4d64251c99feca0de07039b8cb8ea1f8ba473fbad712,,,threshold,,,,,,step7b_iterB_rulefix,strict_all
ParameterDefinition:pd_b856e46c24a5addf82a2,ParameterDefinition,,,,,,,,,,,pd_b856e46c24a5addf82a2,price_value,,,0.022,yuan_per_kwh,d904055d4450ba7a7d9bef2eaa9c36f640d56f88fc6e8b7fe4b48df5aac0a68a,,,,,,,,,step7b_iterB_rulefix,strict_all
ParameterDefinition:pd_b8b0cf09bc9a89cfa64d,ParameterDefinition,,,,,,,,,,,pd_b8b0cf09bc9a89cfa64d,consumption_threshold_kwh,,,180.0,kwh,e475ad08e135d5bee85617f6d315b25fe7c4286365aa467f613f18fa71110acf,,,threshold,,,,,,step7b_iterB_rulefix,strict_all
ParameterDefinition:pd_b8cb02d7285763f931c4,ParameterDefinition,,,,,,,,,,,pd_b8cb02d7285763f931c4,price_value,,,0.3,yuan,f87ab9f14f76d43d84fdbd87653d110fe7040e0901587f2cfc6ba2c4cecb876b,,,,,,,,,step7b_iterB_rulefix,strict_all
ParameterDefinition:pd_b8cb8b51c83165a101b0,ParameterDefinition,,,,,,,,,,,pd_b8cb8b51c83165a101b0,subsidy_amount,,,10.0,ten_thousand_yuan,6ab28d5fd25fe0b0805af06f86f80e1c712a40f973ce8772bd549695b9c27acd,,,,,,,,,step7b_iterB_rulefix,strict_all
ParameterDefinition:pd_b9cd2caf8b914338fb85,ParameterDefinition,,,,,,,,,,,pd_b9cd2caf8b914338fb85,time_window,,,17:00-23:00,time_window,82debc604596d5d6caacf46cec5623977d2231e0d38ef4db0750b13b3b77bad7,,,between,,,,,,step7b_iterB_rulefix,strict_all
ParameterDefinition:pd_ba948da62487e02e8858,ParameterDefinition,,,,,,,,,,,pd_ba948da62487e02e8858,price_value,,,0.8469,yuan_per_kwh,94652ade5c38ba27d20653f58fe419b9bb5a164611e4c5f557ce6ca1aa0bcd42,,,,,,,,,step7b_iterB_rulefix,strict_all
ParameterDefinition:pd_bac62fc45d1be34fd30c,ParameterDefinition,,,,,,,,,,,pd_bac62fc45d1be34fd30c,ratio_target,,,20.0,percent,1a08827db43c54b89ed592f51833477e3dcaca6f44ffd045479df60ef6a7e961,,,,,,,,,step7b_iterB_rulefix,strict_all
ParameterDefinition:pd_bb0ddb14e467894ad1ee,ParameterDefinition,,,,,,,,,,,pd_bb0ddb14e467894ad1ee,ratio_target,,,75.0,percent,107bc0df1f2f472ebee90563565ed27d740e9d0ef6a6b17d8d0602a93b93a3cb,,,,,,,,,step7b_iterB_rulefix,strict_all
ParameterDefinition:pd_bb5e1a9ebc1e8624986d,ParameterDefinition,,,,,,,,,,,pd_bb5e1a9ebc1e8624986d,consumption_threshold_kwh,,,350.0,kwh,066a8bc96029ecfb6e73e844d2081c22be32c955d27ac0342a1a9f8a8e659dda,181.0,350.0,between,,,,,,step7b_iterB_rulefix,strict_all
ParameterDefinition:pd_bb7cbd050fec3529bb3a,ParameterDefinition,,,,,,,,,,,pd_bb7cbd050fec3529bb3a,price_value,,,0.79,yuan,fc933c6c1edc0207c7315748bfafa0948b0af8f5dac7a2ab260f23c81a675d09,,,,,,,,,step7b_iterB_rulefix,strict_all
ParameterDefinition:pd_bd203374cde42df35694,ParameterDefinition,,,,,,,,,,,pd_bd203374cde42df35694,consumption_threshold_kwh,,,361.0,kwh,e09e112307dd7b976fd23d2d268c4949790e286e992c1ca38e3887b3410e95d0,,,threshold,,,,,,step7b_iterB_rulefix,strict_all
ParameterDefinition:pd_bd6d55462ed413493ec5,ParameterDefinition,,,,,,,,,,,pd_bd6d55462ed413493ec5,consumption_threshold_kwh,,,3120.0,kwh,4e04a153f010f421df44b5523a81c80f0c10ae29229dbe63b97cbfd8530457de,,,,,,,,,step7b_iterB_rulefix,strict_all
ParameterDefinition:pd_be2fe4a13d6ae19a9e1a,ParameterDefinition,,,,,,,,,,,pd_be2fe4a13d6ae19a9e1a,consumption_threshold_kwh,,,230.0,kwh,175183f34e0c5e0f38f79d538a71c8dd36ae87aa93ee3b69b8e025d125311017,,,threshold,,,,,,step7b_iterB_rulefix,strict_all
ParameterDefinition:pd_bf81d720ec3b7639ee8a,ParameterDefinition,,,,,,,,,,,pd_bf81d720ec3b7639ee8a,duration_threshold_hour,,,14.0,hour,49a1d503a26c464e5d52ebcc8e801f1d8938f53d3b38164af8b33ca12823110c,,,,,,,,,step7b_iterB_rulefix,strict_all
ParameterDefinition:pd_bfc2f1ede73ed06d44ae,ParameterDefinition,,,,,,,,,,,pd_bfc2f1ede73ed06d44ae,time_window,,,21:00-23:00,time_window,041890a36481c62eb67f6f92ec862d5e86a38c621cb92ddaa3bfbfd4de47e78c,,,between,,,,,,step7b_iterB_rulefix,strict_all
ParameterDefinition:pd_c0f6854c532be62ce6b5,ParameterDefinition,,,,,,,,,,,pd_c0f6854c532be62ce6b5,consumption_threshold_kwh,,,360.0,kwh,203afa2e3047d177943e21b5e91e3df0414643484fe010aeb54ca9d7ae302419,,,threshold,,,,,,step7b_iterB_rulefix,strict_all
ParameterDefinition:pd_c135f39514709c96a8b2,ParameterDefinition,,,,,,,,,,,pd_c135f39514709c96a8b2,price_delta_pct,,,58.0,percent,179ab5f5201e4832bbc3ccf2f712ccc0af0b0983182d0c94cfadb9730e3ca887,,,,,,,,,step7b_iterB_rulefix,strict_all
ParameterDefinition:pd_c14c26edc4f70e6b1c23,ParameterDefinition,,,,,,,,,,,pd_c14c26edc4f70e6b1c23,consumption_threshold_kwh,,,2760.0,kwh,6808c4565833abade3af70816f68d69fb0f837d28dc0522be4ebe54ff4318d1f,,,,,,,,,step7b_iterB_rulefix,strict_all
ParameterDefinition:pd_c168ac89850a73ab04c1,ParameterDefinition,,,,,,,,,,,pd_c168ac89850a73ab04c1,price_delta_pct,,,64.0,percent,b0e061c2aff0d38c573f163649af5ee73f270c67caf6dac27ccaa22e9734a9e6,,,,,,,,,step7b_iterB_rulefix,strict_all
ParameterDefinition:pd_c298cdf9100343fd08d1,ParameterDefinition,,,,,,,,,,,pd_c298cdf9100343fd08d1,price_value,,,0.2535,yuan_per_kwh,17c11866bfa63ff39e850dba69912246ed233f05fe35779b84faee762b1fec0b,,,,,,,,,step7b_iterB_rulefix,strict_all
ParameterDefinition:pd_c44400c529d962096663,ParameterDefinition,,,,,,,,,,,pd_c44400c529d962096663,price_value,,,0.675,yuan_per_kwh,f25b4c5979efbbcdc18c02d5d97b0479e862b52755f0703862860e3e41b66e5b,,,,,,,,,step7b_iterB_rulefix,strict_all
ParameterDefinition:pd_c5751917abd61ba3e0d7,ParameterDefinition,,,,,,,,,,,pd_c5751917abd61ba3e0d7,ratio_target,,,1.8:1.49:1,none,4047f65cc03afcf06dc4a1934398a447ca7b176274cddc2378e2115f67c86f88,,,,,,,,,step7b_iterB_rulefix,strict_all
ParameterDefinition:pd_c585d6409e4431193677,ParameterDefinition,,,,,,,,,,,pd_c585d6409e4431193677,subsidy_amount,,,0.36,ten_thousand_yuan,688a193c72ad2cece1a2f8e02d6987d2b81bdf13e0a1bf79974e785b150dc1cc,,,,,,,,,step7b_iterB_rulefix,strict_all
ParameterDefinition:pd_c63400821ce0bfc355a7,ParameterDefinition,,,,,,,,,,,pd_c63400821ce0bfc355a7,consumption_threshold_kwh,,,6000.0,kwh,84038073a3c3539fa0acca0941989e7627c1e593d21357d637e07f6c268f6d04,,,threshold,,,,,,step7b_iterB_rulefix,strict_all
ParameterDefinition:pd_c720ea0613c3818deb1f,ParameterDefinition,,,,,,,,,,,pd_c720ea0613c3818deb1f,price_value,,,0.18,yuan_per_kwh,c67ce6983aa9ef1893a92b88f3dd79f8088de2632a94be459c155b8274c0fd5d,,,,,,,,,step7b_iterB_rulefix,strict_all
ParameterDefinition:pd_c9f85f521e1ad674284c,ParameterDefinition,,,,,,,,,,,pd_c9f85f521e1ad674284c,consumption_threshold_kwh,,,20.0,kwh,784549d91fd4c4fd64e22d36b78b0feeb346c9c256ab156299bbea9f692dd08b,,,,,,,,,step7b_iterB_rulefix,strict_all
ParameterDefinition:pd_cc31b94172bca28dd55e,ParameterDefinition,,,,,,,,,,,pd_cc31b94172bca28dd55e,price_value,,,0.0212,yuan,5a7deaf1a1a84ecae057bc994ffb0679ec81ff6a401d9face493efdf71162052,,,,,,,,,step7b_iterB_rulefix,strict_all
ParameterDefinition:pd_ccacbd96dd6c730e833e,ParameterDefinition,,,,,,,,,,,pd_ccacbd96dd6c730e833e,price_value,,,0.49,yuan_per_kwh,d8bc67312035acb590b1582559a67f2151eae2daa6db05d85bca973a277a0203,,,,,,,,,step7b_iterB_rulefix,strict_all
ParameterDefinition:pd_cd23806167ebcbb203e7,ParameterDefinition,,,,,,,,,,,pd_cd23806167ebcbb203e7,consumption_threshold_kwh,,,2800.0,kwh,2dc7f1f8aaa085ac304d29df685c2f4c335e65a2c108d3ba106c87cf2e3fc253,,,threshold,,,,,,step7b_iterB_rulefix,strict_all
ParameterDefinition:pd_cd23d356da4710fd302b,ParameterDefinition,,,,,,,,,,,pd_cd23d356da4710fd302b,consumption_threshold_kwh,,,200.0,kwh,b0ff2c8653f6b44c84be4b1aa9e41cbc685bee1d75b7c02f365b9343d02a6c62,,,threshold,,,,,,step7b_iterB_rulefix,strict_all
ParameterDefinition:pd_ce485dd4da514bb708cd,ParameterDefinition,,,,,,,,,,,pd_ce485dd4da514bb708cd,time_window,,,06:00-12:00,time_window,98885285cb01595fd0dbed17065f05cf4bcf805b50327780a07aa74510472fbc,,,between,,,,,,step7b_iterB_rulefix,strict_all
ParameterDefinition:pd_cfb328e5066a8cd7ae0d,ParameterDefinition,,,,,,,,,,,pd_cfb328e5066a8cd7ae0d,price_delta_pct,,,63.0,percent,f1f2d283c1884cba265712c52b9e21d470a22643b9190dd2b8238a6f815d1242,,,,,,,,,step7b_iterB_rulefix,strict_all
ParameterDefinition:pd_d0fdc05305af200355a0,ParameterDefinition,,,,,,,,,,,pd_d0fdc05305af200355a0,time_window,,,16:00-24:00,time_window,df1dac3d1df28dfb8259799f415fb552eaf2349ebb4a51fe89df71b987e16f67,,,between,,,,,,step7b_iterB_rulefix,strict_all
ParameterDefinition:pd_d12781fd89145a748813,ParameterDefinition,,,,,,,,,,,pd_d12781fd89145a748813,time_window,,,20:00-22:00,time_window,f74829376ac65aff121a957893a6a2068db9f56ff368a912f99d2a944dc9baf6,,,between,,,,,,step7b_iterB_rulefix,strict_all
ParameterDefinition:pd_d290ab8743b0849a12fb,ParameterDefinition,,,,,,,,,,,pd_d290ab8743b0849a12fb,price_value,,,0.8224,yuan_per_kwh,070d43a64ca8693107e020ba0d96d4875d0ee20f7735a1ff92f5d516260de2fa,,,,,,,,,step7b_iterB_rulefix,strict_all
ParameterDefinition:pd_d383e7dc683d6916c173,ParameterDefinition,,,,,,,,,,,pd_d383e7dc683d6916c173,consumption_threshold_kwh,,,0.507,kwh,e11b0bee6a39d93f8c77e1434521e5f91ebde2e6cd895cb0efa3384ad9f63936,,,threshold,,,,,,step7b_iterB_rulefix,strict_all
ParameterDefinition:pd_d430be6567ea1605eb4c,ParameterDefinition,,,,,,,,,,,pd_d430be6567ea1605eb4c,time_window,,,15:00-18:00,time_window,d667505a83cbebd5a426b0758e3e4123efd5474a4846e06cbbd018f52d23cd99,,,between,,,,,,step7b_iterB_rulefix,strict_all
ParameterDefinition:pd_d450b467d74fdd325fec,ParameterDefinition,,,,,,,,,,,pd_d450b467d74fdd325fec,area_subsidy_amount,,,200.0,yuan_per_sqm,5e65c78464b36ac5f523ac5ec097c072b21c5e686e54babbcea449fac1fd9461,,,,,,,,,step7b_iterB_rulefix,strict_all
ParameterDefinition:pd_d477dd75b1897afe101b,ParameterDefinition,,,,,,,,,,,pd_d477dd75b1897afe101b,time_window,,,10:00-13:00,time_window,1de4ea434989b7250a7141abdae14da561fb648f154ef27b47f9762b67d7d842,,,between,,,,,,step7b_iterB_rulefix,strict_all
ParameterDefinition:pd_d4b5b08ef15226b14a44,ParameterDefinition,,,,,,,,,,,pd_d4b5b08ef15226b14a44,time_window,,,15:30-20:00,time_window,3cda8cd1da4c50fdbfd643cd175ca460d51f7507d0dcd9d8626278483f7ffd1b,,,between,,,,,,step7b_iterB_rulefix,strict_all
ParameterDefinition:pd_d4cbca52564ffa403b06,ParameterDefinition,,,,,,,,,,,pd_d4cbca52564ffa403b06,funding_share_ratio,,,1:1,none,219d0e48ea0ca2a6594f29e88d00b75dcd1a4d03035444d4b190b0868166586a,,,,,,,,,step7b_iterB_rulefix,strict_all
ParameterDefinition:pd_d5937bcdc98e79abd7d4,ParameterDefinition,,,,,,,,,,,pd_d5937bcdc98e79abd7d4,time_window,,,12:00-14:00,time_window,10d87aed1e2a61a0e72e42ebacab968950dab64cfb0c1c328f8aa274255a928f,,,between,,,,,,step7b_iterB_rulefix,strict_all
ParameterDefinition:pd_d5b2f902bbd714a237a0,ParameterDefinition,,,,,,,,,,,pd_d5b2f902bbd714a237a0,subsidy_amount,,,350.0,yuan,20d188345ab723461365976c84ac418492027900c39755c5b5f80801a0d10a0e,,,,,,,,,step7b_iterB_rulefix,strict_all
ParameterDefinition:pd_d67cbd0a6e61d014a9ed,ParameterDefinition,,,,,,,,,,,pd_d67cbd0a6e61d014a9ed,area_subsidy_amount,,,55.0,yuan_per_sqm,5d0c5735c7fae7ae9a5bc0dba7f3281eec1ad9e382397937a8d955a784a72a4a,,,,,,,,,step7b_iterB_rulefix,strict_all
ParameterDefinition:pd_d6d3b01a6f2108d1889d,ParameterDefinition,,,,,,,,,,,pd_d6d3b01a6f2108d1889d,consumption_threshold_kwh,,,400.0,kwh,b599ce107f7874e55c5dd29a54986ad7cce7f0abc9ad5b7ccc0760b8d3f152f0,,,threshold,,,,,,step7b_iterB_rulefix,strict_all
ParameterDefinition:pd_d70a0e1b07600f8b071a,ParameterDefinition,,,,,,,,,,,pd_d70a0e1b07600f8b071a,price_value,,,0.05,yuan,4676eb2f7cf093e2ee63442333546b5fed415ac5f5b450e303b703f320eaa593,,,,,,,,,step7b_iterB_rulefix,strict_all
ParameterDefinition:pd_d749c643b53eecbd7b96,ParameterDefinition,,,,,,,,,,,pd_d749c643b53eecbd7b96,price_value,,,0.54,yuan,8439e3e7a1a3cde87bb20717f8bd15817f6cefacb685666db58e2825f5049caf,,,,,,,,,step7b_iterB_rulefix,strict_all
ParameterDefinition:pd_d799882ade25d4ce3b4e,ParameterDefinition,,,,,,,,,,,pd_d799882ade25d4ce3b4e,price_value,,,0.6224,yuan_per_kwh,7e210ba355c9df5b231255c85882514e8a0d0f0dab3d0ef74111be1f6b226d90,,,,,,,,,step7b_iterB_rulefix,strict_all
ParameterDefinition:pd_d90f504398369f3887fa,ParameterDefinition,,,,,,,,,,,pd_d90f504398369f3887fa,time_window,,,17:00-19:00,time_window,97a515f8051cba5a656d2eb3a3a78eff6149b6cb7f55bcae2b898d125729bac4,,,between,,,,,,step7b_iterB_rulefix,strict_all
ParameterDefinition:pd_d9fbae84b5c8cc93ade8,ParameterDefinition,,,,,,,,,,,pd_d9fbae84b5c8cc93ade8,price_value,,,0.55,yuan,f637f9ed8f677ca1c5a1f2cae1b876f2cd38f84e9f62048dfcacc5e21da06d59,,,,,,,,,step7b_iterB_rulefix,strict_all
ParameterDefinition:pd_db05f73c8e0e746fa8c3,ParameterDefinition,,,,,,,,,,,pd_db05f73c8e0e746fa8c3,price_value,,,0.825,yuan,21d3d53f0f9552de0cd7812e6d7f93c76e08c94f7995c446ee6b42f62d3f5d17,,,,,,,,,step7b_iterB_rulefix,strict_all
ParameterDefinition:pd_db9d0db7293572127054,ParameterDefinition,,,,,,,,,,,pd_db9d0db7293572127054,price_value,,,0.13,yuan,aca5b6becffba33d692cec806360720832ca0e02bf09207aaa462874675be473,,,,,,,,,step7b_iterB_rulefix,strict_all
ParameterDefinition:pd_dc3fd5bdbf6fb59bd392,ParameterDefinition,,,,,,,,,,,pd_dc3fd5bdbf6fb59bd392,time_window,,,08:00-11:00,time_window,5cca016291fccc51e63a4390720f68c3d203b4a338e20668c9c50c1e3a02ebff,,,between,,,,,,step7b_iterB_rulefix,strict_all
ParameterDefinition:pd_dc7d29a3525888570449,ParameterDefinition,,,,,,,,,,,pd_dc7d29a3525888570449,price_value,,,0.5,yuan,428695c44f0842da54ee8cea869c032e676cbbbb004178740f300a2c9fdc1f69,,,,,,,,,step7b_iterB_rulefix,strict_all
ParameterDefinition:pd_dcfcd3d929d82cc0e078,ParameterDefinition,,,,,,,,,,,pd_dcfcd3d929d82cc0e078,subsidy_amount,,,4600.0,yuan,0c0dcd5ae277d5e260722765570b8958b3dd1720aa0dd5a7a411f1b76978083f,,,,,,,,,step7b_iterB_rulefix,strict_all
ParameterDefinition:pd_dd6d2ad3219f5053e698,ParameterDefinition,,,,,,,,,,,pd_dd6d2ad3219f5053e698,price_delta_pct,,,1.0,percent,a849eea0cb9558274d3350132646326170c0c83613883d7b761f8209a2a2a6de,,,,,,,,,step7b_iterB_rulefix,strict_all
ParameterDefinition:pd_de314c5735db0ea6785a,ParameterDefinition,,,,,,,,,,,pd_de314c5735db0ea6785a,consumption_threshold_kwh,,,400.0,kwh,001bee8c76d22df3a069c2eed056a60e9b80342dfd49b670b8f70a5dfd5d55f6,,,,,,,,,step7b_iterB_rulefix,strict_all
ParameterDefinition:pd_de82bf56bbfe77d79ccc,ParameterDefinition,,,,,,,,,,,pd_de82bf56bbfe77d79ccc,ratio_target,,,150.0,percent,2a0a66d9156414be7bc90414e3df42df8eac72a88c63ce6fa810756bdd6781a1,,,,,,,,,step7b_iterB_rulefix,strict_all
ParameterDefinition:pd_df1a8c11fce9e9aeff8f,ParameterDefinition,,,,,,,,,,,pd_df1a8c11fce9e9aeff8f,consumption_threshold_kwh,,,400.0,kwh,58f0f4832c4f48e723e5cd47be40ad4c5082b5dda93686c2fb9487cc38e46e7b,210.0,400.0,between,,,,,,step7b_iterB_rulefix,strict_all
ParameterDefinition:pd_df4ee00e5824a68de0ab,ParameterDefinition,,,,,,,,,,,pd_df4ee00e5824a68de0ab,consumption_threshold_kwh,,,260.0,kwh,ae9dfb0c1df5dc13c5ea2b472377dce96458df5b9b5a2352ef0bb7d245e8c39b,,,threshold,,,,,,step7b_iterB_rulefix,strict_all
ParameterDefinition:pd_dff86bf2f677e2e5f6a0,ParameterDefinition,,,,,,,,,,,pd_dff86bf2f677e2e5f6a0,price_value,,,0.175,yuan_per_kwh,bdd82579ec237c004ba6601d8c6b648ac829a1cadbbdf7c92908bc8f35806956,,,,,,,,,step7b_iterB_rulefix,strict_all
ParameterDefinition:pd_e00ba94bcd31a05e592f,ParameterDefinition,,,,,,,,,,,pd_e00ba94bcd31a05e592f,consumption_threshold_kwh,,,4440.0,kwh,b27e46849ee28ea9fc935ade5698ed10bc58e4d4e4b69bc69cca75efc93b9eec,,,,,,,,,step7b_iterB_rulefix,strict_all
ParameterDefinition:pd_e1dcb1b94cba2afa1b5a,ParameterDefinition,,,,,,,,,,,pd_e1dcb1b94cba2afa1b5a,consumption_threshold_kwh,,,280.0,kwh,6c1b150031681957eebc640da28a91f7b886648a41f7bea73c9b08c41341aa16,,,,,,,,,step7b_iterB_rulefix,strict_all
ParameterDefinition:pd_e22d2d739b4620711668,ParameterDefinition,,,,,,,,,,,pd_e22d2d739b4620711668,time_window,,,11:00-12:00,time_window,2d7317693a8aa187fe8e82694e2c0071647252f2048331a4acb7a9c2da0bb537,,,between,,,,,,step7b_iterB_rulefix,strict_all
ParameterDefinition:pd_e3f20167532d03f6aa7f,ParameterDefinition,,,,,,,,,,,pd_e3f20167532d03f6aa7f,consumption_threshold_kwh,,,408.0,kwh,b283824a9a5f6986adc86e80409024951d859c06e0e185aa53482f35f9e73e6b,,,,,,,,,step7b_iterB_rulefix,strict_all
ParameterDefinition:pd_e50677e45c8c1c8dceff,ParameterDefinition,,,,,,,,,,,pd_e50677e45c8c1c8dceff,price_delta_pct,,,25.0,percent,63ca62c824d662a5a515ee7167de00b13885c949bc15dc2746de8ed40da45d8c,,,,,,,,,step7b_iterB_rulefix,strict_all
ParameterDefinition:pd_e5ee66230104b531dd4c,ParameterDefinition,,,,,,,,,,,pd_e5ee66230104b531dd4c,price_value,,,0.17,yuan,b8edd09649902c015e7af75ee65d08519a00a381fecfcb36fe9fd1bdc5a0e03d,,,,,,,,,step7b_iterB_rulefix,strict_all
ParameterDefinition:pd_e605139358e4adda8592,ParameterDefinition,,,,,,,,,,,pd_e605139358e4adda8592,subsidy_amount,,,24000.0,yuan,26551b1cd8666de0e1908179359cbc0cf287ae72e9257543936c2bd6c77a8c16,,,,,,,,,step7b_iterB_rulefix,strict_all
ParameterDefinition:pd_e6d1601074f70f806eeb,ParameterDefinition,,,,,,,,,,,pd_e6d1601074f70f806eeb,subsidy_amount,,,16.2,ten_thousand_yuan,89c300911b14c09df560a6da3f7e8e3384cbe484bff95c0ad74f7b947ea2a886,,,,village,,,,,step7b_iterB_rulefix,strict_all
ParameterDefinition:pd_e7b62753fc823ba313a2,ParameterDefinition,,,,,,,,,,,pd_e7b62753fc823ba313a2,price_delta_pct,,,98.0,percent,23549025feee4c457eb8592133b4ade1921823874e39dd7b52e41a7110d5940c,,,,,,,,,step7b_iterB_rulefix,strict_all
ParameterDefinition:pd_e96f558b7bb3845fb663,ParameterDefinition,,,,,,,,,,,pd_e96f558b7bb3845fb663,consumption_threshold_kwh,,,600.0,kwh,68bb10601db6f037f9dedadb93df30f19a762a9fdf2795a082296d384ea222d0,,,,,,,,,step7b_iterB_rulefix,strict_all
ParameterDefinition:pd_e9a5f8a1cc9a0f1a2fa3,ParameterDefinition,,,,,,,,,,,pd_e9a5f8a1cc9a0f1a2fa3,time_window,,,10:00-12:00,time_window,fe31f4428c51eece078d9a80b551c8f019b356a3a5af58d673f069b361a23903,,,between,,,,,,step7b_iterB_rulefix,strict_all
ParameterDefinition:pd_e9e257f9ffe70d30c121,ParameterDefinition,,,,,,,,,,,pd_e9e257f9ffe70d30c121,subsidy_amount,,,0.3,yuan,2fc6ffcc4569458cb025a7d59f6e7d66d6096cd76ae1687d58fc7244b93b902c,,,,,,,,,step7b_iterB_rulefix,strict_all
ParameterDefinition:pd_ea60d2ad72737cb20047,ParameterDefinition,,,,,,,,,,,pd_ea60d2ad72737cb20047,price_delta_pct,,,54.0,percent,0b6649dfd95d7ccc4ed341e5e003a219168323b0e26e1d49c2cc60e1065aa581,,,,,,,,,step7b_iterB_rulefix,strict_all
ParameterDefinition:pd_eb4ca115d9ba0e1533e9,ParameterDefinition,,,,,,,,,,,pd_eb4ca115d9ba0e1533e9,price_delta_pct,,,90.0,percent,a57b7411a50f5b24a6a6378c8ff61e375b08c2def806871e3e8091a7ebd06192,,,,,,,,,step7b_iterB_rulefix,strict_all
ParameterDefinition:pd_ecc99a82679bbbc52c90,ParameterDefinition,,,,,,,,,,,pd_ecc99a82679bbbc52c90,target_household_count,,,3071.0,household,83a1d07cc2c2d5a63cd912043cecf4d2bc35c88c0489dd85afcd910245133078,,,,,,,,,step7b_iterB_rulefix,strict_all
ParameterDefinition:pd_ed094785e5616b0b5f52,ParameterDefinition,,,,,,,,,,,pd_ed094785e5616b0b5f52,time_window,,,17:00-18:00,time_window,02643c24a488942bdf0f2d018428b2131a35a89c5751c1ada51e72327423e83c,,,between,,,,,,step7b_iterB_rulefix,strict_all
ParameterDefinition:pd_ed81d6cbb5e0956d5cec,ParameterDefinition,,,,,,,,,,,pd_ed81d6cbb5e0956d5cec,consumption_threshold_kwh,,,300.0,kwh,015bfe8484a526c07799d0ab49a61f45f798a14bdeda39a80608e1d5edf77663,,,,,,,,,step7b_iterB_rulefix,strict_all
ParameterDefinition:pd_ee38028ea3d6c3cdc2dc,ParameterDefinition,,,,,,,,,,,pd_ee38028ea3d6c3cdc2dc,time_window,,,14:00-15:00,time_window,7ce91b44aef53a9be89114e2d1eb3f549a178cdac7518e3e61f2d16f0e6b77f5,,,between,,,,,,step7b_iterB_rulefix,strict_all
ParameterDefinition:pd_eefbb457dd8ad0139706,ParameterDefinition,,,,,,,,,,,pd_eefbb457dd8ad0139706,subsidy_amount,,,600.0,yuan,306c66e3ed24a59ff5f5c48a2d12a309396ad4756c5dde967ef81469ad42f2ef,,,,,,,,,step7b_iterB_rulefix,strict_all
ParameterDefinition:pd_efbb3966ee989cb2ea6c,ParameterDefinition,,,,,,,,,,,pd_efbb3966ee989cb2ea6c,ratio_target,,,0.3,percent,f3bdf7829cb831a783ddcbf2ae0bef9ab5fc605c9600cdb98fe3ea4b2f64ddb8,,,,,,,,,step7b_iterB_rulefix,strict_all
ParameterDefinition:pd_eff235ce9d714328e01b,ParameterDefinition,,,,,,,,,,,pd_eff235ce9d714328e01b,subsidy_amount,,,2400.0,yuan,3d909c700a7236c2cd9b5db6f71dc1bcbd8f47a6bb1e28c52dd53e32a4282c86,,,,,,,,,step7b_iterB_rulefix,strict_all
ParameterDefinition:pd_effefef6721f81c66951,ParameterDefinition,,,,,,,,,,,pd_effefef6721f81c66951,target_household_count,,,825212.0,household,64c999a7013ada0bdf0a30e21f5a16884bd012906521c5e3271c2027b809f6f0,,,,,,,,,step7b_iterB_rulefix,strict_all
ParameterDefinition:pd_f0b3ad1b2a9ee2aa7c9f,ParameterDefinition,,,,,,,,,,,pd_f0b3ad1b2a9ee2aa7c9f,time_window,,,14:00-19:00,time_window,f972501b9325c2cef78e68711af5e5e13616433d7289d8b750aaff9b72197e75,,,between,,,,,,step7b_iterB_rulefix,strict_all
ParameterDefinition:pd_f20d2c19e6c6335b388c,ParameterDefinition,,,,,,,,,,,pd_f20d2c19e6c6335b388c,time_window,,,16:00-21:00,time_window,dcba7728c04758fb3bba3a1bf0b94e075cc514860dfcb9fc06fe1221137cbad5,,,between,,,,,,step7b_iterB_rulefix,strict_all
ParameterDefinition:pd_f22ac6dcf9e5399410f2,ParameterDefinition,,,,,,,,,,,pd_f22ac6dcf9e5399410f2,time_window,,,06:00-08:00,time_window,6173185dba849e88c8dd04df334d68c91fd1db4b4f62e24c448400085ab0e8ce,,,between,,,,,,step7b_iterB_rulefix,strict_all
ParameterDefinition:pd_f38c8fa3c988743ab812,ParameterDefinition,,,,,,,,,,,pd_f38c8fa3c988743ab812,consumption_threshold_kwh,,,2600.0,kwh,32caaa3275d64ad5df99e0db5d76b6699677a9b394dec36b080c44681744b6d8,,,threshold,,,,,,step7b_iterB_rulefix,strict_all
ParameterDefinition:pd_f3d7053733bafa27cd11,ParameterDefinition,,,,,,,,,,,pd_f3d7053733bafa27cd11,subsidy_amount,,,100.0,yuan,25a0eef887189c7829245893dba60c45a534fc76691a6a913aed308b4f545e59,,,,,,,,,step7b_iterB_rulefix,strict_all
ParameterDefinition:pd_f3e16d40e45330620227,ParameterDefinition,,,,,,,,,,,pd_f3e16d40e45330620227,consumption_threshold_kwh,,,260.0,kwh,49d91bf2f14e6037c5e9a44c6d128a57f5b69867905de35ec0459bf31f5d6739,,,,,,,,,step7b_iterB_rulefix,strict_all
ParameterDefinition:pd_f41136eafeece32a6824,ParameterDefinition,,,,,,,,,,,pd_f41136eafeece32a6824,time_window,,,11:00-15:00,time_window,2ef8a10e76ac211d11bc31b398215f446aadbac5b946e709581ccbe0b6f78292,,,between,,,,,,step7b_iterB_rulefix,strict_all
ParameterDefinition:pd_f464d769642763d27182,ParameterDefinition,,,,,,,,,,,pd_f464d769642763d27182,time_window,,,18:00-21:00,time_window,e1f2c357c4ad6fa2d234a863875fdf95f5b3455a027a1c2c79ef062434873d88,,,between,,,,,,step7b_iterB_rulefix,strict_all
ParameterDefinition:pd_f466c5a8e4421bca25ff,ParameterDefinition,,,,,,,,,,,pd_f466c5a8e4421bca25ff,consumption_threshold_kwh,,,2160.0,kwh,003f96870323e7aa4b30f5d7bb2ef42f89428143d05a7d051ffde0bd584bfa19,,,threshold,,,,,,step7b_iterB_rulefix,strict_all
ParameterDefinition:pd_f4b0883db58e662dc595,ParameterDefinition,,,,,,,,,,,pd_f4b0883db58e662dc595,consumption_threshold_kwh,,,240.0,kwh,d49dc5d04304571b18f8ab45c4c6516487f11c96dd42f1ec0d49039fe56d1a7d,,,threshold,,,,,,step7b_iterB_rulefix,strict_all
ParameterDefinition:pd_f4dd5adbf5c34a49a850,ParameterDefinition,,,,,,,,,,,pd_f4dd5adbf5c34a49a850,consumption_threshold_kwh,,,351.0,kwh,d02f3b8edae23a7f223131c0606b78fe402771b7592291eca3ddd53eb9f283af,,,threshold,,,,,,step7b_iterB_rulefix,strict_all
ParameterDefinition:pd_f55dd5eeb39f77327ceb,ParameterDefinition,,,,,,,,,,,pd_f55dd5eeb39f77327ceb,subsidy_amount,,,2200.0,yuan_per_ton,ff0842d2bffbe1146ac6460eeeb48360dd74875ef1aa798ea207f5744b6e073c,,,,,,,,,step7b_iterB_rulefix,strict_all
ParameterDefinition:pd_f616bc2413d5a98869d1,ParameterDefinition,,,,,,,,,,,pd_f616bc2413d5a98869d1,consumption_threshold_kwh,,,4800.0,kwh,f3da0198265185983d9bf8f447dbc8db3daf1403f99a2bb6d33d8e72db1e1eaa,2761.0,4800.0,between,,,,,,step7b_iterB_rulefix,strict_all
ParameterDefinition:pd_f6f45f5f40d4b23cbd72,ParameterDefinition,,,,,,,,,,,pd_f6f45f5f40d4b23cbd72,subsidy_amount,,,0.1,yuan,3b405454a71dbfab1659eb9677cf0d0ce2020b16f697cca813305ea8c11791f6,,,,,,,,,step7b_iterB_rulefix,strict_all
ParameterDefinition:pd_f71e04834c4336b777e3,ParameterDefinition,,,,,,,,,,,pd_f71e04834c4336b777e3,price_delta_pct,,,50.0,percent,2b6e08c827152506808a591a09f3e7dceeb371b2aab57067fa0616746e013b1a,,,,,,,,,step7b_iterB_rulefix,strict_all
ParameterDefinition:pd_f7a09634397611d8784c,ParameterDefinition,,,,,,,,,,,pd_f7a09634397611d8784c,ratio_target,,,5.0,percent,48432946a1d769f84914492e948b5c5b68f7f3c1d47a3250a2c74fe42817071f,,,,,,,,,step7b_iterB_rulefix,strict_all
ParameterDefinition:pd_f8e529974e8364ca1c4e,ParameterDefinition,,,,,,,,,,,pd_f8e529974e8364ca1c4e,time_window,,,18:00,time_window,71a57d348652a6c24e743c1df346814a7c6a90466fb2a442c503a5aae8049980,,,point,,,,,,step7b_iterB_rulefix,strict_all
ParameterDefinition:pd_f971caa10b09d6e03bea,ParameterDefinition,,,,,,,,,,,pd_f971caa10b09d6e03bea,consumption_threshold_kwh,,,181.0,kwh,071c6e190f9f70bc7bb04ad527a8d47781d26c4c7642fd1c3e0e69c2d30d7af5,,,,,,,,,step7b_iterB_rulefix,strict_all
ParameterDefinition:pd_fa10638f6d8f38909ac3,ParameterDefinition,,,,,,,,,,,pd_fa10638f6d8f38909ac3,ratio_target,,,95.0,percent,4879d5dbe77527a2deb3fcf888b8bcb14d390d0d273befcb3c8fca4b43c3377e,,,,,,,,,step7b_iterB_rulefix,strict_all
ParameterDefinition:pd_fa7ba9bff2e2aabc5476,ParameterDefinition,,,,,,,,,,,pd_fa7ba9bff2e2aabc5476,consumption_threshold_kwh,,,2400.0,kwh,cd9da68a00ee2569a5f40509d762ad984e3a9cf100f3f612378fa0b7e9558942,,,,,,,,,step7b_iterB_rulefix,strict_all
ParameterDefinition:pd_fa9d1c22b4a56bb008b3,ParameterDefinition,,,,,,,,,,,pd_fa9d1c22b4a56bb008b3,time_window,,,11:00-13:00,time_window,a8e61ead09b20d4a37702e9ea3b9f6932ecfa30ad25d316f47e1a276c4c2b88b,,,between,,,,,,step7b_iterB_rulefix,strict_all
ParameterDefinition:pd_fb0c970c53d0931bdb1b,ParameterDefinition,,,,,,,,,,,pd_fb0c970c53d0931bdb1b,time_window,,,08:00-09:00,time_window,596ce9a516c444890989d46e266519388e476476352dd6a2bc00a9247c97f7ea,,,between,,,,,,step7b_iterB_rulefix,strict_all
ParameterDefinition:pd_fb32e004e64575e6325a,ParameterDefinition,,,,,,,,,,,pd_fb32e004e64575e6325a,consumption_threshold_kwh,,,450.0,kwh,1262c9d7057d5f4e3aa8792b2b892d5abb6dae52bf82756bce6e0d3ea7a8e6d5,,,threshold,,,,,,step7b_iterB_rulefix,strict_all
ParameterDefinition:pd_fcb5f9ad5060bf2f4aea,ParameterDefinition,,,,,,,,,,,pd_fcb5f9ad5060bf2f4aea,consumption_threshold_kwh,,,210.0,kwh,eb9553a7b6be0f783a66c010cbab032f6ac6c950663656c9a445716fa622859d,,,threshold,,,,,,step7b_iterB_rulefix,strict_all
ParameterDefinition:pd_fe0759585a64829a9af2,ParameterDefinition,,,,,,,,,,,pd_fe0759585a64829a9af2,time_window,,,18:00-23:00,time_window,85eda73df6419029a407c90348b3c65283cc41a89b9cc0abb4e17a996eaa363d,,,between,,,,,,step7b_iterB_rulefix,strict_all
ParameterDefinition:pd_fe14b36b2e21529880ee,ParameterDefinition,,,,,,,,,,,pd_fe14b36b2e21529880ee,price_value,,,0.47,yuan,0d5dd95b4266b57a67d5042825c0f945a4278f271d5d089412c7a98fc0bf07dc,,,,,,,,,step7b_iterB_rulefix,strict_all
ParameterDefinition:pd_fe6731252c2118ad3e2e,ParameterDefinition,,,,,,,,,,,pd_fe6731252c2118ad3e2e,time_window,,,11:00-17:00,time_window,b7cefdc48e186a67cefe74ba086c85a416429427e98e48d84189b6f21298228e,,,between,,,,,,step7b_iterB_rulefix,strict_all
ParameterMention:pm_002c6855ada3f3c5b8d0,ParameterMention,,7e1dff3ee78977bc7e5f87b686fc7b8ccf4f78bd15144d2fd3f7c60c48ec3209,7e1dff3ee78977bc7e5f87b686fc7b8ccf4f78bd15144d2fd3f7c60c48ec3209#clause_0004,,,,mechanism_114d6aca12e9856f6655,,,pm_002c6855ada3f3c5b8d0,,price_delta_pct,50,%,50.0,percent,,,,,,0.73885,True,True,,step7b_iterB_rulefix,strict_all
ParameterMention:pm_003aeb13fd3e5ffc7cfb,ParameterMention,,85f4b58cc76ff64db857d8c4b587b2d911ae13a29f7c836d636ef07c2efd6e24,85f4b58cc76ff64db857d8c4b587b2d911ae13a29f7c836d636ef07c2efd6e24#clause_0004,,,,mechanism_469cfe899b8af6492497,,,pm_003aeb13fd3e5ffc7cfb,,ratio_target,50,%,50.0,percent,,,,,,0.5,True,False,,step7b_iterB_rulefix,strict_all
ParameterMention:pm_0080b733b2b2656fc5fd,ParameterMention,,9b573a30294f2b87e5bc8a1733dc8154869687fb42b7fbcbc23dc1cf3c74f11b,9b573a30294f2b87e5bc8a1733dc8154869687fb42b7fbcbc23dc1cf3c74f11b#clause_0006,,,,mechanism_4c684d72e7cc3d7a4b16,,,pm_0080b733b2b2656fc5fd,,subsidy_amount,0.25,元,0.25,yuan,,,,,,0.999574,True,True,,step7b_iterB_rulefix,strict_all
ParameterMention:pm_00ba954e57992b487f30,ParameterMention,,8ef9c7da6345158c1bdde2870ce06ba13dba085fbeb6e9018927491cf218225c,8ef9c7da6345158c1bdde2870ce06ba13dba085fbeb6e9018927491cf218225c#clause_0002,,,,mechanism_cb0597e33b521c7e30c7,,,pm_00ba954e57992b487f30,,time_window,19:00-21:00,时段,19:00-21:00,time_window,,,,,,0.997892,True,True,,step7b_iterB_rulefix,strict_all
ParameterMention:pm_00c0feb8fe31a58f4829,ParameterMention,,432528cbb25bdbdce8825781b81c73beb96a63f824057f93f5800fc0a512a713,432528cbb25bdbdce8825781b81c73beb96a63f824057f93f5800fc0a512a713#clause_0002,,,,mechanism_b53c98b38c9928386bce,,,pm_00c0feb8fe31a58f4829,,price_value,100,元,100.0,yuan,,,,,,0.559714,True,False,,step7b_iterB_rulefix,strict_all
ParameterMention:pm_00e0dbec276e67ba2226,ParameterMention,,819c31e2886f7e8adcaade88373bb32f7768902a56246226666f0aeddd11bb1b,819c31e2886f7e8adcaade88373bb32f7768902a56246226666f0aeddd11bb1b#clause_0001,,,,mechanism_089af9990c9dbb5aec76,,,pm_00e0dbec276e67ba2226,,price_value,0.1,元/千瓦时,0.1,yuan_per_kwh,,,,,,0.559714,True,False,,step7b_iterB_rulefix,strict_all
ParameterMention:pm_00f41be4f5cef15eaf85,ParameterMention,,62f668d2db29a9b35b4e6b01f6064c10ad77ad238436d5b7314a37cbf4824821,62f668d2db29a9b35b4e6b01f6064c10ad77ad238436d5b7314a37cbf4824821#clause_0006,,,,mechanism_3c2477f6256b64dc50ef,,,pm_00f41be4f5cef15eaf85,,duration_threshold_month,不少于两,,2.0,month,,,,,,0.706822,True,False,,step7b_iterB_rulefix,strict_all
ParameterMention:pm_0127cee8d95ba3fd3fee,ParameterMention,,59fb420eead4837faf2f90b58927c9c874cd61e9cfbcb91d127cfeeb50f5be76,59fb420eead4837faf2f90b58927c9c874cd61e9cfbcb91d127cfeeb50f5be76#clause_0003,,,,mechanism_e26f42f7c1a1b4f02af4,,,pm_0127cee8d95ba3fd3fee,,ratio_target,15,%,15.0,percent,,,,,,0.554779,True,False,,step7b_iterB_rulefix,strict_all
ParameterMention:pm_01a5b5ca37bded8694d4,ParameterMention,,c32ed07b1f8848d45dcf196616c7064ebdf5a10f0ce328b277c662ee5197f29b,c32ed07b1f8848d45dcf196616c7064ebdf5a10f0ce328b277c662ee5197f29b#clause_0008,,,,mechanism_c236884c358ed1f89ef9,,,pm_01a5b5ca37bded8694d4,,subsidy_amount,3200,元,3200.0,yuan_per_ton,,,,,,0.997892,True,True,,step7b_iterB_rulefix,strict_all
ParameterMention:pm_0220140e7540391ab523,ParameterMention,,5d686c4dd3c6d84c37fea441ad526309dc2a68388e69c63ef9a5af13cc2abc6b,5d686c4dd3c6d84c37fea441ad526309dc2a68388e69c63ef9a5af13cc2abc6b#clause_0003,,,,mechanism_1d0eae4dd22d9efde039,,,pm_0220140e7540391ab523,,subsidy_amount,600,元,600.0,yuan,,,,,,0.999574,True,True,,step7b_iterB_rulefix,strict_all
ParameterMention:pm_022c4687ec199faeb14a,ParameterMention,,0ef7089f429ca4377a5b92c9f7a419ffcb4a3102d8d0ac5666c9f1bfef4ba625,0ef7089f429ca4377a5b92c9f7a419ffcb4a3102d8d0ac5666c9f1bfef4ba625#clause_0002,,,,mechanism_42c66c13b657f20c42c2,,,pm_022c4687ec199faeb14a,,ratio_target,25,%,25.0,percent,,,,,,0.59,True,False,,step7b_iterB_rulefix,strict_all
ParameterMention:pm_023cb4396a660674eea6,ParameterMention,,e96954454202c06919fb26233a2f5743477ff62fe26d6f194b805da4176b5fcb,e96954454202c06919fb26233a2f5743477ff62fe26d6f194b805da4176b5fcb#clause_0003,,,,mechanism_e1d686b29b119387c11d,,,pm_023cb4396a660674eea6,,price_value,0.05,元,0.05,yuan,,,,,,0.978959,True,True,,step7b_iterB_rulefix,strict_all
ParameterMention:pm_029bfdba44ee1fa88a52,ParameterMention,,92e84b72ef2f5a11bbc950bceb47099d119cfe6635c2b8757f6582b673168bf0,92e84b72ef2f5a11bbc950bceb47099d119cfe6635c2b8757f6582b673168bf0#clause_0002,,,,mechanism_ebca7f76d3141f9acbd8,,,pm_029bfdba44ee1fa88a52,,price_delta_pct,20,%,20.0,percent,,,,,,0.73885,True,True,,step7b_iterB_rulefix,strict_all
ParameterMention:pm_02ade9be56e601de880e,ParameterMention,,8cbf9d571e472404e9b79d5a7ebb488d70af5040f4c4a6f056ba9491f738d6fb,8cbf9d571e472404e9b79d5a7ebb488d70af5040f4c4a6f056ba9491f738d6fb#clause_0005,,,,mechanism_175c7251d5e313962511,,,pm_02ade9be56e601de880e,,price_value,0.2,元/千瓦时,0.2,yuan_per_kwh,,,,,,0.946849,True,True,,step7b_iterB_rulefix,strict_all
ParameterMention:pm_02d3a516276bc321336a,ParameterMention,,7f64d12d77538daeb634de40f7634de40d034d5512fa29948f5af09d83039026,7f64d12d77538daeb634de40f7634de40d034d5512fa29948f5af09d83039026#clause_0002,,,,mechanism_f15f26c816a5d50a9c4f,,,pm_02d3a516276bc321336a,,ratio_target,20,%,20.0,percent,,,,,,0.554779,True,False,,step7b_iterB_rulefix,strict_all
ParameterMention:pm_0315761daf6f233f4c1f,ParameterMention,,22683cdc818adbda88476b2ce5ef07bfd17154e8f751efbcf70c4b68e9dd70ba,22683cdc818adbda88476b2ce5ef07bfd17154e8f751efbcf70c4b68e9dd70ba#clause_0001,,,,mechanism_f692896ac3d42b576dbc,,,pm_0315761daf6f233f4c1f,,ratio_target,40,％,40.0,percent,,,,,,0.999999,True,True,,step7b_iterB_rulefix,strict_all
ParameterMention:pm_033f62a014fc2ae3c6b9,ParameterMention,,ee74d273b781a2f2d3b7cdfadfe4c9a63e6e423f10874fba1e3c84a0a1f35295,ee74d273b781a2f2d3b7cdfadfe4c9a63e6e423f10874fba1e3c84a0a1f35295#clause_0001,,,,mechanism_adf8e329fb2f48f92898,,,pm_033f62a014fc2ae3c6b9,,consumption_threshold_kwh,450,电量,450.0,kwh,,,,,,0.9995,True,True,,step7b_iterB_rulefix,strict_all
ParameterMention:pm_03711124227c6ed42184,ParameterMention,,41eed2fc03a95dc30af898124e00962d37f00dd998abb5da87c6e10e209db169,41eed2fc03a95dc30af898124e00962d37f00dd998abb5da87c6e10e209db169#clause_0012,,,,mechanism_bb423bb678ae0743a3f8,,,pm_03711124227c6ed42184,,area_subsidy_amount,100,元,0.0,yuan_per_sqm,,,,,,0.997892,True,True,,step7b_iterB_rulefix,strict_all
ParameterMention:pm_037197cd4cd261641182,ParameterMention,,b7970415004e18258dafe12d1a8aab2812448cb5c877684915b31d587b891911,b7970415004e18258dafe12d1a8aab2812448cb5c877684915b31d587b891911#clause_0001,,,,mechanism_76a98ee3749489e822cc,,,pm_037197cd4cd261641182,,consumption_threshold_kwh,0-150,度,150.0,kwh,,,,,,0.985226,True,True,,step7b_iterB_rulefix,strict_all
ParameterMention:pm_03b9730f55c83f41c08c,ParameterMention,,6970500b879273b0b83bb7a489716ace3a254448e313c9392b1c8d699aa8443a,6970500b879273b0b83bb7a489716ace3a254448e313c9392b1c8d699aa8443a#clause_0022,,,,mechanism_bc950338f4e8aaa22d6a,,,pm_03b9730f55c83f41c08c,,subsidy_amount,15,万元,16.2,ten_thousand_yuan,,,,,,0.999983,True,True,,step7b_iterB_rulefix,strict_all
ParameterMention:pm_04009f2a1ef0e19bbe7a,ParameterMention,,b271f30c7c5bbb7895cc6deb831772df2106e756fd6d2f0fa32695d59dba3cda,b271f30c7c5bbb7895cc6deb831772df2106e756fd6d2f0fa32695d59dba3cda#clause_0003,,,,mechanism_6f755513cff65e36312e,,,pm_04009f2a1ef0e19bbe7a,,ratio_target,20,%,20.0,percent,,,,,,0.554779,True,False,,step7b_iterB_rulefix,strict_all
ParameterMention:pm_0441c6027b3c07a013e2,ParameterMention,,3c1392fd897f1d095efaa1ae2a1eaa5c0c3df313cd5a9a185aacffe05575b886,3c1392fd897f1d095efaa1ae2a1eaa5c0c3df313cd5a9a185aacffe05575b886#clause_0012,,,,mechanism_b2f264ae7bed8d36d571,,,pm_0441c6027b3c07a013e2,,area_subsidy_amount,24000,元,200.0,yuan_per_sqm,,,,,,0.997892,True,True,,step7b_iterB_rulefix,strict_all
ParameterMention:pm_045806889ecbbfd5b120,ParameterMention,,9842b76e12450c90ad9c0680b04217082b8a8fafe2cef53d19367fc9dd8179c2,9842b76e12450c90ad9c0680b04217082b8a8fafe2cef53d19367fc9dd8179c2#clause_0000,,,,mechanism_b524e07a2a55b192eef4,,,pm_045806889ecbbfd5b120,,subsidy_amount,6500,元,6500.0,yuan,,,,,,0.559714,True,False,,step7b_iterB_rulefix,strict_all
ParameterMention:pm_04685e966f15eb130cf6,ParameterMention,,ec04d88813b018d570d36f88e39cafafcdea9a884900156145f7f25c3149ea28,ec04d88813b018d570d36f88e39cafafcdea9a884900156145f7f25c3149ea28#clause_0001,,,,mechanism_524bf0677926203c7b41,,,pm_04685e966f15eb130cf6,,consumption_threshold_kwh,2760,千瓦时,2760.0,kwh,,,,,,0.999389,True,True,,step7b_iterB_rulefix,strict_all
ParameterMention:pm_04908c4b1ca4033521b3,ParameterMention,,6ca5d9d44b93a3440cc8f24b4feda441563e6841021017b2c5db628a6976c9f5,6ca5d9d44b93a3440cc8f24b4feda441563e6841021017b2c5db628a6976c9f5#clause_0007,,,,mechanism_ae11607704da2141194b,,,pm_04908c4b1ca4033521b3,,price_value,0.3,元/度,0.3,yuan_per_kwh,,,,,,0.73885,True,True,,step7b_iterB_rulefix,strict_all
ParameterMention:pm_049e2920cf4bde612b9e,ParameterMention,,a69f4fada444fbf3a5477b252309fb00555c6f7cb1797785c73b753cdaf02622,a69f4fada444fbf3a5477b252309fb00555c6f7cb1797785c73b753cdaf02622#clause_0003,,,,mechanism_b08c3fe2d2d2c8bb1607,,,pm_049e2920cf4bde612b9e,,subsidy_amount,1,元,1.0,yuan,,,,,,0.999574,True,True,,step7b_iterB_rulefix,strict_all
ParameterMention:pm_04c04411ed50d7ec4ac6,ParameterMention,,5d785886820a3ef835d86f0d4c5e3aedb76c51572c87d6f5228dd8e042fa93a4,5d785886820a3ef835d86f0d4c5e3aedb76c51572c87d6f5228dd8e042fa93a4#clause_0026,,,,mechanism_0634b7188789dcad85b3,,,pm_04c04411ed50d7ec4ac6,,price_delta_pct,1.5,%,1.5,percent,,,,,,0.608259,True,True,,step7b_iterB_rulefix,strict_all
ParameterMention:pm_04c50caf8158c345dcc0,ParameterMention,,75110d78adc122e8ba1872f733ac9249dc4c04b15561a0470a6fe757f54a20ab,75110d78adc122e8ba1872f733ac9249dc4c04b15561a0470a6fe757f54a20ab#clause_0001,,,,mechanism_ef3bb8873902c278698d,,,pm_04c50caf8158c345dcc0,,consumption_threshold_kwh,100,千瓦时,100.0,kwh,,,,,,0.978119,True,True,,step7b_iterB_rulefix,strict_all
ParameterMention:pm_050267025456899323dc,ParameterMention,,3d453b46781e992f20c2a7120846ab15062f4e272266f310b85e96ae17b26383,3d453b46781e992f20c2a7120846ab15062f4e272266f310b85e96ae17b26383#clause_0002,,,,mechanism_308cbb672fc80cc22876,,,pm_050267025456899323dc,,ratio_target,50,%,50.0,percent,,,,,,0.878681,True,True,,step7b_iterB_rulefix,strict_all
ParameterMention:pm_0534d54d8a59a9de5ad9,ParameterMention,,9842b76e12450c90ad9c0680b04217082b8a8fafe2cef53d19367fc9dd8179c2,9842b76e12450c90ad9c0680b04217082b8a8fafe2cef53d19367fc9dd8179c2#clause_0000,,,,mechanism_b524e07a2a55b192eef4,,,pm_0534d54d8a59a9de5ad9,,target_household_count,3041,户,3041.0,household,,,,,,0.916827,True,True,,step7b_iterB_rulefix,strict_all
ParameterMention:pm_055a9a79605dada99ee9,ParameterMention,,856652d4d7364977a05a7a183b892b5d146cb65bbc1a45dd030bcf53c76f25b3,856652d4d7364977a05a7a183b892b5d146cb65bbc1a45dd030bcf53c76f25b3#clause_0003,,,,mechanism_77b2a032cc3daed5f524,,,pm_055a9a79605dada99ee9,,consumption_threshold_kwh,351,千瓦时,351.0,kwh,,,,,,0.996982,True,True,,step7b_iterB_rulefix,strict_all
ParameterMention:pm_05815e713722e64ad5e3,ParameterMention,,8ef9c7da6345158c1bdde2870ce06ba13dba085fbeb6e9018927491cf218225c,8ef9c7da6345158c1bdde2870ce06ba13dba085fbeb6e9018927491cf218225c#clause_0001,,,,mechanism_979a5a134f4ef784a249,,,pm_05815e713722e64ad5e3,,time_window,10:00-12:00,时段,10:00-12:00,time_window,,,,,,0.999574,True,True,,step7b_iterB_rulefix,strict_all
ParameterMention:pm_05c299342c4e3e49f6f7,ParameterMention,,8a38fc0ed229ca59f4e8c0338588ed972cd97c0a52ee067064d2d696dd9021bd,8a38fc0ed229ca59f4e8c0338588ed972cd97c0a52ee067064d2d696dd9021bd#clause_0003,,,,mechanism_56976c6f7e36a55359b2,,,pm_05c299342c4e3e49f6f7,,subsidy_amount,10,万元,10.0,ten_thousand_yuan,,,,,,0.999996,True,True,,step7b_iterB_rulefix,strict_all
ParameterMention:pm_05dfdfed052be6239a4a,ParameterMention,,6970500b879273b0b83bb7a489716ace3a254448e313c9392b1c8d699aa8443a,6970500b879273b0b83bb7a489716ace3a254448e313c9392b1c8d699aa8443a#clause_0010,,,,mechanism_acc6aec167a59d3f92be,,,pm_05dfdfed052be6239a4a,,subsidy_amount,1500,元,1500.0,yuan,,,,,,0.950734,True,True,,step7b_iterB_rulefix,strict_all
ParameterMention:pm_05febd201b658cfec6b6,ParameterMention,,24861df413989ac11a6eb6a6a0d66fa30719c994005c9700a71e869271450a8e,24861df413989ac11a6eb6a6a0d66fa30719c994005c9700a71e869271450a8e#clause_0003,,,,mechanism_ceb642f34c4f636919c6,,,pm_05febd201b658cfec6b6,,time_window,7:00,,07:00,time_window,,,,,,0.977246,True,True,,step7b_iterB_rulefix,strict_all
ParameterMention:pm_06243aa10e8264142ea3,ParameterMention,,2ece22a4f07f639ee9f6b14d9a999b5ec8ce9a982e248ec2c4350d49c32a2ec3,2ece22a4f07f639ee9f6b14d9a999b5ec8ce9a982e248ec2c4350d49c32a2ec3#clause_0003,,,,mechanism_e35b61e68cf433b568dc,,,pm_06243aa10e8264142ea3,,price_value,0.777,元/千瓦时,0.777,yuan_per_kwh,,,,,,0.903784,True,True,,step7b_iterB_rulefix,strict_all
ParameterMention:pm_0642d8a0dd09dda47c47,ParameterMention,,99bfb079cc9a0ac097ce291b686022d6fc947c4ca53f0ca785a04338057cf2cb,99bfb079cc9a0ac097ce291b686022d6fc947c4ca53f0ca785a04338057cf2cb#clause_0006,,,,mechanism_0892769c1d0333707d74,,,pm_0642d8a0dd09dda47c47,,consumption_threshold_kwh,6000,元/千瓦时,6000.0,kwh,,,,,,0.997527,True,True,,step7b_iterB_rulefix,strict_all
ParameterMention:pm_064c3eda4b1601f71c0b,ParameterMention,,a841fd40884f65693f42fff950340f5c6e1dbdd734f6cb20bc5e15c9bbf474ec,a841fd40884f65693f42fff950340f5c6e1dbdd734f6cb20bc5e15c9bbf474ec#clause_0005,,,,mechanism_ab0b1da5fdd43cc8f2a4,,,pm_064c3eda4b1601f71c0b,,ratio_target,90,％,90.0,percent,,,,,,0.878681,True,True,,step7b_iterB_rulefix,strict_all
ParameterMention:pm_06e906b0e18d6507c5d1,ParameterMention,,eed146d5fe14ffb1e1c746567c59461666857ebc7017d129ca0598039b4deb07,eed146d5fe14ffb1e1c746567c59461666857ebc7017d129ca0598039b4deb07#clause_0002,,,,mechanism_5d222f6ec8d8c22650fd,,,pm_06e906b0e18d6507c5d1,,price_value,0.05,元,0.05,yuan,,,,,,0.654753,True,True,,step7b_iterB_rulefix,strict_all
ParameterMention:pm_07117657b62667fe7f14,ParameterMention,,dc812e8b13d03ff73b79b4b814a56ec987458e2b4ac3147020283904460efdc9,dc812e8b13d03ff73b79b4b814a56ec987458e2b4ac3147020283904460efdc9#clause_0003,,,,mechanism_94a39e061f9d692f7fe1,,,pm_07117657b62667fe7f14,,price_delta_pct,1.875:1.5:1,%,1.0,percent,,,,,,0.985797,True,True,,step7b_iterB_rulefix,strict_all
ParameterMention:pm_071827b47f2ae46b7427,ParameterMention,,eb659fbcd99dcc85f2745f39faae903578c8a5403a504ed63c81c4ca3987afc3,eb659fbcd99dcc85f2745f39faae903578c8a5403a504ed63c81c4ca3987afc3#clause_0007,,,,mechanism_56782c5df536d9979c8f,,,pm_071827b47f2ae46b7427,,ratio_target,6,%,6.0,percent,,,,,,0.554779,True,False,,step7b_iterB_rulefix,strict_all
ParameterMention:pm_074aa813811941f4d7f0,ParameterMention,,cabe05c4dbda50ec49c95f7660116adc6893472b4c0d161d06711a5647f6c00f,cabe05c4dbda50ec49c95f7660116adc6893472b4c0d161d06711a5647f6c00f#clause_0000,,,,mechanism_7db014d37812946a911d,,,pm_074aa813811941f4d7f0,,ratio_target,15,%,15.0,percent,,,,,,0.554779,True,False,,step7b_iterB_rulefix,strict_all
ParameterMention:pm_0774e97ab86aece1920e,ParameterMention,,cc7addf8ff4efe3409afac8915cc6b8df3283617d08af2da6658e58933736301,cc7addf8ff4efe3409afac8915cc6b8df3283617d08af2da6658e58933736301#clause_0005,,,,mechanism_f142d4328f8ce0de1045,,,pm_0774e97ab86aece1920e,,price_delta_pct,60,%,60.0,percent,,,,,,0.73885,True,True,,step7b_iterB_rulefix,strict_all
ParameterMention:pm_07c4ad9467d22e7bba14,ParameterMention,,e4a700feee24e579d89760a2bb47ebf2eefa038152e667ec8a9da9f29b65dbe0,e4a700feee24e579d89760a2bb47ebf2eefa038152e667ec8a9da9f29b65dbe0#clause_0000,,,,mechanism_bd124459ccd898170a90,,,pm_07c4ad9467d22e7bba14,,target_household_count,13838,户,13838.0,household,,,,,,0.930862,True,True,,step7b_iterB_rulefix,strict_all
ParameterMention:pm_08739d4e7c9a0ad92a68,ParameterMention,,f5bc3bee6322d7a50db50b302cf7684c06fe73a55292d8b2fce0e09d9ce0dea5,f5bc3bee6322d7a50db50b302cf7684c06fe73a55292d8b2fce0e09d9ce0dea5#clause_0000,,,,mechanism_578c78091cb55ca4b045,,,pm_08739d4e7c9a0ad92a68,,time_window,9:00-11:30,时段,09:00-11:30,time_window,,,,,,0.999999,True,True,,step7b_iterB_rulefix,strict_all
ParameterMention:pm_08c8f8f39cffeace7df2,ParameterMention,,a7f3f83cc719dbd58fa3cba1078d11a8511ace91597d326e11375e817e2d73f6,a7f3f83cc719dbd58fa3cba1078d11a8511ace91597d326e11375e817e2d73f6#clause_0004,,,,mechanism_ea4ac3bff3dee387e95f,,,pm_08c8f8f39cffeace7df2,,consumption_threshold_kwh,2400,千瓦时,2400.0,kwh,,,,,,0.999338,True,True,,step7b_iterB_rulefix,strict_all
ParameterMention:pm_08c97332ffbbbff2c9b3,ParameterMention,,15d322df36604ef5082b3cbb152c1ae45bda6ad3f5d941b024f5371b4210c4d8,15d322df36604ef5082b3cbb152c1ae45bda6ad3f5d941b024f5371b4210c4d8#clause_0003,,,,mechanism_ad2ab27209ec454df058,,,pm_08c97332ffbbbff2c9b3,,time_window,07:00-08:00,时段,07:00-08:00,time_window,,,,,,0.984632,True,True,,step7b_iterB_rulefix,strict_all
ParameterMention:pm_08ce779b4acdc98c612c,ParameterMention,,8892852e8071ae32c3725e87e81968070485fe999feb530a747dad8a040341e0,8892852e8071ae32c3725e87e81968070485fe999feb530a747dad8a040341e0#clause_0001,,,,mechanism_362792081a7011544105,,,pm_08ce779b4acdc98c612c,,subsidy_amount,1.5,万元,1.5,ten_thousand_yuan,,,,,,0.981293,True,True,,step7b_iterB_rulefix,strict_all
ParameterMention:pm_0904bd7705003ea46775,ParameterMention,,41eed2fc03a95dc30af898124e00962d37f00dd998abb5da87c6e10e209db169,41eed2fc03a95dc30af898124e00962d37f00dd998abb5da87c6e10e209db169#clause_0009,,,,mechanism_eb03db729efa471eaf2d,,,pm_0904bd7705003ea46775,,subsidy_amount,1500,元,1500.0,yuan,,,,,,0.999996,True,True,,step7b_iterB_rulefix,strict_all
ParameterMention:pm_091e6eb82d7d535e2d43,ParameterMention,,4128605b654779f968f7a6378ac7bc8d80f724ca45e3925f67cb754c10db8ef5,4128605b654779f968f7a6378ac7bc8d80f724ca45e3925f67cb754c10db8ef5#clause_0001,,,,mechanism_48d1a17eee2ec61255cc,,,pm_091e6eb82d7d535e2d43,,price_delta_pct,1.9,%,1.9,percent,,,,,,0.608259,True,True,,step7b_iterB_rulefix,strict_all
ParameterMention:pm_096e4c7ee1f903731dc2,ParameterMention,,9b9dc731d84971b347984a61cebe82dfa99c5011c92f8e92ff5e8eae8821ced0,9b9dc731d84971b347984a61cebe82dfa99c5011c92f8e92ff5e8eae8821ced0#clause_0001,,,,mechanism_59fcd193c976e62c9295,,,pm_096e4c7ee1f903731dc2,,time_window,13:00-17:00,时段,13:00-17:00,time_window,,,,,,0.999574,True,True,,step7b_iterB_rulefix,strict_all
ParameterMention:pm_09a58a1f3d55bdd175fe,ParameterMention,,60a8d6c66d757ef90db55edf809fb9816c710a1021f9df39aba80b9949b9a6f7,60a8d6c66d757ef90db55edf809fb9816c710a1021f9df39aba80b9949b9a6f7#clause_0002,,,,mechanism_c1af81c8290dc353e2ab,,,pm_09a58a1f3d55bdd175fe,,ratio_target,80,%,80.0,percent,,,,,,0.981657,True,True,,step7b_iterB_rulefix,strict_all
ParameterMention:pm_09c7be39f243af43ce29,ParameterMention,,95f6ba6c18bedd1be1da79aa08a7d72056b883f00acb9c39d5361b880a4dd595,95f6ba6c18bedd1be1da79aa08a7d72056b883f00acb9c39d5361b880a4dd595#clause_0001,,,,mechanism_5ae9860418769982eea0,,,pm_09c7be39f243af43ce29,,consumption_threshold_kwh,361,度,361.0,kwh,,,,,,0.999996,True,True,,step7b_iterB_rulefix,strict_all
ParameterMention:pm_0a1882f1399c596250b7,ParameterMention,,6970500b879273b0b83bb7a489716ace3a254448e313c9392b1c8d699aa8443a,6970500b879273b0b83bb7a489716ace3a254448e313c9392b1c8d699aa8443a#clause_0010,,,,mechanism_acc6aec167a59d3f92be,,,pm_0a1882f1399c596250b7,,subsidy_amount,2000,元,2000.0,yuan,,,,,,0.950734,True,True,,step7b_iterB_rulefix,strict_all
ParameterMention:pm_0a36bb11adf27ce2b747,ParameterMention,,37057c32932e956503eb1ad05c772ba2cd53e2bba30c2a5b23eb9c15e6a785de,37057c32932e956503eb1ad05c772ba2cd53e2bba30c2a5b23eb9c15e6a785de#clause_0004,,,,mechanism_759018ed687278902f98,,,pm_0a36bb11adf27ce2b747,,consumption_threshold_kwh,15,度,15.0,kwh,,,,,,0.832018,True,True,,step7b_iterB_rulefix,strict_all
ParameterMention:pm_0a7aae80627eec6ceb2b,ParameterMention,,6f9e11a2d7c04d1e2e70825dcb404052e1219052d6c99430f5f25ebd988c1a72,6f9e11a2d7c04d1e2e70825dcb404052e1219052d6c99430f5f25ebd988c1a72#clause_0001,,,,mechanism_eeecdc52980e4b7059a4,,,pm_0a7aae80627eec6ceb2b,,consumption_threshold_kwh,180,千瓦时,180.0,kwh,,,,,,0.9995,True,True,,step7b_iterB_rulefix,strict_all
ParameterMention:pm_0ab1c9515b4dd49c2724,ParameterMention,,6a7e111c32163a3064cb3a8b142ab699ba281a3113b7244d73979c6567c58c92,6a7e111c32163a3064cb3a8b142ab699ba281a3113b7244d73979c6567c58c92#clause_0002,,,,mechanism_8aa8d983ea27e502a0ed,,,pm_0ab1c9515b4dd49c2724,,price_delta_pct,74,%,74.0,percent,,,,,,0.8966,True,True,,step7b_iterB_rulefix,strict_all
ParameterMention:pm_0ae223c1cd0931a14658,ParameterMention,,0f3400361f4f38388365c57c706fc464f0fa6aee962bdb434173380878f8c94b,0f3400361f4f38388365c57c706fc464f0fa6aee962bdb434173380878f8c94b#clause_0000,,,,mechanism_2509d09268187d9511fc,,,pm_0ae223c1cd0931a14658,,price_delta_pct,10,%,10.0,percent,,,,,,0.654753,True,True,,step7b_iterB_rulefix,strict_all
ParameterMention:pm_0b5367ad96e09f735f1c,ParameterMention,,92e84b72ef2f5a11bbc950bceb47099d119cfe6635c2b8757f6582b673168bf0,92e84b72ef2f5a11bbc950bceb47099d119cfe6635c2b8757f6582b673168bf0#clause_0001,,,,mechanism_61cbb66c463bb0213d79,,,pm_0b5367ad96e09f735f1c,,time_window,7:00-9:00,时段,07:00-09:00,time_window,,,,,,0.999983,True,True,,step7b_iterB_rulefix,strict_all
ParameterMention:pm_0b55bd81695a6a77c198,ParameterMention,,6ca5d9d44b93a3440cc8f24b4feda441563e6841021017b2c5db628a6976c9f5,6ca5d9d44b93a3440cc8f24b4feda441563e6841021017b2c5db628a6976c9f5#clause_0021,,,,mechanism_0da0afe6ab689a9d353e,,,pm_0b55bd81695a6a77c198,,target_household_count,500,户,500.0,household,,,,,,0.645656,True,True,,step7b_iterB_rulefix,strict_all
ParameterMention:pm_0b70f8193d744972c4ed,ParameterMention,,4da4ac46529aa8730837ae343298f520e2f42fa4f8b05ba335c343f0248c8e34,4da4ac46529aa8730837ae343298f520e2f42fa4f8b05ba335c343f0248c8e34#clause_0001,,,,mechanism_3273cb610210c7426377,,,pm_0b70f8193d744972c4ed,,ratio_target,10,%,10.0,percent,,,,,,0.998668,True,True,,step7b_iterB_rulefix,strict_all
ParameterMention:pm_0b79f3762275d7a53410,ParameterMention,,2a1a7ca09fde9e1e09c537a13a8c19be802c349c78fec60b60b126242522ccdc,2a1a7ca09fde9e1e09c537a13a8c19be802c349c78fec60b60b126242522ccdc#clause_0000,,,,mechanism_65dfe5d70defaee69338,,,pm_0b79f3762275d7a53410,,ratio_target,95,%,95.0,percent,,,,,,0.5,True,False,,step7b_iterB_rulefix,strict_all
ParameterMention:pm_0c4184d3fdd7c379ce0f,ParameterMention,,10695560c26cc67b7a3e26b8dbcd7b856b0b17ef49c31ba529efd3caf059a1de,10695560c26cc67b7a3e26b8dbcd7b856b0b17ef49c31ba529efd3caf059a1de#clause_0002,,,,mechanism_ed4ea049c0a51b5626e4,,,pm_0c4184d3fdd7c379ce0f,,ratio_target,30,%,30.0,percent,,,,,,0.5,True,False,,step7b_iterB_rulefix,strict_all
ParameterMention:pm_0c41ab20f66f5ad5f676,ParameterMention,,a63aaa1b99aae78cd58b5beb8c271e538c4b10b43ff4aff7312d6e081dd79eed,a63aaa1b99aae78cd58b5beb8c271e538c4b10b43ff4aff7312d6e081dd79eed#clause_0021,,,,mechanism_6018b0cd405ceb078412,,,pm_0c41ab20f66f5ad5f676,,subsidy_amount,2000,元,2000.0,yuan,,,,,,0.989646,True,True,,step7b_iterB_rulefix,strict_all
ParameterMention:pm_0c481d4e013bf9a09a66,ParameterMention,,a63aaa1b99aae78cd58b5beb8c271e538c4b10b43ff4aff7312d6e081dd79eed,a63aaa1b99aae78cd58b5beb8c271e538c4b10b43ff4aff7312d6e081dd79eed#clause_0012,,,,mechanism_d77a374a1cea21a2dcea,,,pm_0c481d4e013bf9a09a66,,subsidy_amount,8000,元,8000.0,yuan,,,,,,0.999766,True,True,,step7b_iterB_rulefix,strict_all
ParameterMention:pm_0cd10f855c4d7fe6fd9f,ParameterMention,,0d4df7638a86e161686866b0b8ac4efc520827097e76902f88d922c41e699999,0d4df7638a86e161686866b0b8ac4efc520827097e76902f88d922c41e699999#clause_0003,,,,mechanism_15e87fbb776d2e4c6bf4,,,pm_0cd10f855c4d7fe6fd9f,,ratio_target,30,%,30.0,percent,,,,,,0.554779,True,False,,step7b_iterB_rulefix,strict_all
ParameterMention:pm_0cef23cc3ed4bf9181cd,ParameterMention,,a63aaa1b99aae78cd58b5beb8c271e538c4b10b43ff4aff7312d6e081dd79eed,a63aaa1b99aae78cd58b5beb8c271e538c4b10b43ff4aff7312d6e081dd79eed#clause_0011,,,,mechanism_28ef771920f68430f55d,,,pm_0cef23cc3ed4bf9181cd,,ratio_target,80,%,80.0,percent,,,,,,0.603483,True,True,,step7b_iterB_rulefix,strict_all
ParameterMention:pm_0d0d9d26f3cf3971914c,ParameterMention,,4978300e5965b0d812a67eb9a07c584011b661c940c300faf4990fb8586e3a13,4978300e5965b0d812a67eb9a07c584011b661c940c300faf4990fb8586e3a13#clause_0005,,,,mechanism_6aba75b5b3b1818f8698,,,pm_0d0d9d26f3cf3971914c,,ratio_target,90,%,90.0,percent,,,,,,0.554779,True,False,,step7b_iterB_rulefix,strict_all
ParameterMention:pm_0d1340067e74df34ac89,ParameterMention,,8e6fda04dc4cc2a5dabc23280052ecf857f10f0630620fa83d268a2bad0818f2,8e6fda04dc4cc2a5dabc23280052ecf857f10f0630620fa83d268a2bad0818f2#clause_0002,,,,mechanism_6cf70f2ae1d16dee63bb,,,pm_0d1340067e74df34ac89,,price_delta_pct,90,%,90.0,percent,,,,,,0.636453,True,True,,step7b_iterB_rulefix,strict_all
ParameterMention:pm_0d317ca1077169839b22,ParameterMention,,a63aaa1b99aae78cd58b5beb8c271e538c4b10b43ff4aff7312d6e081dd79eed,a63aaa1b99aae78cd58b5beb8c271e538c4b10b43ff4aff7312d6e081dd79eed#clause_0011,,,,mechanism_28ef771920f68430f55d,,,pm_0d317ca1077169839b22,,subsidy_amount,24000,元,24000.0,yuan,,,,,,0.974913,True,True,,step7b_iterB_rulefix,strict_all
ParameterMention:pm_0d9cf75172a17d947366,ParameterMention,,cb0c5b8b05cfdf3cf5e27c0081d86b7f45c5f12b09a9fa3f2da332bc102a849b,cb0c5b8b05cfdf3cf5e27c0081d86b7f45c5f12b09a9fa3f2da332bc102a849b#clause_0001,,,,mechanism_a316f20b65f895477430,,,pm_0d9cf75172a17d947366,,duration_threshold_hour,8,时段,8.0,hour,,,,,,0.999849,True,True,,step7b_iterB_rulefix,strict_all
ParameterMention:pm_0e5255e080e4905ab6bc,ParameterMention,,83348a380b3b3d6a053a6b89707affb993adc6db4dd70aed9d2fc76779e202b5,83348a380b3b3d6a053a6b89707affb993adc6db4dd70aed9d2fc76779e202b5#clause_0002,,,,mechanism_b65181ad984a4e5dfdf3,,,pm_0e5255e080e4905ab6bc,,subsidy_amount,240,元,240.0,yuan,,,,,,0.997892,True,True,,step7b_iterB_rulefix,strict_all
ParameterMention:pm_0e5c5b4abb0da878e370,ParameterMention,,6618b31ad2d2553801e75f1d42256338782cda332eb141a7fea6466fee1dccfd,6618b31ad2d2553801e75f1d42256338782cda332eb141a7fea6466fee1dccfd#clause_0011,,,,mechanism_b179baccd3029b178726,,,pm_0e5c5b4abb0da878e370,,subsidy_amount,20,元,20.0,yuan,,,,,,0.997892,True,True,,step7b_iterB_rulefix,strict_all
ParameterMention:pm_0e9050822c1d12a4c933,ParameterMention,,819c31e2886f7e8adcaade88373bb32f7768902a56246226666f0aeddd11bb1b,819c31e2886f7e8adcaade88373bb32f7768902a56246226666f0aeddd11bb1b#clause_0002,,,,mechanism_5e863156b32fdaf15e8b,,,pm_0e9050822c1d12a4c933,,price_value,0.0634,元/千瓦时,0.0634,yuan_per_kwh,,,,,,0.993036,True,True,,step7b_iterB_rulefix,strict_all
ParameterMention:pm_0ea934a1fdf1611a98bf,ParameterMention,,ee74d273b781a2f2d3b7cdfadfe4c9a63e6e423f10874fba1e3c84a0a1f35295,ee74d273b781a2f2d3b7cdfadfe4c9a63e6e423f10874fba1e3c84a0a1f35295#clause_0000,,,,mechanism_c494352133f4b2a710bb,,,pm_0ea934a1fdf1611a98bf,,consumption_threshold_kwh,350,千瓦时,350.0,kwh,,,,,,0.999999,True,True,,step7b_iterB_rulefix,strict_all
ParameterMention:pm_0eca47bdff05c48aa65c,ParameterMention,,ad8d0971d97051367bf7e78a6885dd89b83772d35f94aaff8c56c77398caa167,ad8d0971d97051367bf7e78a6885dd89b83772d35f94aaff8c56c77398caa167#clause_0018,,,,mechanism_30a23a3f2435cf743f66,,,pm_0eca47bdff05c48aa65c,,funding_share_ratio,1:1:1,元,1:1:1,none,,,,,,0.997157,True,True,,step7b_iterB_rulefix,strict_all
ParameterMention:pm_0f442422ba2f50e4f102,ParameterMention,,9842b76e12450c90ad9c0680b04217082b8a8fafe2cef53d19367fc9dd8179c2,9842b76e12450c90ad9c0680b04217082b8a8fafe2cef53d19367fc9dd8179c2#clause_0001,,,,mechanism_d77e45865a88b337990c,,,pm_0f442422ba2f50e4f102,,ratio_target,30,%,30.0,percent,,,,,,0.5,True,False,,step7b_iterB_rulefix,strict_all
ParameterMention:pm_0f550b1211947d5141b9,ParameterMention,,7b751605b49132dd141591500721a0a0aeef9413b412efd887a6985a4ada323a,7b751605b49132dd141591500721a0a0aeef9413b412efd887a6985a4ada323a#clause_0005,,,,mechanism_42fb143d067283e62f93,,,pm_0f550b1211947d5141b9,,ratio_target,90,％,90.0,percent,,,,,,0.878681,True,True,,step7b_iterB_rulefix,strict_all
ParameterMention:pm_0f80ab4e67db9afe8c9b,ParameterMention,,819c31e2886f7e8adcaade88373bb32f7768902a56246226666f0aeddd11bb1b,819c31e2886f7e8adcaade88373bb32f7768902a56246226666f0aeddd11bb1b#clause_0002,,,,mechanism_5e863156b32fdaf15e8b,,,pm_0f80ab4e67db9afe8c9b,,price_value,0.09729,元/千瓦时,0.09729,yuan_per_kwh,,,,,,0.993036,True,True,,step7b_iterB_rulefix,strict_all
ParameterMention:pm_0f9755c56828c0e9b93a,ParameterMention,,ebba22b0a7b7a9a06ccf6dfbe862a330eb615359451c4ccb8bff79fd2d9bd1ad,ebba22b0a7b7a9a06ccf6dfbe862a330eb615359451c4ccb8bff79fd2d9bd1ad#clause_0001,,,,mechanism_b23f35eaa14e567dc227,,,pm_0f9755c56828c0e9b93a,,ratio_target,18,%,18.0,percent,,,,,,0.860566,True,True,,step7b_iterB_rulefix,strict_all
ParameterMention:pm_0fde699b37a29f940fad,ParameterMention,,4d9e424e89d20d90f83d0086d46ae685d20198da6a5b716333623c8288b3d66e,4d9e424e89d20d90f83d0086d46ae685d20198da6a5b716333623c8288b3d66e#clause_0004,,,,mechanism_e29ccea0913b3b60b4fa,,,pm_0fde699b37a29f940fad,,price_delta_pct,20,%,20.0,percent,,,,,,0.654753,True,True,,step7b_iterB_rulefix,strict_all
ParameterMention:pm_10026e75efb853044d8a,ParameterMention,,4dac8070bab7fdf62958e23b15689a48aa5f7c73b4b06deab4d30f0ce35cda18,4dac8070bab7fdf62958e23b15689a48aa5f7c73b4b06deab4d30f0ce35cda18#clause_0003,,,,mechanism_f73cfb7499d05bf4cfaa,,,pm_10026e75efb853044d8a,,ratio_target,3:1,,3:1,none,,,,,,0.832018,True,True,,step7b_iterB_rulefix,strict_all
ParameterMention:pm_1039088343c64bafc0d6,ParameterMention,,53fc822864624a590cef5b5fa21ff00698716adde9cef0962459c0216e2b8855,53fc822864624a590cef5b5fa21ff00698716adde9cef0962459c0216e2b8855#clause_0020,,,,mechanism_df529820b4a7e9f7c7e5,,,pm_1039088343c64bafc0d6,,ratio_target,80,%,80.0,percent,,,,,,0.968324,True,True,,step7b_iterB_rulefix,strict_all
ParameterMention:pm_106b35c73d16a957c011,ParameterMention,,ad8d0971d97051367bf7e78a6885dd89b83772d35f94aaff8c56c77398caa167,ad8d0971d97051367bf7e78a6885dd89b83772d35f94aaff8c56c77398caa167#clause_0010,,,,mechanism_769116cb80944380dae0,,,pm_106b35c73d16a957c011,,funding_share_ratio,1:1:1,元,1:1:1,none,,,,,,0.997157,True,True,,step7b_iterB_rulefix,strict_all
ParameterMention:pm_106e6db60b45a8a6cd73,ParameterMention,,693f3a55fe86330e400962dd0b43476d41023ad39e89f0254b4f9e2651efaca2,693f3a55fe86330e400962dd0b43476d41023ad39e89f0254b4f9e2651efaca2#clause_0005,,,,mechanism_3f524bc2b4e81cae9234,,,pm_106e6db60b45a8a6cd73,,subsidy_amount,7.84,元,7.84,yuan,,,,,,0.950734,True,True,,step7b_iterB_rulefix,strict_all
ParameterMention:pm_1084a4419e6309e476fb,ParameterMention,,7f64d12d77538daeb634de40f7634de40d034d5512fa29948f5af09d83039026,7f64d12d77538daeb634de40f7634de40d034d5512fa29948f5af09d83039026#clause_0002,,,,mechanism_f15f26c816a5d50a9c4f,,,pm_1084a4419e6309e476fb,,ratio_target,25,%,25.0,percent,,,,,,0.554779,True,False,,step7b_iterB_rulefix,strict_all
ParameterMention:pm_109ac5ad87f46f3fa790,ParameterMention,,509a0ad904c063d5cf05fca6cbf14e771fafd94288045c9c2d767dc19ec43ab5,509a0ad904c063d5cf05fca6cbf14e771fafd94288045c9c2d767dc19ec43ab5#clause_0003,,,,mechanism_491f6bea7b349d116b2e,,,pm_109ac5ad87f46f3fa790,,price_value,0.05,元,0.05,yuan,,,,,,0.823465,True,True,,step7b_iterB_rulefix,strict_all
ParameterMention:pm_10b2c766e88a099be824,ParameterMention,,2ece22a4f07f639ee9f6b14d9a999b5ec8ce9a982e248ec2c4350d49c32a2ec3,2ece22a4f07f639ee9f6b14d9a999b5ec8ce9a982e248ec2c4350d49c32a2ec3#clause_0001,,,,mechanism_e449bc6ec729f7dcca17,,,pm_10b2c766e88a099be824,,consumption_threshold_kwh,170,千瓦时,170.0,kwh,,,,,,0.996982,True,True,,step7b_iterB_rulefix,strict_all
ParameterMention:pm_10eb56a91bc280841ed1,ParameterMention,,17b169c01d0fd11691f3014066bc982e9d5aae3ef301b3d897d2a4b986dac45b,17b169c01d0fd11691f3014066bc982e9d5aae3ef301b3d897d2a4b986dac45b#clause_0012,,,,mechanism_1b77d2257bd8d9203aa5,,,pm_10eb56a91bc280841ed1,,subsidy_amount,3000,元,3000.0,yuan,,,,,,0.997892,True,True,,step7b_iterB_rulefix,strict_all
ParameterMention:pm_110451284ad81285cbeb,ParameterMention,,62f668d2db29a9b35b4e6b01f6064c10ad77ad238436d5b7314a37cbf4824821,62f668d2db29a9b35b4e6b01f6064c10ad77ad238436d5b7314a37cbf4824821#clause_0001,,,,mechanism_38d2381a5a5be9871b64,,,pm_110451284ad81285cbeb,,subsidy_amount,240,元,240.0,yuan,,,,,,0.999574,True,True,,step7b_iterB_rulefix,strict_all
ParameterMention:pm_11122bd4c976336f6c28,ParameterMention,,6ca5d9d44b93a3440cc8f24b4feda441563e6841021017b2c5db628a6976c9f5,6ca5d9d44b93a3440cc8f24b4feda441563e6841021017b2c5db628a6976c9f5#clause_0010,,,,mechanism_c28105b562f5ec483715,,,pm_11122bd4c976336f6c28,,subsidy_amount,1500,元,1500.0,yuan,,,,,,0.950734,True,True,,step7b_iterB_rulefix,strict_all
ParameterMention:pm_1160fd8c78d57e78bca8,ParameterMention,,fd34a0c79d6d5134b8ac84ff7a0bc89ce796c8c298e0c72af6f687a2f1d16760,fd34a0c79d6d5134b8ac84ff7a0bc89ce796c8c298e0c72af6f687a2f1d16760#clause_0002,,,,mechanism_a2536786beac29c855b7,,,pm_1160fd8c78d57e78bca8,,ratio_target,100,%,100.0,percent,,,,,,0.97288,True,True,,step7b_iterB_rulefix,strict_all
ParameterMention:pm_11c2aa1b24a78d0784e2,ParameterMention,,19b81e147d4c1292e577c2e1ab84419e792b779d8e0a823ba5d99750039e25cd,19b81e147d4c1292e577c2e1ab84419e792b779d8e0a823ba5d99750039e25cd#clause_0002,,,,mechanism_b30b9984003675e38c71,,,pm_11c2aa1b24a78d0784e2,,subsidy_amount,1,元,1.0,yuan,,,,,,0.999574,True,True,,step7b_iterB_rulefix,strict_all
ParameterMention:pm_11c5c7d574124dccf88f,ParameterMention,,0ef7089f429ca4377a5b92c9f7a419ffcb4a3102d8d0ac5666c9f1bfef4ba625,0ef7089f429ca4377a5b92c9f7a419ffcb4a3102d8d0ac5666c9f1bfef4ba625#clause_0002,,,,mechanism_42c66c13b657f20c42c2,,,pm_11c5c7d574124dccf88f,,ratio_target,15,%,15.0,percent,,,,,,0.59,True,False,,step7b_iterB_rulefix,strict_all
ParameterMention:pm_120d3bc4d3a7c79e3055,ParameterMention,,c6c4d1cca7577b75493e8eccc57343e9ea85d61bd6551b6ac6674cdb45eba353,c6c4d1cca7577b75493e8eccc57343e9ea85d61bd6551b6ac6674cdb45eba353#clause_0003,,,,mechanism_7ebbe92433f6e3fa39d9,,,pm_120d3bc4d3a7c79e3055,,subsidy_amount,4,万元,4.0,ten_thousand_yuan,,,,,,0.999996,True,True,,step7b_iterB_rulefix,strict_all
ParameterMention:pm_123b07f271df8b0d252b,ParameterMention,,cd86e3487ec66701c2d41c1399f9a453338981c169b847ab9321c78351d62988,cd86e3487ec66701c2d41c1399f9a453338981c169b847ab9321c78351d62988#clause_0004,,,,mechanism_20a047fd2ea4eb2d6197,,,pm_123b07f271df8b0d252b,,price_value,0.2,元,0.2,yuan,,,,,,0.999998,True,True,,step7b_iterB_rulefix,strict_all
ParameterMention:pm_1253f67910e1ad938890,ParameterMention,,8ef9c7da6345158c1bdde2870ce06ba13dba085fbeb6e9018927491cf218225c,8ef9c7da6345158c1bdde2870ce06ba13dba085fbeb6e9018927491cf218225c#clause_0001,,,,mechanism_979a5a134f4ef784a249,,,pm_1253f67910e1ad938890,,time_window,7:00-10:00,时段,07:00-10:00,time_window,,,,,,0.999574,True,True,,step7b_iterB_rulefix,strict_all
ParameterMention:pm_128b1c2159b6fc01249b,ParameterMention,,3fd79998d4631ca6e3407dfaacd9b7e9186fa2e143618d0740ab46f0a9063745,3fd79998d4631ca6e3407dfaacd9b7e9186fa2e143618d0740ab46f0a9063745#clause_0000,,,,mechanism_4a65bd7fdd1503c2d012,,,pm_128b1c2159b6fc01249b,,price_delta_pct,1.5,%,1.5,percent,,,,,,0.529964,True,False,,step7b_iterB_rulefix,strict_all
ParameterMention:pm_12997160201d9fa0e55e,ParameterMention,,917e89c9d28f08e37543fdcddbf99ba7c272516ee6b3ca3536d685ecfe8c86f0,917e89c9d28f08e37543fdcddbf99ba7c272516ee6b3ca3536d685ecfe8c86f0#clause_0001,,,,mechanism_cea9ad65c1e3037a40b7,,,pm_12997160201d9fa0e55e,,ratio_target,10,%,10.0,percent,,,,,,0.998668,True,True,,step7b_iterB_rulefix,strict_all
ParameterMention:pm_12c1f4bd6241788c318f,ParameterMention,,8e6fda04dc4cc2a5dabc23280052ecf857f10f0630620fa83d268a2bad0818f2,8e6fda04dc4cc2a5dabc23280052ecf857f10f0630620fa83d268a2bad0818f2#clause_0001,,,,mechanism_52c29d10f35ffb49fd35,,,pm_12c1f4bd6241788c318f,,price_delta_pct,75,%,75.0,percent,,,,,,0.933392,True,True,,step7b_iterB_rulefix,strict_all
ParameterMention:pm_132cc7045c356346e482,ParameterMention,,0463f8ab2dc0e54e2fd506618b80ede13670db6650cb659109835a35687dc141,0463f8ab2dc0e54e2fd506618b80ede13670db6650cb659109835a35687dc141#clause_0002,,,,mechanism_916243a9f6f16fac4d86,,,pm_132cc7045c356346e482,,subsidy_amount,4600,元,4600.0,yuan,,,,,,0.999574,True,True,,step7b_iterB_rulefix,strict_all
ParameterMention:pm_133f33cd07d0a37cd678,ParameterMention,,ad67c3fdaa5a26925e5e3474443bab3a8b1737e94937ccbe115cabd74e2fc9a0,ad67c3fdaa5a26925e5e3474443bab3a8b1737e94937ccbe115cabd74e2fc9a0#clause_0000,,,,mechanism_9cc7aa0710a0cbbad4b0,,,pm_133f33cd07d0a37cd678,,consumption_threshold_kwh,240,千瓦时,240.0,kwh,,,,,,0.99998,True,True,,step7b_iterB_rulefix,strict_all
ParameterMention:pm_136947e632fcb8e7c85e,ParameterMention,,a90ad1a3b708e8808bab56f3ff9155d788b100ae8fd28a759d636304a9fb6b03,a90ad1a3b708e8808bab56f3ff9155d788b100ae8fd28a759d636304a9fb6b03#clause_0001,,,,mechanism_c7fe316e00abd82c368d,,,pm_136947e632fcb8e7c85e,,time_window,11:00-17:00,元/千瓦时,11:00-17:00,time_window,,,,,,0.79576,True,True,,step7b_iterB_rulefix,strict_all
ParameterMention:pm_137b057a18399eb8a76e,ParameterMention,,9b573a30294f2b87e5bc8a1733dc8154869687fb42b7fbcbc23dc1cf3c74f11b,9b573a30294f2b87e5bc8a1733dc8154869687fb42b7fbcbc23dc1cf3c74f11b#clause_0004,,,,mechanism_d88491b8ab61dc9d95d8,,,pm_137b057a18399eb8a76e,,subsidy_amount,3000,元,3000.0,yuan,,,,,,0.994832,True,True,,step7b_iterB_rulefix,strict_all
ParameterMention:pm_1393a26d23d75db55ff4,ParameterMention,,3c1392fd897f1d095efaa1ae2a1eaa5c0c3df313cd5a9a185aacffe05575b886,3c1392fd897f1d095efaa1ae2a1eaa5c0c3df313cd5a9a185aacffe05575b886#clause_0012,,,,mechanism_b2f264ae7bed8d36d571,,,pm_1393a26d23d75db55ff4,,area_subsidy_amount,200,元,200.0,yuan_per_sqm,,,,,,0.997892,True,True,,step7b_iterB_rulefix,strict_all
ParameterMention:pm_13cbd085ea9c45ce7119,ParameterMention,,13677b49d0d053be96bfcd32cd36eeba7c68f125c6f32cc220322ba98c178bf4,13677b49d0d053be96bfcd32cd36eeba7c68f125c6f32cc220322ba98c178bf4#clause_0002,,,,mechanism_b8cd8e984568cfddecf7,,,pm_13cbd085ea9c45ce7119,,ratio_target,18,%,18.0,percent,,,,,,0.860566,True,True,,step7b_iterB_rulefix,strict_all
ParameterMention:pm_1439374592ce50e5d058,ParameterMention,,6970500b879273b0b83bb7a489716ace3a254448e313c9392b1c8d699aa8443a,6970500b879273b0b83bb7a489716ace3a254448e313c9392b1c8d699aa8443a#clause_0013,,,,mechanism_0ee34fa7882338fb70bf,,,pm_1439374592ce50e5d058,,subsidy_amount,24000,元,24000.0,yuan,,,,,,0.974913,True,True,,step7b_iterB_rulefix,strict_all
ParameterMention:pm_1489d842cc8bccf01b4d,ParameterMention,,cc7addf8ff4efe3409afac8915cc6b8df3283617d08af2da6658e58933736301,cc7addf8ff4efe3409afac8915cc6b8df3283617d08af2da6658e58933736301#clause_0004,,,,mechanism_fe66abf3b2483d81e778,,,pm_1489d842cc8bccf01b4d,,time_window,19:00-21:00,时段,19:00-21:00,time_window,,,,,,0.997892,True,True,,step7b_iterB_rulefix,strict_all
ParameterMention:pm_148f1a106d5590abba4c,ParameterMention,,7e1dff3ee78977bc7e5f87b686fc7b8ccf4f78bd15144d2fd3f7c60c48ec3209,7e1dff3ee78977bc7e5f87b686fc7b8ccf4f78bd15144d2fd3f7c60c48ec3209#clause_0006,,,,mechanism_d30a691a413325105b86,,,pm_148f1a106d5590abba4c,,ratio_target,80,%,80.0,percent,,,,,,0.5,True,False,,step7b_iterB_rulefix,strict_all
ParameterMention:pm_158e2f2624c91397093d,ParameterMention,,ec7378b180d0ffdb20e93755e832b7ea1eb6476bbdedfadbb4c5553b1f65c879,ec7378b180d0ffdb20e93755e832b7ea1eb6476bbdedfadbb4c5553b1f65c879#clause_0001,,,,mechanism_1e6ce495b7147017cf8b,,,pm_158e2f2624c91397093d,,duration_threshold_hour,8,小时,8.0,hour,,,,,,0.978119,True,True,,step7b_iterB_rulefix,strict_all
ParameterMention:pm_1592bb9baf7c0bf029c5,ParameterMention,,b226c20a65783d1f8db7b2363b213e14f1e34d6b8e5e8bdb96566bb70d6c687a,b226c20a65783d1f8db7b2363b213e14f1e34d6b8e5e8bdb96566bb70d6c687a#clause_0003,,,,mechanism_60b867cdcb71d161c5ee,,,pm_1592bb9baf7c0bf029c5,,subsidy_amount,4,万元,4.0,ten_thousand_yuan,,,,,,0.999996,True,True,,step7b_iterB_rulefix,strict_all
ParameterMention:pm_15abb5dd8104858fff7e,ParameterMention,,856652d4d7364977a05a7a183b892b5d146cb65bbc1a45dd030bcf53c76f25b3,856652d4d7364977a05a7a183b892b5d146cb65bbc1a45dd030bcf53c76f25b3#clause_0002,,,,mechanism_627353baf3e8e9923cb5,,,pm_15abb5dd8104858fff7e,,consumption_threshold_kwh,350,千瓦时,350.0,kwh,,,,,,0.996982,True,True,,step7b_iterB_rulefix,strict_all
ParameterMention:pm_15ffba52b075d5ad9bc1,ParameterMention,,17b169c01d0fd11691f3014066bc982e9d5aae3ef301b3d897d2a4b986dac45b,17b169c01d0fd11691f3014066bc982e9d5aae3ef301b3d897d2a4b986dac45b#clause_0013,,,,mechanism_e1194316fbf0bc2349bc,,,pm_15ffba52b075d5ad9bc1,,subsidy_amount,2400,元,2400.0,yuan,,,,,,0.997892,True,True,,step7b_iterB_rulefix,strict_all
ParameterMention:pm_1638f71bcc2aec6f0727,ParameterMention,,94c590b102ade026538aeffdd33a1708509a35674bb3f467aed33c570fc34908,94c590b102ade026538aeffdd33a1708509a35674bb3f467aed33c570fc34908#clause_0004,,,,mechanism_1a85e98dc88d2ed71b55,,,pm_1638f71bcc2aec6f0727,,subsidy_amount,0.6,万元,0.6,ten_thousand_yuan,,,,,,0.997892,True,True,,step7b_iterB_rulefix,strict_all
ParameterMention:pm_163a98b3ae3e6ec45b94,ParameterMention,,5d785886820a3ef835d86f0d4c5e3aedb76c51572c87d6f5228dd8e042fa93a4,5d785886820a3ef835d86f0d4c5e3aedb76c51572c87d6f5228dd8e042fa93a4#clause_0000,,,,mechanism_237b2e1ba4d31f499f33,,,pm_163a98b3ae3e6ec45b94,,price_delta_pct,27,%,27.0,percent,,,,,,0.608259,True,True,,step7b_iterB_rulefix,strict_all
ParameterMention:pm_1646bf063bae7cb5eff1,ParameterMention,,3c1392fd897f1d095efaa1ae2a1eaa5c0c3df313cd5a9a185aacffe05575b886,3c1392fd897f1d095efaa1ae2a1eaa5c0c3df313cd5a9a185aacffe05575b886#clause_0022,,,,mechanism_ea7ac7fff0dc22d4630d,,,pm_1646bf063bae7cb5eff1,,subsidy_amount,1.2,万元,16.2,ten_thousand_yuan,,,,,,0.999983,True,True,,step7b_iterB_rulefix,strict_all
ParameterMention:pm_164b591cd286ac5f31b5,ParameterMention,,438c0392b9db32d7f7e7063819ff233da3aefc768abccbae0d8cebcf58748a29,438c0392b9db32d7f7e7063819ff233da3aefc768abccbae0d8cebcf58748a29#clause_0002,,,,mechanism_31e4048a8768776a0bfb,,,pm_164b591cd286ac5f31b5,,subsidy_amount,180,元,180.0,yuan,,,,,,0.997892,True,True,,step7b_iterB_rulefix,strict_all
ParameterMention:pm_171789130cd24bd7f1ec,ParameterMention,,6ca5d9d44b93a3440cc8f24b4feda441563e6841021017b2c5db628a6976c9f5,6ca5d9d44b93a3440cc8f24b4feda441563e6841021017b2c5db628a6976c9f5#clause_0025,,,,mechanism_2116f8dd799561ce8f0d,,,pm_171789130cd24bd7f1ec,,subsidy_amount,2000,元,2000.0,yuan,,,,,,0.989646,True,True,,step7b_iterB_rulefix,strict_all
ParameterMention:pm_17af4530d525cb90c834,ParameterMention,,3fd79998d4631ca6e3407dfaacd9b7e9186fa2e143618d0740ab46f0a9063745,3fd79998d4631ca6e3407dfaacd9b7e9186fa2e143618d0740ab46f0a9063745#clause_0026,,,,mechanism_f81b2afdd0684b8e3a9a,,,pm_17af4530d525cb90c834,,price_delta_pct,1.5,%,1.5,percent,,,,,,0.608259,True,True,,step7b_iterB_rulefix,strict_all
ParameterMention:pm_1800b79bf8de97837e1d,ParameterMention,,632c503920a67e010e21ba8cc1bfddfd101d9f4a5981b038ab8e365c65c57b08,632c503920a67e010e21ba8cc1bfddfd101d9f4a5981b038ab8e365c65c57b08#clause_0002,,,,mechanism_e78611b7545cd32d78c3,,,pm_1800b79bf8de97837e1d,,consumption_threshold_kwh,600,千瓦时,600.0,kwh,,,,,,0.978119,True,True,,step7b_iterB_rulefix,strict_all
ParameterMention:pm_180528558eb5e3949c85,ParameterMention,,58ad7cd309406e184ce7e6d21004def570eec462e6489ea11bebbe2d7b469ea4,58ad7cd309406e184ce7e6d21004def570eec462e6489ea11bebbe2d7b469ea4#clause_0003,,,,mechanism_f73d1cc172353957016c,,,pm_180528558eb5e3949c85,,subsidy_amount,10,万元,10.0,ten_thousand_yuan,,,,,,0.999996,True,True,,step7b_iterB_rulefix,strict_all
ParameterMention:pm_180f57180e72b548c271,ParameterMention,,22683cdc818adbda88476b2ce5ef07bfd17154e8f751efbcf70c4b68e9dd70ba,22683cdc818adbda88476b2ce5ef07bfd17154e8f751efbcf70c4b68e9dd70ba#clause_0005,,,,mechanism_5d0f2aa82191562da845,,,pm_180f57180e72b548c271,,ratio_target,90,％,90.0,percent,,,,,,0.878681,True,True,,step7b_iterB_rulefix,strict_all
ParameterMention:pm_189272b6bb2b0e9d89e1,ParameterMention,,2f9184a72b1488e94b2de32d7d9489e5d523b09268cd7142f059723054a93828,2f9184a72b1488e94b2de32d7d9489e5d523b09268cd7142f059723054a93828#clause_0004,,,,mechanism_e090c603e1b6d1ad686c,,,pm_189272b6bb2b0e9d89e1,,time_window,15:00-17:00,%,15:00-17:00,time_window,,,,,,0.998586,True,True,,step7b_iterB_rulefix,strict_all
ParameterMention:pm_18f6f7c7514e7e921ef5,ParameterMention,,9b573a30294f2b87e5bc8a1733dc8154869687fb42b7fbcbc23dc1cf3c74f11b,9b573a30294f2b87e5bc8a1733dc8154869687fb42b7fbcbc23dc1cf3c74f11b#clause_0005,,,,mechanism_0de4c71dc285b70eebea,,,pm_18f6f7c7514e7e921ef5,,subsidy_amount,100,元,100.0,yuan,,,,,,0.997892,True,True,,step7b_iterB_rulefix,strict_all
ParameterMention:pm_195819858680540917cf,ParameterMention,,4443f6f24df9c2cdb21d2432a3505998f5a74fac8f443a268420a5ce246b624f,4443f6f24df9c2cdb21d2432a3505998f5a74fac8f443a268420a5ce246b624f#clause_0002,,,,mechanism_4062853a80e4ff1a1cd7,,,pm_195819858680540917cf,,consumption_threshold_kwh,2448,千瓦时,2448.0,kwh,,,,,,0.999899,True,True,,step7b_iterB_rulefix,strict_all
ParameterMention:pm_196199538229253b514e,ParameterMention,,3c1392fd897f1d095efaa1ae2a1eaa5c0c3df313cd5a9a185aacffe05575b886,3c1392fd897f1d095efaa1ae2a1eaa5c0c3df313cd5a9a185aacffe05575b886#clause_0001,,,,mechanism_15def9452567641170a8,,,pm_196199538229253b514e,,price_value,0.1,元/度,0.1,yuan_per_kwh,,,,,,0.999714,True,True,,step7b_iterB_rulefix,strict_all
ParameterMention:pm_1968f0f4521ca0898c17,ParameterMention,,635192af8baf11262c4e886f015d6f452a5241a0a6d153db4c730e4108cbf7f3,635192af8baf11262c4e886f015d6f452a5241a0a6d153db4c730e4108cbf7f3#clause_0000,,,,mechanism_f9bff85da9411c4c4f0e,,,pm_1968f0f4521ca0898c17,,price_delta_pct,1.5,%,1.5,percent,,,,,,0.529964,True,False,,step7b_iterB_rulefix,strict_all
ParameterMention:pm_19745f4d0ea8f390a16a,ParameterMention,,c87c6c303d4ebe0bce627bed2792bac1dd9e89ad192d23b7144aa9570705b240,c87c6c303d4ebe0bce627bed2792bac1dd9e89ad192d23b7144aa9570705b240#clause_0002,,,,mechanism_35e61ca458ea66ceba0d,,,pm_19745f4d0ea8f390a16a,,subsidy_amount,240,元,240.0,yuan,,,,,,0.997892,True,True,,step7b_iterB_rulefix,strict_all
ParameterMention:pm_19a8a6f1ebb70b39baa5,ParameterMention,,f9e04639c4debca4ed9f462f2bcd047446a5ac515e9037c7aa504a0cb62c9f85,f9e04639c4debca4ed9f462f2bcd047446a5ac515e9037c7aa504a0cb62c9f85#clause_0003,,,,mechanism_e14bfc0f4d70069224c5,,,pm_19a8a6f1ebb70b39baa5,,ratio_target,10,%,10.0,percent,,,,,,0.968324,True,True,,step7b_iterB_rulefix,strict_all
ParameterMention:pm_19d3183d0c6578c6534c,ParameterMention,,ee74d273b781a2f2d3b7cdfadfe4c9a63e6e423f10874fba1e3c84a0a1f35295,ee74d273b781a2f2d3b7cdfadfe4c9a63e6e423f10874fba1e3c84a0a1f35295#clause_0003,,,,mechanism_d31a5e005f7f9faefa7a,,,pm_19d3183d0c6578c6534c,,consumption_threshold_kwh,10,千瓦时,10.0,kwh,,,,,,0.942676,True,True,,step7b_iterB_rulefix,strict_all
ParameterMention:pm_1a2efb5521f3568dcfac,ParameterMention,,9634a7cefdb8a7018741e8ef683bb7b815f1dbc1d60d42350574f3dd240e55b7,9634a7cefdb8a7018741e8ef683bb7b815f1dbc1d60d42350574f3dd240e55b7#clause_0001,,,,mechanism_6914ed0746812cba0741,,,pm_1a2efb5521f3568dcfac,,ratio_target,5,%,5.0,percent,,,,,,0.554779,True,False,,step7b_iterB_rulefix,strict_all
ParameterMention:pm_1b4ef170020aa348ad34,ParameterMention,,3d3cf040b71cde86681c104e521b64cb56d24b9f7da79e8807e5f779c1922d1e,3d3cf040b71cde86681c104e521b64cb56d24b9f7da79e8807e5f779c1922d1e#clause_0004,,,,mechanism_51379b24bc88f73a9e6b,,,pm_1b4ef170020aa348ad34,,subsidy_amount,0.6,万元,0.6,ten_thousand_yuan,,,,,,0.994832,True,True,,step7b_iterB_rulefix,strict_all
ParameterMention:pm_1b7f7918d50d24bba683,ParameterMention,,9b06cc894aac361e91193d1e2d076802b7d20c8895b79245d14a48f8ce5543ce,9b06cc894aac361e91193d1e2d076802b7d20c8895b79245d14a48f8ce5543ce#clause_0002,,,,mechanism_e3069941459be57a8937,,,pm_1b7f7918d50d24bba683,,ratio_target,1.8:1:0.3,%,0.3,percent,,,,,,0.916827,True,True,,step7b_iterB_rulefix,strict_all
ParameterMention:pm_1c1a0ea35ecaec59c284,ParameterMention,,609908d9bcfc33e3897206e5078e6cd00772ed380b661406f29cddfcd122f57d,609908d9bcfc33e3897206e5078e6cd00772ed380b661406f29cddfcd122f57d#clause_0001,,,,mechanism_325df35f3f7173a1f8e3,,,pm_1c1a0ea35ecaec59c284,,time_window,18:00-20:00,时段,18:00-20:00,time_window,,,,,,0.984632,True,True,,step7b_iterB_rulefix,strict_all
ParameterMention:pm_1c875ebfce828f846283,ParameterMention,,bd51cc43b481bc63bc7d269674f0a2f4518f280c59a782356bbaab35e7c9725c,bd51cc43b481bc63bc7d269674f0a2f4518f280c59a782356bbaab35e7c9725c#clause_0002,,,,mechanism_351b14b0dbfc9323b1fb,,,pm_1c875ebfce828f846283,,consumption_threshold_kwh,13300,千瓦时,13300.0,kwh,,,,,,0.978119,True,True,,step7b_iterB_rulefix,strict_all
ParameterMention:pm_1c8f7e6e516c25916322,ParameterMention,,ca0ecafa5d9b0881a307250ed1dfb3f239da064ec327235d5f6bf4b0afde27d8,ca0ecafa5d9b0881a307250ed1dfb3f239da064ec327235d5f6bf4b0afde27d8#clause_0003,,,,mechanism_be859e5743bc21219b97,,,pm_1c8f7e6e516c25916322,,ratio_target,40,％,40.0,percent,,,,,,0.59,True,False,,step7b_iterB_rulefix,strict_all
ParameterMention:pm_1ca745d33d1d44d03014,ParameterMention,,58ad7cd309406e184ce7e6d21004def570eec462e6489ea11bebbe2d7b469ea4,58ad7cd309406e184ce7e6d21004def570eec462e6489ea11bebbe2d7b469ea4#clause_0001,,,,mechanism_acaa3d12702d5ac09a7f,,,pm_1ca745d33d1d44d03014,,subsidy_amount,10,万元,10.0,ten_thousand_yuan,,,,,,0.999996,True,True,,step7b_iterB_rulefix,strict_all
ParameterMention:pm_1cb1afaa204b91283a3a,ParameterMention,,ec7378b180d0ffdb20e93755e832b7ea1eb6476bbdedfadbb4c5553b1f65c879,ec7378b180d0ffdb20e93755e832b7ea1eb6476bbdedfadbb4c5553b1f65c879#clause_0001,,,,mechanism_1e6ce495b7147017cf8b,,,pm_1cb1afaa204b91283a3a,,duration_threshold_hour,8,小时,8.0,hour,,,,,,0.978119,True,True,,step7b_iterB_rulefix,strict_all
ParameterMention:pm_1cb7a9aebbb5cb649829,ParameterMention,,4443f6f24df9c2cdb21d2432a3505998f5a74fac8f443a268420a5ce246b624f,4443f6f24df9c2cdb21d2432a3505998f5a74fac8f443a268420a5ce246b624f#clause_0002,,,,mechanism_4062853a80e4ff1a1cd7,,,pm_1cb7a9aebbb5cb649829,,consumption_threshold_kwh,2040,千瓦时,2040.0,kwh,,,,,,0.999899,True,True,,step7b_iterB_rulefix,strict_all
ParameterMention:pm_1ce07305b596d4ee34bd,ParameterMention,,ad8d0971d97051367bf7e78a6885dd89b83772d35f94aaff8c56c77398caa167,ad8d0971d97051367bf7e78a6885dd89b83772d35f94aaff8c56c77398caa167#clause_0012,,,,mechanism_ff350aab925518fcd75d,,,pm_1ce07305b596d4ee34bd,,area_subsidy_amount,40,元,40.0,yuan_per_sqm,,,,,,0.85321,True,True,,step7b_iterB_rulefix,strict_all
ParameterMention:pm_1d3d66e474ac993d713b,ParameterMention,,a63aaa1b99aae78cd58b5beb8c271e538c4b10b43ff4aff7312d6e081dd79eed,a63aaa1b99aae78cd58b5beb8c271e538c4b10b43ff4aff7312d6e081dd79eed#clause_0006,,,,mechanism_2a6ad433a02a08db6ba1,,,pm_1d3d66e474ac993d713b,,price_value,0.3,元/度,0.3,yuan_per_kwh,,,,,,0.73885,True,True,,step7b_iterB_rulefix,strict_all
ParameterMention:pm_1da0f00b70f9cfa3d3b7,ParameterMention,,d6295fc6d120b2f270803869f63327efa8f7e3ea98515eb80da25abd977ff9f6,d6295fc6d120b2f270803869f63327efa8f7e3ea98515eb80da25abd977ff9f6#clause_0001,,,,mechanism_a53598dba9031fc495f4,,,pm_1da0f00b70f9cfa3d3b7,,ratio_target,80,%,80.0,percent,,,,,,0.860566,True,True,,step7b_iterB_rulefix,strict_all
ParameterMention:pm_1db319243d0503134456,ParameterMention,,3c1392fd897f1d095efaa1ae2a1eaa5c0c3df313cd5a9a185aacffe05575b886,3c1392fd897f1d095efaa1ae2a1eaa5c0c3df313cd5a9a185aacffe05575b886#clause_0026,,,,mechanism_f440c3c1d3595641da2a,,,pm_1db319243d0503134456,,subsidy_amount,2000,元,2000.0,yuan,,,,,,0.999574,True,True,,step7b_iterB_rulefix,strict_all
ParameterMention:pm_1e2d2d405f8d4548a9cc,ParameterMention,,d6295fc6d120b2f270803869f63327efa8f7e3ea98515eb80da25abd977ff9f6,d6295fc6d120b2f270803869f63327efa8f7e3ea98515eb80da25abd977ff9f6#clause_0005,,,,mechanism_c13f0f3c41ba1294cef1,,,pm_1e2d2d405f8d4548a9cc,,ratio_target,25,%,25.0,percent,,,,,,0.59,True,False,,step7b_iterB_rulefix,strict_all
ParameterMention:pm_1e3bb4d78be035b453e2,ParameterMention,,5d785886820a3ef835d86f0d4c5e3aedb76c51572c87d6f5228dd8e042fa93a4,5d785886820a3ef835d86f0d4c5e3aedb76c51572c87d6f5228dd8e042fa93a4#clause_0026,,,,mechanism_0634b7188789dcad85b3,,,pm_1e3bb4d78be035b453e2,,price_delta_pct,27,%,27.0,percent,,,,,,0.608259,True,True,,step7b_iterB_rulefix,strict_all
ParameterMention:pm_1e4305e481d1124e51d9,ParameterMention,,15d322df36604ef5082b3cbb152c1ae45bda6ad3f5d941b024f5371b4210c4d8,15d322df36604ef5082b3cbb152c1ae45bda6ad3f5d941b024f5371b4210c4d8#clause_0004,,,,mechanism_c8ac1d2abe974aac7d66,,,pm_1e4305e481d1124e51d9,,price_delta_pct,55,%,55.0,percent,,,,,,0.999976,True,True,,step7b_iterB_rulefix,strict_all
ParameterMention:pm_1e54b120a28b8b5dcaac,ParameterMention,,0463f8ab2dc0e54e2fd506618b80ede13670db6650cb659109835a35687dc141,0463f8ab2dc0e54e2fd506618b80ede13670db6650cb659109835a35687dc141#clause_0006,,,,mechanism_c8004da1769625374429,,,pm_1e54b120a28b8b5dcaac,,subsidy_amount,1200,元,1200.0,yuan,,,,,,0.999574,True,True,,step7b_iterB_rulefix,strict_all
ParameterMention:pm_1eac15452fbd13b8cbc9,ParameterMention,,dd9a9eb2e30794eb0e1e14b97aa3b8c9f5e1a04a0f9314704d4ad57223432c5c,dd9a9eb2e30794eb0e1e14b97aa3b8c9f5e1a04a0f9314704d4ad57223432c5c#clause_0001,,,,mechanism_b9bf2fac910190bd47de,,,pm_1eac15452fbd13b8cbc9,,time_window,24:00,,24:00,time_window,,,,,,0.996859,True,True,,step7b_iterB_rulefix,strict_all
ParameterMention:pm_1effe8f7881fd8371341,ParameterMention,,3c1392fd897f1d095efaa1ae2a1eaa5c0c3df313cd5a9a185aacffe05575b886,3c1392fd897f1d095efaa1ae2a1eaa5c0c3df313cd5a9a185aacffe05575b886#clause_0021,,,,mechanism_d191c73d0f049e06a1f6,,,pm_1effe8f7881fd8371341,,target_household_count,500,户,500.0,household,,,,,,0.645656,True,True,,step7b_iterB_rulefix,strict_all
ParameterMention:pm_1f8b71d4e97f98c17abb,ParameterMention,,fd34a0c79d6d5134b8ac84ff7a0bc89ce796c8c298e0c72af6f687a2f1d16760,fd34a0c79d6d5134b8ac84ff7a0bc89ce796c8c298e0c72af6f687a2f1d16760#clause_0000,,,,mechanism_42512b1f7f80050e40a0,,,pm_1f8b71d4e97f98c17abb,,ratio_target,50,%,50.0,percent,,,,,,0.994403,True,True,,step7b_iterB_rulefix,strict_all
ParameterMention:pm_1fe4a2f80b3c316bcc74,ParameterMention,,9f3a13c9638cc5c7deb8ecad47f6052f7b19aa02e4514ce8b2b5376c00e60c86,9f3a13c9638cc5c7deb8ecad47f6052f7b19aa02e4514ce8b2b5376c00e60c86#clause_0002,,,,mechanism_e1502cd58390969a8652,,,pm_1fe4a2f80b3c316bcc74,,consumption_threshold_kwh,400,度,400.0,kwh,,,,,,0.985226,True,True,,step7b_iterB_rulefix,strict_all
ParameterMention:pm_1fe6431ed348eaf88f31,ParameterMention,,95f6ba6c18bedd1be1da79aa08a7d72056b883f00acb9c39d5361b880a4dd595,95f6ba6c18bedd1be1da79aa08a7d72056b883f00acb9c39d5361b880a4dd595#clause_0003,,,,mechanism_717b848c728f8e7c07ef,,,pm_1fe6431ed348eaf88f31,,consumption_threshold_kwh,10,度,10.0,kwh,,,,,,0.832018,True,True,,step7b_iterB_rulefix,strict_all
ParameterMention:pm_200e2f8208b2c59d323b,ParameterMention,,8ef9c7da6345158c1bdde2870ce06ba13dba085fbeb6e9018927491cf218225c,8ef9c7da6345158c1bdde2870ce06ba13dba085fbeb6e9018927491cf218225c#clause_0001,,,,mechanism_979a5a134f4ef784a249,,,pm_200e2f8208b2c59d323b,,time_window,15:00-21:00,时段,15:00-21:00,time_window,,,,,,0.999574,True,True,,step7b_iterB_rulefix,strict_all
ParameterMention:pm_206c6aa683d2b3a81f3e,ParameterMention,,f5bc3bee6322d7a50db50b302cf7684c06fe73a55292d8b2fce0e09d9ce0dea5,f5bc3bee6322d7a50db50b302cf7684c06fe73a55292d8b2fce0e09d9ce0dea5#clause_0000,,,,mechanism_578c78091cb55ca4b045,,,pm_206c6aa683d2b3a81f3e,,time_window,15:30-20:00,时段,15:30-20:00,time_window,,,,,,0.999999,True,True,,step7b_iterB_rulefix,strict_all
ParameterMention:pm_20834367df00879ec0f7,ParameterMention,,b7970415004e18258dafe12d1a8aab2812448cb5c877684915b31d587b891911,b7970415004e18258dafe12d1a8aab2812448cb5c877684915b31d587b891911#clause_0001,,,,mechanism_76a98ee3749489e822cc,,,pm_20834367df00879ec0f7,,consumption_threshold_kwh,150,度,150.0,kwh,,,,,,0.985226,True,True,,step7b_iterB_rulefix,strict_all
ParameterMention:pm_2113e0c27c7075a95563,ParameterMention,,856652d4d7364977a05a7a183b892b5d146cb65bbc1a45dd030bcf53c76f25b3,856652d4d7364977a05a7a183b892b5d146cb65bbc1a45dd030bcf53c76f25b3#clause_0001,,,,mechanism_3d6282cc388614666670,,,pm_2113e0c27c7075a95563,,consumption_threshold_kwh,180,千瓦时,180.0,kwh,,,,,,0.984015,True,True,,step7b_iterB_rulefix,strict_all
ParameterMention:pm_213d66b649c2a94bb554,ParameterMention,,a63aaa1b99aae78cd58b5beb8c271e538c4b10b43ff4aff7312d6e081dd79eed,a63aaa1b99aae78cd58b5beb8c271e538c4b10b43ff4aff7312d6e081dd79eed#clause_0008,,,,mechanism_27ee48ccf66eee15edaf,,,pm_213d66b649c2a94bb554,,subsidy_amount,1500,元,1500.0,yuan,,,,,,0.950734,True,True,,step7b_iterB_rulefix,strict_all
ParameterMention:pm_2161d9ce34cb74be342f,ParameterMention,,bd73b5413d3142d68aeb1a0da4a43352c8e1b26d5db0852155778c681c7a2aa4,bd73b5413d3142d68aeb1a0da4a43352c8e1b26d5db0852155778c681c7a2aa4#clause_0009,,,,mechanism_5d9250a9ef48e4cffadf,,,pm_2161d9ce34cb74be342f,,ratio_target,30,%,30.0,percent,,,,,,0.554779,True,False,,step7b_iterB_rulefix,strict_all
ParameterMention:pm_216553c1bb2a4232f90f,ParameterMention,,917e89c9d28f08e37543fdcddbf99ba7c272516ee6b3ca3536d685ecfe8c86f0,917e89c9d28f08e37543fdcddbf99ba7c272516ee6b3ca3536d685ecfe8c86f0#clause_0003,,,,mechanism_f78616b1e3ed2c9012bc,,,pm_216553c1bb2a4232f90f,,ratio_target,40,%,40.0,percent,,,,,,0.968324,True,True,,step7b_iterB_rulefix,strict_all
ParameterMention:pm_2179fe7bff0bd70d676e,ParameterMention,,96b1a22b2ec5ddcc9e6133c59976da4937836c097e7e7f973b60ec9f8374b7a0,96b1a22b2ec5ddcc9e6133c59976da4937836c097e7e7f973b60ec9f8374b7a0#clause_0003,,,,mechanism_eed4ca9d8897779c114e,,,pm_2179fe7bff0bd70d676e,,ratio_target,50,%,50.0,percent,,,,,,0.68568,True,True,,step7b_iterB_rulefix,strict_all
ParameterMention:pm_21871b7e32b53c6d8863,ParameterMention,,9b573a30294f2b87e5bc8a1733dc8154869687fb42b7fbcbc23dc1cf3c74f11b,9b573a30294f2b87e5bc8a1733dc8154869687fb42b7fbcbc23dc1cf3c74f11b#clause_0004,,,,mechanism_d88491b8ab61dc9d95d8,,,pm_21871b7e32b53c6d8863,,ratio_target,60,%,60.0,percent,,,,,,0.882881,True,True,,step7b_iterB_rulefix,strict_all
ParameterMention:pm_21e221216bf3d745829d,ParameterMention,,bd51cc43b481bc63bc7d269674f0a2f4518f280c59a782356bbaab35e7c9725c,bd51cc43b481bc63bc7d269674f0a2f4518f280c59a782356bbaab35e7c9725c#clause_0003,,,,mechanism_c9bebc8ee69a48286f79,,,pm_21e221216bf3d745829d,,price_delta_pct,1,%,1.0,percent,,,,,,0.79576,True,True,,step7b_iterB_rulefix,strict_all
ParameterMention:pm_22b13e4207c00f54f6e6,ParameterMention,,b5738e1db12f50b7e6a3416bacdba11f06c5373d2cb3d80d31a90bdf09b3ddb1,b5738e1db12f50b7e6a3416bacdba11f06c5373d2cb3d80d31a90bdf09b3ddb1#clause_0001,,,,mechanism_d8c87fda618976b06c3a,,,pm_22b13e4207c00f54f6e6,,time_window,20:00-22:00,时段,20:00-22:00,time_window,,,,,,0.997892,True,True,,step7b_iterB_rulefix,strict_all
ParameterMention:pm_22d457abdd87c96f7fd9,ParameterMention,,b5738e1db12f50b7e6a3416bacdba11f06c5373d2cb3d80d31a90bdf09b3ddb1,b5738e1db12f50b7e6a3416bacdba11f06c5373d2cb3d80d31a90bdf09b3ddb1#clause_0002,,,,mechanism_414e8637b531cc41fff0,,,pm_22d457abdd87c96f7fd9,,time_window,22:00-24:00,时段,22:00-24:00,time_window,,,,,,0.984632,True,True,,step7b_iterB_rulefix,strict_all
ParameterMention:pm_22fada773c15df2a6d3d,ParameterMention,,6970500b879273b0b83bb7a489716ace3a254448e313c9392b1c8d699aa8443a,6970500b879273b0b83bb7a489716ace3a254448e313c9392b1c8d699aa8443a#clause_0001,,,,mechanism_e4a3b4f3094e03f765f3,,,pm_22fada773c15df2a6d3d,,price_value,0.1,元/度,0.1,yuan_per_kwh,,,,,,0.999714,True,True,,step7b_iterB_rulefix,strict_all
ParameterMention:pm_23409eb9f66c20d18dc8,ParameterMention,,2c6f8bdce8c0c7967763bb1bf530c46fe6bbfac7bab4a3c48d3256ace950b987,2c6f8bdce8c0c7967763bb1bf530c46fe6bbfac7bab4a3c48d3256ace950b987#clause_0000,,,,mechanism_582ecd80347043d92cb5,,,pm_23409eb9f66c20d18dc8,,consumption_threshold_kwh,340,千瓦时,340.0,kwh,,,,,,0.999996,True,True,,step7b_iterB_rulefix,strict_all
ParameterMention:pm_2370e789da11d8481c6b,ParameterMention,,68cf8b47055553fd101877102c4de7301c148b4dfe2101a20a960809ffb02d3e,68cf8b47055553fd101877102c4de7301c148b4dfe2101a20a960809ffb02d3e#clause_0005,,,,mechanism_5b926a8898acf3a13304,,,pm_2370e789da11d8481c6b,,ratio_target,50,%,50.0,percent,,,,,,0.832018,True,True,,step7b_iterB_rulefix,strict_all
ParameterMention:pm_239b4374809e6cacdb20,ParameterMention,,1fa29c73a41d6d62bb74e065c64724a1eb5075621c22e96288682d2c4c141f5d,1fa29c73a41d6d62bb74e065c64724a1eb5075621c22e96288682d2c4c141f5d#clause_0006,,,,mechanism_4bfc76b716c5cc7c14cd,,,pm_239b4374809e6cacdb20,,price_value,0.27,元,0.27,yuan,,,,,,0.91834,True,True,,step7b_iterB_rulefix,strict_all
ParameterMention:pm_23ae4a1c87bbd4ce3d99,ParameterMention,,1fa29c73a41d6d62bb74e065c64724a1eb5075621c22e96288682d2c4c141f5d,1fa29c73a41d6d62bb74e065c64724a1eb5075621c22e96288682d2c4c141f5d#clause_0009,,,,mechanism_c78ec660b1b0ad33d3c7,,,pm_23ae4a1c87bbd4ce3d99,,price_value,0.28,元,0.28,yuan,,,,,,0.966431,True,True,,step7b_iterB_rulefix,strict_all
ParameterMention:pm_23b5d616785376890930,ParameterMention,,0de53d8f7a3a1c2de8a8ce98c12216d63084f7e235dd8ddcc02f07760d36a17a,0de53d8f7a3a1c2de8a8ce98c12216d63084f7e235dd8ddcc02f07760d36a17a#clause_0026,,,,mechanism_6dc8302dcb64a0639fec,,,pm_23b5d616785376890930,,price_delta_pct,1.5,%,1.5,percent,,,,,,0.608259,True,True,,step7b_iterB_rulefix,strict_all
ParameterMention:pm_24323756b1aa1b5d93a6,ParameterMention,,b6ac32394452c6d0ae0c24d7fb0f3da37e1c69cccd0cb1261cfbe06d98960bfe,b6ac32394452c6d0ae0c24d7fb0f3da37e1c69cccd0cb1261cfbe06d98960bfe#clause_0002,,,,mechanism_cecb1bf20050e24b084a,,,pm_24323756b1aa1b5d93a6,,subsidy_amount,4600,元,4600.0,yuan,,,,,,0.999574,True,True,,step7b_iterB_rulefix,strict_all
ParameterMention:pm_247a85fc0913f5532581,ParameterMention,,9f3a13c9638cc5c7deb8ecad47f6052f7b19aa02e4514ce8b2b5376c00e60c86,9f3a13c9638cc5c7deb8ecad47f6052f7b19aa02e4514ce8b2b5376c00e60c86#clause_0005,,,,mechanism_0ead59049729e8208ebb,,,pm_247a85fc0913f5532581,,consumption_threshold_kwh,15,度,15.0,kwh,,,,,,0.90025,True,True,,step7b_iterB_rulefix,strict_all
ParameterMention:pm_24973b39955f8845fd20,ParameterMention,,d479f59c3df77e187d3a3a8a4877de755cc807cec98902c65e1b4523c97334f6,d479f59c3df77e187d3a3a8a4877de755cc807cec98902c65e1b4523c97334f6#clause_0000,,,,mechanism_ff3214cf7cada3767bb0,,,pm_24973b39955f8845fd20,,ratio_target,50,%,50.0,percent,,,,,,0.994403,True,True,,step7b_iterB_rulefix,strict_all
ParameterMention:pm_24efaedb820726102812,ParameterMention,,8e713f5036be608e8536659484a13e29de44d6d15aa0bd0098266d8d1e9e0242,8e713f5036be608e8536659484a13e29de44d6d15aa0bd0098266d8d1e9e0242#clause_0007,,,,mechanism_82631d96232da78397c4,,,pm_24efaedb820726102812,,price_delta_pct,1.9,%,1.9,percent,,,,,,0.608259,True,True,,step7b_iterB_rulefix,strict_all
ParameterMention:pm_24f5733e0ed56f77f832,ParameterMention,,58ad7cd309406e184ce7e6d21004def570eec462e6489ea11bebbe2d7b469ea4,58ad7cd309406e184ce7e6d21004def570eec462e6489ea11bebbe2d7b469ea4#clause_0003,,,,mechanism_f73d1cc172353957016c,,,pm_24f5733e0ed56f77f832,,subsidy_amount,5,万元,5.0,ten_thousand_yuan,,,,,,0.999996,True,True,,step7b_iterB_rulefix,strict_all
ParameterMention:pm_25173d11d8aa2f79c1a2,ParameterMention,,693f3a55fe86330e400962dd0b43476d41023ad39e89f0254b4f9e2651efaca2,693f3a55fe86330e400962dd0b43476d41023ad39e89f0254b4f9e2651efaca2#clause_0001,,,,mechanism_e90e739ec05d46c4f14d,,,pm_25173d11d8aa2f79c1a2,,price_value,0.5224,元/度,0.5224,yuan_per_kwh,,,,,,0.539915,True,False,,step7b_iterB_rulefix,strict_all
ParameterMention:pm_252c29d9c07525a312ec,ParameterMention,,a63aaa1b99aae78cd58b5beb8c271e538c4b10b43ff4aff7312d6e081dd79eed,a63aaa1b99aae78cd58b5beb8c271e538c4b10b43ff4aff7312d6e081dd79eed#clause_0012,,,,mechanism_d77a374a1cea21a2dcea,,,pm_252c29d9c07525a312ec,,ratio_target,80,%,80.0,percent,,,,,,0.993307,True,True,,step7b_iterB_rulefix,strict_all
ParameterMention:pm_25809a3ce31a8c5599a2,ParameterMention,,3c1392fd897f1d095efaa1ae2a1eaa5c0c3df313cd5a9a185aacffe05575b886,3c1392fd897f1d095efaa1ae2a1eaa5c0c3df313cd5a9a185aacffe05575b886#clause_0019,,,,mechanism_1f990b6b177c30850a23,,,pm_25809a3ce31a8c5599a2,,subsidy_amount,16.2,万元,16.2,ten_thousand_yuan,,,,,,1.0,True,True,,step7b_iterB_rulefix,strict_all
ParameterMention:pm_25d652fbc0de513a65a5,ParameterMention,,a4146178085d1b27e6b2be802686e7ddffe59ded7cc7590d7c70417aa2b345ae,a4146178085d1b27e6b2be802686e7ddffe59ded7cc7590d7c70417aa2b345ae#clause_0000,,,,mechanism_8a2d30fdb459085ee3e7,,,pm_25d652fbc0de513a65a5,,ratio_target,60,%,60.0,percent,,,,,,0.960834,True,True,,step7b_iterB_rulefix,strict_all
ParameterMention:pm_26180b37ceb2fc49e723,ParameterMention,,6970500b879273b0b83bb7a489716ace3a254448e313c9392b1c8d699aa8443a,6970500b879273b0b83bb7a489716ace3a254448e313c9392b1c8d699aa8443a#clause_0021,,,,mechanism_c7450bdd9c4e58bb814e,,,pm_26180b37ceb2fc49e723,,target_household_count,500,户,500.0,household,,,,,,0.645656,True,True,,step7b_iterB_rulefix,strict_all
ParameterMention:pm_2650436df30b39530220,ParameterMention,,ad8d0971d97051367bf7e78a6885dd89b83772d35f94aaff8c56c77398caa167,ad8d0971d97051367bf7e78a6885dd89b83772d35f94aaff8c56c77398caa167#clause_0007,,,,mechanism_a972c1fd713729d8cea3,,,pm_2650436df30b39530220,,funding_share_ratio,1:1:1,元,1:1:1,none,,,,,,0.997157,True,True,,step7b_iterB_rulefix,strict_all
ParameterMention:pm_26582cbb2605ffa63476,ParameterMention,,3c1392fd897f1d095efaa1ae2a1eaa5c0c3df313cd5a9a185aacffe05575b886,3c1392fd897f1d095efaa1ae2a1eaa5c0c3df313cd5a9a185aacffe05575b886#clause_0014,,,,mechanism_bf07281c9ceb36f85e71,,,pm_26582cbb2605ffa63476,,subsidy_amount,8000,元,8000.0,yuan,,,,,,0.999766,True,True,,step7b_iterB_rulefix,strict_all
ParameterMention:pm_2661061dc2c75198e714,ParameterMention,,6a7e111c32163a3064cb3a8b142ab699ba281a3113b7244d73979c6567c58c92,6a7e111c32163a3064cb3a8b142ab699ba281a3113b7244d73979c6567c58c92#clause_0001,,,,mechanism_8674338fe5586d7f22ea,,,pm_2661061dc2c75198e714,,time_window,16:00-24:00,时段,16:00-24:00,time_window,,,,,,0.996859,True,True,,step7b_iterB_rulefix,strict_all
ParameterMention:pm_2685fd65e7b77888bab4,ParameterMention,,10695560c26cc67b7a3e26b8dbcd7b856b0b17ef49c31ba529efd3caf059a1de,10695560c26cc67b7a3e26b8dbcd7b856b0b17ef49c31ba529efd3caf059a1de#clause_0000,,,,mechanism_8ac42123823f5b302f78,,,pm_2685fd65e7b77888bab4,,tonnage_threshold,20,吨,20.0,ton,,,,,,0.789182,True,True,,step7b_iterB_rulefix,strict_all
ParameterMention:pm_26e6f33355e28835a513,ParameterMention,,41eed2fc03a95dc30af898124e00962d37f00dd998abb5da87c6e10e209db169,41eed2fc03a95dc30af898124e00962d37f00dd998abb5da87c6e10e209db169#clause_0026,,,,mechanism_7a2c59ef69230ed534e3,,,pm_26e6f33355e28835a513,,subsidy_amount,2000,元,2000.0,yuan,,,,,,0.999574,True,True,,step7b_iterB_rulefix,strict_all
ParameterMention:pm_2724a7651697fad8f951,ParameterMention,,40589565082dc74e8463d8e9c6ea201603035cfd7520a8ee3df916591204894b,40589565082dc74e8463d8e9c6ea201603035cfd7520a8ee3df916591204894b#clause_0002,,,,mechanism_2a4b7281c08ceb4695da,,,pm_2724a7651697fad8f951,,price_delta_pct,27,%,27.0,percent,,,,,,0.608259,True,True,,step7b_iterB_rulefix,strict_all
ParameterMention:pm_272f201669fd31bdabb2,ParameterMention,,1fa29c73a41d6d62bb74e065c64724a1eb5075621c22e96288682d2c4c141f5d,1fa29c73a41d6d62bb74e065c64724a1eb5075621c22e96288682d2c4c141f5d#clause_0008,,,,mechanism_93463c9ba49777f3403d,,,pm_272f201669fd31bdabb2,,price_value,0.57,元,0.57,yuan,,,,,,0.966431,True,True,,step7b_iterB_rulefix,strict_all
ParameterMention:pm_274dceb99f672edf5893,ParameterMention,,5cfa5c6db5cfbf0e99ded013a268ba977818e355f9159ace8db3f1eded786078,5cfa5c6db5cfbf0e99ded013a268ba977818e355f9159ace8db3f1eded786078#clause_0001,,,,mechanism_f64b1105f799715a9d0b,,,pm_274dceb99f672edf5893,,duration_threshold_hour,2,小时,2.0,hour,,,,,,0.995504,True,True,,step7b_iterB_rulefix,strict_all
ParameterMention:pm_2771ecee673455b89dc7,ParameterMention,,8293b970f4e2ac1c39653b3e5937d089fbcd1b69315da4d962c2e805f3a1ca2e,8293b970f4e2ac1c39653b3e5937d089fbcd1b69315da4d962c2e805f3a1ca2e#clause_0003,,,,mechanism_681f3ecc7afad152fb68,,,pm_2771ecee673455b89dc7,,consumption_threshold_kwh,260,千瓦时,260.0,kwh,,,,,,0.948826,True,True,,step7b_iterB_rulefix,strict_all
ParameterMention:pm_277d06ab3fb7c9111a79,ParameterMention,,6a7e111c32163a3064cb3a8b142ab699ba281a3113b7244d73979c6567c58c92,6a7e111c32163a3064cb3a8b142ab699ba281a3113b7244d73979c6567c58c92#clause_0001,,,,mechanism_8674338fe5586d7f22ea,,,pm_277d06ab3fb7c9111a79,,time_window,16:00-21:00,时段,16:00-21:00,time_window,,,,,,0.996859,True,True,,step7b_iterB_rulefix,strict_all
ParameterMention:pm_2781735d297ab1f1aeb4,ParameterMention,,34de2093bea75d704c113e23bf49b9018637efa1841e90bf224a6566684fd8df,34de2093bea75d704c113e23bf49b9018637efa1841e90bf224a6566684fd8df#clause_0001,,,,mechanism_68b54d92a1f0539c4203,,,pm_2781735d297ab1f1aeb4,,ratio_target,100,％,100.0,percent,,,,,,0.999999,True,True,,step7b_iterB_rulefix,strict_all
ParameterMention:pm_284c8a4169de93507f82,ParameterMention,,3c1392fd897f1d095efaa1ae2a1eaa5c0c3df313cd5a9a185aacffe05575b886,3c1392fd897f1d095efaa1ae2a1eaa5c0c3df313cd5a9a185aacffe05575b886#clause_0015,,,,mechanism_3ad6cecc55328cfc6c00,,,pm_284c8a4169de93507f82,,ratio_target,100,%,100.0,percent,,,,,,0.960834,True,True,,step7b_iterB_rulefix,strict_all
ParameterMention:pm_287098166bef0dacea6c,ParameterMention,,9b573a30294f2b87e5bc8a1733dc8154869687fb42b7fbcbc23dc1cf3c74f11b,9b573a30294f2b87e5bc8a1733dc8154869687fb42b7fbcbc23dc1cf3c74f11b#clause_0002,,,,mechanism_4f875647eb6068a713c1,,,pm_287098166bef0dacea6c,,subsidy_amount,1,元,1.0,yuan,,,,,,0.999914,True,True,,step7b_iterB_rulefix,strict_all
ParameterMention:pm_29633a9ea4e8bdc826c5,ParameterMention,,a735ca67be12d3b0a942b516c34fc3488730bd0b1628ccf60e57a2451aa63180,a735ca67be12d3b0a942b516c34fc3488730bd0b1628ccf60e57a2451aa63180#clause_0003,,,,mechanism_ac14e7b96fbc8fdd646c,,,pm_29633a9ea4e8bdc826c5,,subsidy_amount,600,元,600.0,yuan,,,,,,0.997892,True,True,,step7b_iterB_rulefix,strict_all
ParameterMention:pm_296552a3297b9f0030f2,ParameterMention,,9842b76e12450c90ad9c0680b04217082b8a8fafe2cef53d19367fc9dd8179c2,9842b76e12450c90ad9c0680b04217082b8a8fafe2cef53d19367fc9dd8179c2#clause_0000,,,,mechanism_b524e07a2a55b192eef4,,,pm_296552a3297b9f0030f2,,target_household_count,3071,元,3071.0,household,,,,,,0.916827,True,True,,step7b_iterB_rulefix,strict_all
ParameterMention:pm_2993e33ba42eb35ef5be,ParameterMention,,68cf8b47055553fd101877102c4de7301c148b4dfe2101a20a960809ffb02d3e,68cf8b47055553fd101877102c4de7301c148b4dfe2101a20a960809ffb02d3e#clause_0004,,,,mechanism_8fd2b3c9667d086c50ef,,,pm_2993e33ba42eb35ef5be,,subsidy_amount,350,元,350.0,yuan,,,,,,0.997892,True,True,,step7b_iterB_rulefix,strict_all
ParameterMention:pm_29af500e50cfc3ab60b7,ParameterMention,,cc7addf8ff4efe3409afac8915cc6b8df3283617d08af2da6658e58933736301,cc7addf8ff4efe3409afac8915cc6b8df3283617d08af2da6658e58933736301#clause_0006,,,,mechanism_adeaf9d90275e8adbf9d,,,pm_29af500e50cfc3ab60b7,,price_delta_pct,50,%,50.0,percent,,,,,,0.79576,True,True,,step7b_iterB_rulefix,strict_all
ParameterMention:pm_29dfc9383af0c1864bfa,ParameterMention,,8e6fda04dc4cc2a5dabc23280052ecf857f10f0630620fa83d268a2bad0818f2,8e6fda04dc4cc2a5dabc23280052ecf857f10f0630620fa83d268a2bad0818f2#clause_0002,,,,mechanism_441d09a8575da82d2830,,,pm_29dfc9383af0c1864bfa,,time_window,14:00-16:00,时段,14:00-16:00,time_window,,,,,,0.79576,True,True,,step7b_iterB_rulefix,strict_all
ParameterMention:pm_29e712a8604c8dda160f,ParameterMention,,a90ad1a3b708e8808bab56f3ff9155d788b100ae8fd28a759d636304a9fb6b03,a90ad1a3b708e8808bab56f3ff9155d788b100ae8fd28a759d636304a9fb6b03#clause_0001,,,,mechanism_c7fe316e00abd82c368d,,,pm_29e712a8604c8dda160f,,time_window,20:00-22:00,元/千瓦时,20:00-22:00,time_window,,,,,,0.79576,True,True,,step7b_iterB_rulefix,strict_all
ParameterMention:pm_2a45396f9414b7d48264,ParameterMention,,e4a700feee24e579d89760a2bb47ebf2eefa038152e667ec8a9da9f29b65dbe0,e4a700feee24e579d89760a2bb47ebf2eefa038152e667ec8a9da9f29b65dbe0#clause_0001,,,,mechanism_1420ec267812a4878ada,,,pm_2a45396f9414b7d48264,,target_household_count,13838,户,13838.0,household,,,,,,0.731059,True,True,,step7b_iterB_rulefix,strict_all
ParameterMention:pm_2a456c50789b1973a26f,ParameterMention,,6618b31ad2d2553801e75f1d42256338782cda332eb141a7fea6466fee1dccfd,6618b31ad2d2553801e75f1d42256338782cda332eb141a7fea6466fee1dccfd#clause_0004,,,,mechanism_0e978debfd1de4ac6e36,,,pm_2a456c50789b1973a26f,,subsidy_amount,20,万元,20.0,ten_thousand_yuan,,,,,,0.997892,True,True,,step7b_iterB_rulefix,strict_all
ParameterMention:pm_2a4f7908f1fce746fc0f,ParameterMention,,cd86e3487ec66701c2d41c1399f9a453338981c169b847ab9321c78351d62988,cd86e3487ec66701c2d41c1399f9a453338981c169b847ab9321c78351d62988#clause_0004,,,,mechanism_20a047fd2ea4eb2d6197,,,pm_2a4f7908f1fce746fc0f,,subsidy_amount,1,元,1.0,yuan,,,,,,0.999999,True,True,,step7b_iterB_rulefix,strict_all
ParameterMention:pm_2a625d5f6966bbda75fa,ParameterMention,,9977a1b4a371e69cc97e07c3dc35c2f6e10314b35aaf7e35995468d3930cbcea,9977a1b4a371e69cc97e07c3dc35c2f6e10314b35aaf7e35995468d3930cbcea#clause_0001,,,,mechanism_10d1fb2af74cbd1485e9,,,pm_2a625d5f6966bbda75fa,,time_window,21:00-22:00,时段,21:00-22:00,time_window,,,,,,0.984632,True,True,,step7b_iterB_rulefix,strict_all
ParameterMention:pm_2a6e5777083ead5559b7,ParameterMention,,fa8247ce8a15e7fa9b0253eda7960d3595374d0fe35b3c360fc07635c4aac219,fa8247ce8a15e7fa9b0253eda7960d3595374d0fe35b3c360fc07635c4aac219#clause_0002,,,,mechanism_b08cd6bdd629db42a717,,,pm_2a6e5777083ead5559b7,,time_window,08:00-16:00,时段,08:00-16:00,time_window,,,,,,0.999914,True,True,,step7b_iterB_rulefix,strict_all
ParameterMention:pm_2a85b232e6e97fb4364e,ParameterMention,,6970500b879273b0b83bb7a489716ace3a254448e313c9392b1c8d699aa8443a,6970500b879273b0b83bb7a489716ace3a254448e313c9392b1c8d699aa8443a#clause_0026,,,,mechanism_3e0499fd345a43a98dc8,,,pm_2a85b232e6e97fb4364e,,subsidy_amount,2000,元,2000.0,yuan,,,,,,0.999574,True,True,,step7b_iterB_rulefix,strict_all
ParameterMention:pm_2abeb165a4c8b7060dbf,ParameterMention,,d6295fc6d120b2f270803869f63327efa8f7e3ea98515eb80da25abd977ff9f6,d6295fc6d120b2f270803869f63327efa8f7e3ea98515eb80da25abd977ff9f6#clause_0002,,,,mechanism_6ae9f71b5cd755476b6b,,,pm_2abeb165a4c8b7060dbf,,ratio_target,70,%,70.0,percent,,,,,,0.554779,True,False,,step7b_iterB_rulefix,strict_all
ParameterMention:pm_2adfb4351510bfdc6219,ParameterMention,,cc7addf8ff4efe3409afac8915cc6b8df3283617d08af2da6658e58933736301,cc7addf8ff4efe3409afac8915cc6b8df3283617d08af2da6658e58933736301#clause_0007,,,,mechanism_1886d99a7027b5190b3b,,,pm_2adfb4351510bfdc6219,,price_delta_pct,17,%,17.0,percent,,,,,,0.950734,True,True,,step7b_iterB_rulefix,strict_all
ParameterMention:pm_2b0f0417e53bb16e7f23,ParameterMention,,a69f4fada444fbf3a5477b252309fb00555c6f7cb1797785c73b753cdaf02622,a69f4fada444fbf3a5477b252309fb00555c6f7cb1797785c73b753cdaf02622#clause_0003,,,,mechanism_b08c3fe2d2d2c8bb1607,,,pm_2b0f0417e53bb16e7f23,,subsidy_amount,1200,元,1200.0,yuan,,,,,,0.999574,True,True,,step7b_iterB_rulefix,strict_all
ParameterMention:pm_2b48199f6c3c949e9289,ParameterMention,,b7970415004e18258dafe12d1a8aab2812448cb5c877684915b31d587b891911,b7970415004e18258dafe12d1a8aab2812448cb5c877684915b31d587b891911#clause_0002,,,,mechanism_fbea0bf2f270325a50ea,,,pm_2b48199f6c3c949e9289,,price_value,0.4271,元,0.4271,yuan,,,,,,0.903784,True,True,,step7b_iterB_rulefix,strict_all
ParameterMention:pm_2b604fc059d90c781ef1,ParameterMention,,d171f5c9ffcc84e6c44576635c6bf0c74d7a441eb935c00257be34cfe5ace627,d171f5c9ffcc84e6c44576635c6bf0c74d7a441eb935c00257be34cfe5ace627#clause_0005,,,,mechanism_91a0851474e1b20cf1d3,,,pm_2b604fc059d90c781ef1,,consumption_threshold_kwh,10,度,10.0,kwh,,,,,,0.832018,True,True,,step7b_iterB_rulefix,strict_all
ParameterMention:pm_2bacf401d24ad0feb7d7,ParameterMention,,8cbf9d571e472404e9b79d5a7ebb488d70af5040f4c4a6f056ba9491f738d6fb,8cbf9d571e472404e9b79d5a7ebb488d70af5040f4c4a6f056ba9491f738d6fb#clause_0006,,,,mechanism_4ebd6f188cd84d41de2f,,,pm_2bacf401d24ad0feb7d7,,subsidy_amount,1200,元,1200.0,yuan,,,,,,0.999574,True,True,,step7b_iterB_rulefix,strict_all
ParameterMention:pm_2bb33c8b27c8f3990035,ParameterMention,,cc7addf8ff4efe3409afac8915cc6b8df3283617d08af2da6658e58933736301,cc7addf8ff4efe3409afac8915cc6b8df3283617d08af2da6658e58933736301#clause_0002,,,,mechanism_ededa4befac33f7f4985,,,pm_2bb33c8b27c8f3990035,,time_window,18:00-21:00,时段,18:00-21:00,time_window,,,,,,0.989646,True,True,,step7b_iterB_rulefix,strict_all
ParameterMention:pm_2bb48cd820edf31dff92,ParameterMention,,a90ad1a3b708e8808bab56f3ff9155d788b100ae8fd28a759d636304a9fb6b03,a90ad1a3b708e8808bab56f3ff9155d788b100ae8fd28a759d636304a9fb6b03#clause_0002,,,,mechanism_adf1bdcf9f64a0d1e873,,,pm_2bb48cd820edf31dff92,,time_window,00:00-08:00,元/千瓦时,00:00-08:00,time_window,,,,,,0.950734,True,True,,step7b_iterB_rulefix,strict_all
ParameterMention:pm_2bd2b13d7ed07abc9a1c,ParameterMention,,95f6ba6c18bedd1be1da79aa08a7d72056b883f00acb9c39d5361b880a4dd595,95f6ba6c18bedd1be1da79aa08a7d72056b883f00acb9c39d5361b880a4dd595#clause_0002,,,,mechanism_b6e3da45258f75e02007,,,pm_2bd2b13d7ed07abc9a1c,,price_value,0.3,元/千瓦时,0.3,yuan_per_kwh,,,,,,0.823465,True,True,,step7b_iterB_rulefix,strict_all
ParameterMention:pm_2c261e48e8f0adfbf325,ParameterMention,,b7970415004e18258dafe12d1a8aab2812448cb5c877684915b31d587b891911,b7970415004e18258dafe12d1a8aab2812448cb5c877684915b31d587b891911#clause_0002,,,,mechanism_fbea0bf2f270325a50ea,,,pm_2c261e48e8f0adfbf325,,consumption_threshold_kwh,230,度,230.0,kwh,,,,,,0.985226,True,True,,step7b_iterB_rulefix,strict_all
ParameterMention:pm_2c9785ab1ecd57e0c293,ParameterMention,,632c503920a67e010e21ba8cc1bfddfd101d9f4a5981b038ab8e365c65c57b08,632c503920a67e010e21ba8cc1bfddfd101d9f4a5981b038ab8e365c65c57b08#clause_0004,,,,mechanism_945b6a873a0484746a9a,,,pm_2c9785ab1ecd57e0c293,,price_value,0.02,元/千瓦时,0.02,yuan_per_kwh,,,,,,0.539915,True,False,,step7b_iterB_rulefix,strict_all
ParameterMention:pm_2caaf21bb6faa29efed1,ParameterMention,,509a0ad904c063d5cf05fca6cbf14e771fafd94288045c9c2d767dc19ec43ab5,509a0ad904c063d5cf05fca6cbf14e771fafd94288045c9c2d767dc19ec43ab5#clause_0003,,,,mechanism_491f6bea7b349d116b2e,,,pm_2caaf21bb6faa29efed1,,price_value,0.13,元,0.13,yuan,,,,,,0.823465,True,True,,step7b_iterB_rulefix,strict_all
ParameterMention:pm_2d5901f0e5116462afea,ParameterMention,,872f329b829fabeae485580e6ea8ffc598cb678cf546ae789f8ed60a40bf8ae6,872f329b829fabeae485580e6ea8ffc598cb678cf546ae789f8ed60a40bf8ae6#clause_0004,,,,mechanism_8b1e3960f2418cf363c1,,,pm_2d5901f0e5116462afea,,price_value,0.3,度,0.3,yuan,,,,,,0.995679,True,False,,step7b_iterB_rulefix,strict_all
ParameterMention:pm_2d74ac6173b1d598a38d,ParameterMention,,693f3a55fe86330e400962dd0b43476d41023ad39e89f0254b4f9e2651efaca2,693f3a55fe86330e400962dd0b43476d41023ad39e89f0254b4f9e2651efaca2#clause_0004,,,,mechanism_669af885c80e4897eed8,,,pm_2d74ac6173b1d598a38d,,price_value,0.5464,元/度,0.5464,yuan_per_kwh,,,,,,0.989646,True,True,,step7b_iterB_rulefix,strict_all
ParameterMention:pm_2da728e17cc0d6503513,ParameterMention,,8b20b8b5d683f19fe69f3fa1ec0f3272c5e99b10590f82cf4e238232ec7ee7fa,8b20b8b5d683f19fe69f3fa1ec0f3272c5e99b10590f82cf4e238232ec7ee7fa#clause_0000,,,,mechanism_a58fea38cdb1f4818289,,,pm_2da728e17cc0d6503513,,price_value,0.03,元,0.03,yuan,,,,,,0.999988,True,True,,step7b_iterB_rulefix,strict_all
ParameterMention:pm_2dba549a652fceca4e5d,ParameterMention,,9634a7cefdb8a7018741e8ef683bb7b815f1dbc1d60d42350574f3dd240e55b7,9634a7cefdb8a7018741e8ef683bb7b815f1dbc1d60d42350574f3dd240e55b7#clause_0004,,,,mechanism_d9025541b61d9e22213c,,,pm_2dba549a652fceca4e5d,,ratio_target,25,%,25.0,percent,,,,,,0.554779,True,False,,step7b_iterB_rulefix,strict_all
ParameterMention:pm_2dc3deaa63a006adc632,ParameterMention,,6ca5d9d44b93a3440cc8f24b4feda441563e6841021017b2c5db628a6976c9f5,6ca5d9d44b93a3440cc8f24b4feda441563e6841021017b2c5db628a6976c9f5#clause_0007,,,,mechanism_ae11607704da2141194b,,,pm_2dc3deaa63a006adc632,,price_value,0.1,元/度,0.1,yuan_per_kwh,,,,,,0.73885,True,True,,step7b_iterB_rulefix,strict_all
ParameterMention:pm_2dc42bc1d15ca42cae51,ParameterMention,,75833ff273a4d2d6f13f69723a049cea9e1c56a53db43bccd58d074ead1cd079,75833ff273a4d2d6f13f69723a049cea9e1c56a53db43bccd58d074ead1cd079#clause_0000,,,,mechanism_a818b9817caad8427723,,,pm_2dc42bc1d15ca42cae51,,target_household_count,13838,户,13838.0,household,,,,,,0.930862,True,True,,step7b_iterB_rulefix,strict_all
ParameterMention:pm_2dd2c59053f0641815c4,ParameterMention,,7f64d12d77538daeb634de40f7634de40d034d5512fa29948f5af09d83039026,7f64d12d77538daeb634de40f7634de40d034d5512fa29948f5af09d83039026#clause_0000,,,,mechanism_a2ec73dd2e5046e023b4,,,pm_2dd2c59053f0641815c4,,price_delta_pct,10,%,10.0,percent,,,,,,0.654753,True,True,,step7b_iterB_rulefix,strict_all
ParameterMention:pm_2e0442d024c3b47b5277,ParameterMention,,53fc822864624a590cef5b5fa21ff00698716adde9cef0962459c0216e2b8855,53fc822864624a590cef5b5fa21ff00698716adde9cef0962459c0216e2b8855#clause_0013,,,,mechanism_8f6a63af51e49643acd9,,,pm_2e0442d024c3b47b5277,,ratio_target,18,%,18.0,percent,,,,,,0.554779,True,False,,step7b_iterB_rulefix,strict_all
ParameterMention:pm_2e0fbc8dd62402789cf2,ParameterMention,,d31910273230458d2a8e0c7c623aa0f1c45d59d48f0dc7cad99ecb0902267b5d,d31910273230458d2a8e0c7c623aa0f1c45d59d48f0dc7cad99ecb0902267b5d#clause_0005,,,,mechanism_f3c7dcc9d68849740dd5,,,pm_2e0fbc8dd62402789cf2,,consumption_threshold_kwh,6000,元/千瓦时,6000.0,kwh,,,,,,0.858149,True,True,,step7b_iterB_rulefix,strict_all
ParameterMention:pm_2e4d3d14bf73fb3d1423,ParameterMention,,0f3400361f4f38388365c57c706fc464f0fa6aee962bdb434173380878f8c94b,0f3400361f4f38388365c57c706fc464f0fa6aee962bdb434173380878f8c94b#clause_0002,,,,mechanism_b00cdd1efa1f7c980608,,,pm_2e4d3d14bf73fb3d1423,,ratio_target,25,%,25.0,percent,,,,,,0.554779,True,False,,step7b_iterB_rulefix,strict_all
ParameterMention:pm_2e9f35af96e691dfd84c,ParameterMention,,4128605b654779f968f7a6378ac7bc8d80f724ca45e3925f67cb754c10db8ef5,4128605b654779f968f7a6378ac7bc8d80f724ca45e3925f67cb754c10db8ef5#clause_0001,,,,mechanism_48d1a17eee2ec61255cc,,,pm_2e9f35af96e691dfd84c,,price_delta_pct,1.5,%,1.5,percent,,,,,,0.608259,True,True,,step7b_iterB_rulefix,strict_all
ParameterMention:pm_2f848aad36e141c20e40,ParameterMention,,e96954454202c06919fb26233a2f5743477ff62fe26d6f194b805da4176b5fcb,e96954454202c06919fb26233a2f5743477ff62fe26d6f194b805da4176b5fcb#clause_0001,,,,mechanism_3d41978d9d513bbcbfea,,,pm_2f848aad36e141c20e40,,consumption_threshold_kwh,2040,度,2040.0,kwh,,,,,,0.997527,True,True,,step7b_iterB_rulefix,strict_all
ParameterMention:pm_2f85381cbfdba3280f7e,ParameterMention,,58335d90e96cc5b4211b57e5ba68639ec110997e34daf85e547cbcf39bcc1906,58335d90e96cc5b4211b57e5ba68639ec110997e34daf85e547cbcf39bcc1906#clause_0004,,,,mechanism_cd90cf8e284f62eab6ae,,,pm_2f85381cbfdba3280f7e,,price_delta_pct,65,%,65.0,percent,,,,,,0.73885,True,True,,step7b_iterB_rulefix,strict_all
ParameterMention:pm_2f933f9e72342f30569d,ParameterMention,,e15bd62111869ef28d319c4782660d56e7d6f9284bf4198ae86a54d79d2940fe,e15bd62111869ef28d319c4782660d56e7d6f9284bf4198ae86a54d79d2940fe#clause_0001,,,,mechanism_fcc16d42aa6946a12da4,,,pm_2f933f9e72342f30569d,,price_delta_pct,1.9,%,1.9,percent,,,,,,0.608259,True,True,,step7b_iterB_rulefix,strict_all
ParameterMention:pm_2fc8793e95051fefc725,ParameterMention,,c6c4d1cca7577b75493e8eccc57343e9ea85d61bd6551b6ac6674cdb45eba353,c6c4d1cca7577b75493e8eccc57343e9ea85d61bd6551b6ac6674cdb45eba353#clause_0003,,,,mechanism_7ebbe92433f6e3fa39d9,,,pm_2fc8793e95051fefc725,,subsidy_amount,10,万元,10.0,ten_thousand_yuan,,,,,,0.999996,True,True,,step7b_iterB_rulefix,strict_all
ParameterMention:pm_2fd927dff2a76d685db4,ParameterMention,,dc812e8b13d03ff73b79b4b814a56ec987458e2b4ac3147020283904460efdc9,dc812e8b13d03ff73b79b4b814a56ec987458e2b4ac3147020283904460efdc9#clause_0001,,,,mechanism_09b7d28037f2cd80c617,,,pm_2fd927dff2a76d685db4,,time_window,16:00-21:00,时段,16:00-21:00,time_window,,,,,,0.996859,True,True,,step7b_iterB_rulefix,strict_all
ParameterMention:pm_2feb45c3004cb9a9065e,ParameterMention,,a63aaa1b99aae78cd58b5beb8c271e538c4b10b43ff4aff7312d6e081dd79eed,a63aaa1b99aae78cd58b5beb8c271e538c4b10b43ff4aff7312d6e081dd79eed#clause_0010,,,,mechanism_2faa916caf15250492b6,,,pm_2feb45c3004cb9a9065e,,area_subsidy_amount,200,元,200.0,yuan_per_sqm,,,,,,0.997892,True,True,,step7b_iterB_rulefix,strict_all
ParameterMention:pm_30137732abbb6e347432,ParameterMention,,bd9a5debe3e285290408196ff9a61cc7d1acd325eab100746bcd7562b196b7dd,bd9a5debe3e285290408196ff9a61cc7d1acd325eab100746bcd7562b196b7dd#clause_0001,,,,mechanism_ed4c90d5af9b1734f9d2,,,pm_30137732abbb6e347432,,subsidy_amount,240,元,240.0,yuan,,,,,,0.999574,True,True,,step7b_iterB_rulefix,strict_all
ParameterMention:pm_301d3daf84e96680a5ef,ParameterMention,,500387f290ce2730e02ebddb6bdb2aa6dffc22df78c335ed7937fd7225fa2d31,500387f290ce2730e02ebddb6bdb2aa6dffc22df78c335ed7937fd7225fa2d31#clause_0001,,,,mechanism_738dbcdb1458dec2fdbd,,,pm_301d3daf84e96680a5ef,,time_window,8:00-10:00,时段,08:00-10:00,time_window,,,,,,0.996859,True,True,,step7b_iterB_rulefix,strict_all
ParameterMention:pm_302b5a78ee94de7316bd,ParameterMention,,917e89c9d28f08e37543fdcddbf99ba7c272516ee6b3ca3536d685ecfe8c86f0,917e89c9d28f08e37543fdcddbf99ba7c272516ee6b3ca3536d685ecfe8c86f0#clause_0001,,,,mechanism_cea9ad65c1e3037a40b7,,,pm_302b5a78ee94de7316bd,,ratio_target,30,%,30.0,percent,,,,,,0.998668,True,True,,step7b_iterB_rulefix,strict_all
ParameterMention:pm_30386e5eed794a18aec4,ParameterMention,,3e01f17b897c9feee5fc314db8aefdb21db1935f389688d626165886eda313fe,3e01f17b897c9feee5fc314db8aefdb21db1935f389688d626165886eda313fe#clause_0003,,,,mechanism_29a72930d3afde7a77a4,,,pm_30386e5eed794a18aec4,,ratio_target,30,%,30.0,percent,,,,,,0.968324,True,True,,step7b_iterB_rulefix,strict_all
ParameterMention:pm_3052b7be552e1c03ccfd,ParameterMention,,a90ad1a3b708e8808bab56f3ff9155d788b100ae8fd28a759d636304a9fb6b03,a90ad1a3b708e8808bab56f3ff9155d788b100ae8fd28a759d636304a9fb6b03#clause_0003,,,,mechanism_30c8fce1fa561737a342,,,pm_3052b7be552e1c03ccfd,,time_window,08:00-11:00,时段,08:00-11:00,time_window,,,,,,0.997892,True,True,,step7b_iterB_rulefix,strict_all
ParameterMention:pm_306156205beafe2756e5,ParameterMention,,6ca5d9d44b93a3440cc8f24b4feda441563e6841021017b2c5db628a6976c9f5,6ca5d9d44b93a3440cc8f24b4feda441563e6841021017b2c5db628a6976c9f5#clause_0012,,,,mechanism_fc9efe19aa7d7379423d,,,pm_306156205beafe2756e5,,area_subsidy_amount,100,元,0.0,yuan_per_sqm,,,,,,0.997892,True,True,,step7b_iterB_rulefix,strict_all
ParameterMention:pm_3061c6222875c80ae860,ParameterMention,,2c6f8bdce8c0c7967763bb1bf530c46fe6bbfac7bab4a3c48d3256ace950b987,2c6f8bdce8c0c7967763bb1bf530c46fe6bbfac7bab4a3c48d3256ace950b987#clause_0000,,,,mechanism_582ecd80347043d92cb5,,,pm_3061c6222875c80ae860,,consumption_threshold_kwh,500,千瓦时,500.0,kwh,,,,,,0.999996,True,True,,step7b_iterB_rulefix,strict_all
ParameterMention:pm_3072860f3698d1883101,ParameterMention,,9977a1b4a371e69cc97e07c3dc35c2f6e10314b35aaf7e35995468d3930cbcea,9977a1b4a371e69cc97e07c3dc35c2f6e10314b35aaf7e35995468d3930cbcea#clause_0002,,,,mechanism_5fb2bdf0417bc8a55981,,,pm_3072860f3698d1883101,,price_delta_pct,58,%,58.0,percent,,,,,,0.723122,True,True,,step7b_iterB_rulefix,strict_all
ParameterMention:pm_312f825e6dbc36307c32,ParameterMention,,ec04d88813b018d570d36f88e39cafafcdea9a884900156145f7f25c3149ea28,ec04d88813b018d570d36f88e39cafafcdea9a884900156145f7f25c3149ea28#clause_0003,,,,mechanism_1c248a7a5d807d0b866f,,,pm_312f825e6dbc36307c32,,consumption_threshold_kwh,4800,千瓦时,4800.0,kwh,,,,,,0.579324,True,False,,step7b_iterB_rulefix,strict_all
ParameterMention:pm_315decc77638b6d42ab1,ParameterMention,,4a49234794f550f6c254bd1184117e2f8852908ed6986f566ef0e18a4c3b49fb,4a49234794f550f6c254bd1184117e2f8852908ed6986f566ef0e18a4c3b49fb#clause_0001,,,,mechanism_6c64458c206148515220,,,pm_315decc77638b6d42ab1,,price_value,0.1,元/千瓦时,0.1,yuan_per_kwh,,,,,,0.884933,True,True,,step7b_iterB_rulefix,strict_all
ParameterMention:pm_319a38320458a9954f83,ParameterMention,,ec7378b180d0ffdb20e93755e832b7ea1eb6476bbdedfadbb4c5553b1f65c879,ec7378b180d0ffdb20e93755e832b7ea1eb6476bbdedfadbb4c5553b1f65c879#clause_0002,,,,mechanism_015f116ef82f09b2a7d4,,,pm_319a38320458a9954f83,,price_delta_pct,55,%,55.0,percent,,,,,,0.933392,True,True,,step7b_iterB_rulefix,strict_all
ParameterMention:pm_321fd46d5b27a00def3e,ParameterMention,,eed146d5fe14ffb1e1c746567c59461666857ebc7017d129ca0598039b4deb07,eed146d5fe14ffb1e1c746567c59461666857ebc7017d129ca0598039b4deb07#clause_0002,,,,mechanism_5d222f6ec8d8c22650fd,,,pm_321fd46d5b27a00def3e,,consumption_threshold_kwh,3120,度,3120.0,kwh,,,,,,0.948826,True,True,,step7b_iterB_rulefix,strict_all
ParameterMention:pm_3296fae1b13e6ee612ea,ParameterMention,,13677b49d0d053be96bfcd32cd36eeba7c68f125c6f32cc220322ba98c178bf4,13677b49d0d053be96bfcd32cd36eeba7c68f125c6f32cc220322ba98c178bf4#clause_0006,,,,mechanism_d25db26dbaf495e43d1a,,,pm_3296fae1b13e6ee612ea,,ratio_target,90,%,90.0,percent,,,,,,0.59,True,False,,step7b_iterB_rulefix,strict_all
ParameterMention:pm_32aac40760b6642b2578,ParameterMention,,94c590b102ade026538aeffdd33a1708509a35674bb3f467aed33c570fc34908,94c590b102ade026538aeffdd33a1708509a35674bb3f467aed33c570fc34908#clause_0003,,,,mechanism_62a9be96bfbef996e7de,,,pm_32aac40760b6642b2578,,ratio_target,30,%,30.0,percent,,,,,,0.968324,True,True,,step7b_iterB_rulefix,strict_all
ParameterMention:pm_32baab7d65da5d6cbf1b,ParameterMention,,9b9dc731d84971b347984a61cebe82dfa99c5011c92f8e92ff5e8eae8821ced0,9b9dc731d84971b347984a61cebe82dfa99c5011c92f8e92ff5e8eae8821ced0#clause_0002,,,,mechanism_85d23bbcd8f3592ef19a,,,pm_32baab7d65da5d6cbf1b,,price_delta_pct,65,%,65.0,percent,,,,,,0.79576,True,True,,step7b_iterB_rulefix,strict_all
ParameterMention:pm_32d8248f9d122435e865,ParameterMention,,21a5c67e61e80e1324726c39e931d5faa3ef2db450f2e5421f7a10df4fe56b97,21a5c67e61e80e1324726c39e931d5faa3ef2db450f2e5421f7a10df4fe56b97#clause_0001,,,,mechanism_efb85770b167dcadf8f5,,,pm_32d8248f9d122435e865,,time_window,10:00-12:00,时段,10:00-12:00,time_window,,,,,,0.999574,True,True,,step7b_iterB_rulefix,strict_all
ParameterMention:pm_3305da82027e064d0a0f,ParameterMention,,917e89c9d28f08e37543fdcddbf99ba7c272516ee6b3ca3536d685ecfe8c86f0,917e89c9d28f08e37543fdcddbf99ba7c272516ee6b3ca3536d685ecfe8c86f0#clause_0001,,,,mechanism_cea9ad65c1e3037a40b7,,,pm_3305da82027e064d0a0f,,ratio_target,40,%,40.0,percent,,,,,,0.998668,True,True,,step7b_iterB_rulefix,strict_all
ParameterMention:pm_33082d9b951858cc3f15,ParameterMention,,856652d4d7364977a05a7a183b892b5d146cb65bbc1a45dd030bcf53c76f25b3,856652d4d7364977a05a7a183b892b5d146cb65bbc1a45dd030bcf53c76f25b3#clause_0004,,,,mechanism_228c52eca0369749d680,,,pm_33082d9b951858cc3f15,,consumption_threshold_kwh,2160,千瓦时,2160.0,kwh,,,,,,0.9995,True,True,,step7b_iterB_rulefix,strict_all
ParameterMention:pm_336e5eb3447a79fba753,ParameterMention,,fb55d418bed4eb4484f674119c95bd74b5f22fce8ab5798d7398c93a0244de1c,fb55d418bed4eb4484f674119c95bd74b5f22fce8ab5798d7398c93a0244de1c#clause_0002,,,,mechanism_4c1c49f88c305a7af57b,,,pm_336e5eb3447a79fba753,,ratio_target,10,%,10.0,percent,,,,,,0.999994,True,True,,step7b_iterB_rulefix,strict_all
ParameterMention:pm_3371631586c0df545e5b,ParameterMention,,ad8d0971d97051367bf7e78a6885dd89b83772d35f94aaff8c56c77398caa167,ad8d0971d97051367bf7e78a6885dd89b83772d35f94aaff8c56c77398caa167#clause_0005,,,,mechanism_c2e0fad79ba020bd9a80,,,pm_3371631586c0df545e5b,,funding_share_ratio,1:1:1,元,1:1:1,none,,,,,,0.999977,True,True,,step7b_iterB_rulefix,strict_all
ParameterMention:pm_33916a76385b4f4c23f9,ParameterMention,,6ca5d9d44b93a3440cc8f24b4feda441563e6841021017b2c5db628a6976c9f5,6ca5d9d44b93a3440cc8f24b4feda441563e6841021017b2c5db628a6976c9f5#clause_0014,,,,mechanism_fa4c13112fc4eddfbca2,,,pm_33916a76385b4f4c23f9,,ratio_target,80,%,80.0,percent,,,,,,0.993307,True,True,,step7b_iterB_rulefix,strict_all
ParameterMention:pm_33a1b46fb8cbf96a8365,ParameterMention,,19b81e147d4c1292e577c2e1ab84419e792b779d8e0a823ba5d99750039e25cd,19b81e147d4c1292e577c2e1ab84419e792b779d8e0a823ba5d99750039e25cd#clause_0002,,,,mechanism_b30b9984003675e38c71,,,pm_33a1b46fb8cbf96a8365,,subsidy_amount,1200,元,1200.0,yuan,,,,,,0.999574,True,True,,step7b_iterB_rulefix,strict_all
ParameterMention:pm_3431f04470ab14b4e5ba,ParameterMention,,67bb80e9af349ffd1cfa1abcf8a9a811c986f1fc171c93e1f60ce3232981e99c,67bb80e9af349ffd1cfa1abcf8a9a811c986f1fc171c93e1f60ce3232981e99c#clause_0004,,,,mechanism_dd9e169109fd66cb3306,,,pm_3431f04470ab14b4e5ba,,subsidy_amount,600,元,600.0,yuan,,,,,,0.997892,True,True,,step7b_iterB_rulefix,strict_all
ParameterMention:pm_3437ac769f4ae2461c6f,ParameterMention,,8293b970f4e2ac1c39653b3e5937d089fbcd1b69315da4d962c2e805f3a1ca2e,8293b970f4e2ac1c39653b3e5937d089fbcd1b69315da4d962c2e805f3a1ca2e#clause_0003,,,,mechanism_681f3ecc7afad152fb68,,,pm_3437ac769f4ae2461c6f,,price_value,0.30,元/千瓦时,0.3,yuan_per_kwh,,,,,,0.654753,True,True,,step7b_iterB_rulefix,strict_all
ParameterMention:pm_344765482009d4f80e25,ParameterMention,,fb55d418bed4eb4484f674119c95bd74b5f22fce8ab5798d7398c93a0244de1c,fb55d418bed4eb4484f674119c95bd74b5f22fce8ab5798d7398c93a0244de1c#clause_0002,,,,mechanism_4c1c49f88c305a7af57b,,,pm_344765482009d4f80e25,,ratio_target,80,%,80.0,percent,,,,,,0.999994,True,True,,step7b_iterB_rulefix,strict_all
ParameterMention:pm_347b1e05c5366608e284,ParameterMention,,92e84b72ef2f5a11bbc950bceb47099d119cfe6635c2b8757f6582b673168bf0,92e84b72ef2f5a11bbc950bceb47099d119cfe6635c2b8757f6582b673168bf0#clause_0002,,,,mechanism_ebca7f76d3141f9acbd8,,,pm_347b1e05c5366608e284,,price_delta_pct,54,%,54.0,percent,,,,,,0.73885,True,True,,step7b_iterB_rulefix,strict_all
ParameterMention:pm_3507da50a9fc3e7e3ab0,ParameterMention,,cc7addf8ff4efe3409afac8915cc6b8df3283617d08af2da6658e58933736301,cc7addf8ff4efe3409afac8915cc6b8df3283617d08af2da6658e58933736301#clause_0007,,,,mechanism_1886d99a7027b5190b3b,,,pm_3507da50a9fc3e7e3ab0,,price_delta_pct,20,%,20.0,percent,,,,,,0.950734,True,True,,step7b_iterB_rulefix,strict_all
ParameterMention:pm_351a3d60c8ad696d2bd4,ParameterMention,,0ef7089f429ca4377a5b92c9f7a419ffcb4a3102d8d0ac5666c9f1bfef4ba625,0ef7089f429ca4377a5b92c9f7a419ffcb4a3102d8d0ac5666c9f1bfef4ba625#clause_0001,,,,mechanism_4fb733b5c64b1ca341d7,,,pm_351a3d60c8ad696d2bd4,,price_delta_pct,10,%,10.0,percent,,,,,,0.654753,True,True,,step7b_iterB_rulefix,strict_all
ParameterMention:pm_355927aab533bb4853cc,ParameterMention,,de663a93ae7bdc24d54bbc18256efeab5ba380f03f236f51c5eb3890d640d222,de663a93ae7bdc24d54bbc18256efeab5ba380f03f236f51c5eb3890d640d222#clause_0002,,,,mechanism_446d5617f98fb224d8fb,,,pm_355927aab533bb4853cc,,ratio_target,13.5,%,13.5,percent,,,,,,0.91834,True,True,,step7b_iterB_rulefix,strict_all
ParameterMention:pm_357fa3498c619831b1e1,ParameterMention,,3aadd2a404bd555714a18eb3488f76d8c7aecef9b833da8698eff658fb12e0e3,3aadd2a404bd555714a18eb3488f76d8c7aecef9b833da8698eff658fb12e0e3#clause_0001,,,,mechanism_b26d937b1474d1605d80,,,pm_357fa3498c619831b1e1,,subsidy_amount,3,万元,3.0,ten_thousand_yuan,,,,,,0.981293,True,True,,step7b_iterB_rulefix,strict_all
ParameterMention:pm_35a904b8637a60528044,ParameterMention,,c87c6c303d4ebe0bce627bed2792bac1dd9e89ad192d23b7144aa9570705b240,c87c6c303d4ebe0bce627bed2792bac1dd9e89ad192d23b7144aa9570705b240#clause_0001,,,,mechanism_434497cfb5191d390270,,,pm_35a904b8637a60528044,,subsidy_amount,600,元,600.0,yuan,,,,,,0.999574,True,True,,step7b_iterB_rulefix,strict_all
ParameterMention:pm_35ee623d0d12ba186eb4,ParameterMention,,8ef9c7da6345158c1bdde2870ce06ba13dba085fbeb6e9018927491cf218225c,8ef9c7da6345158c1bdde2870ce06ba13dba085fbeb6e9018927491cf218225c#clause_0002,,,,mechanism_cb0597e33b521c7e30c7,,,pm_35ee623d0d12ba186eb4,,time_window,15:00-17:00,时段,15:00-17:00,time_window,,,,,,0.997892,True,True,,step7b_iterB_rulefix,strict_all
ParameterMention:pm_35f880c3ee4c17bcb8d4,ParameterMention,,55486d5eaf1202de357651355eea469df92d887e1b388dd7c1a3fcd9b75286cb,55486d5eaf1202de357651355eea469df92d887e1b388dd7c1a3fcd9b75286cb#clause_0004,,,,mechanism_b48d9c107713178084dd,,,pm_35f880c3ee4c17bcb8d4,,ratio_target,15,%,15.0,percent,,,,,,0.554779,True,False,,step7b_iterB_rulefix,strict_all
ParameterMention:pm_360c037f7ed0c360d88c,ParameterMention,,632c503920a67e010e21ba8cc1bfddfd101d9f4a5981b038ab8e365c65c57b08,632c503920a67e010e21ba8cc1bfddfd101d9f4a5981b038ab8e365c65c57b08#clause_0003,,,,mechanism_c3b92f0ffb0c9ed9f355,,,pm_360c037f7ed0c360d88c,,price_value,0.64,元/千瓦时,0.64,yuan_per_kwh,,,,,,0.654753,True,True,,step7b_iterB_rulefix,strict_all
ParameterMention:pm_36a9433c17f8b2e2015f,ParameterMention,,693f3a55fe86330e400962dd0b43476d41023ad39e89f0254b4f9e2651efaca2,693f3a55fe86330e400962dd0b43476d41023ad39e89f0254b4f9e2651efaca2#clause_0002,,,,mechanism_86b6ea5269fcc2487f1b,,,pm_36a9433c17f8b2e2015f,,consumption_threshold_kwh,181,度,181.0,kwh,,,,,,0.948826,True,True,,step7b_iterB_rulefix,strict_all
ParameterMention:pm_36b3246eb87f08a2a480,ParameterMention,,21a5c67e61e80e1324726c39e931d5faa3ef2db450f2e5421f7a10df4fe56b97,21a5c67e61e80e1324726c39e931d5faa3ef2db450f2e5421f7a10df4fe56b97#clause_0001,,,,mechanism_efb85770b167dcadf8f5,,,pm_36b3246eb87f08a2a480,,time_window,16:00-22:00,时段,16:00-22:00,time_window,,,,,,0.999574,True,True,,step7b_iterB_rulefix,strict_all
ParameterMention:pm_36ca72268cd4ac0423d9,ParameterMention,,67bb80e9af349ffd1cfa1abcf8a9a811c986f1fc171c93e1f60ce3232981e99c,67bb80e9af349ffd1cfa1abcf8a9a811c986f1fc171c93e1f60ce3232981e99c#clause_0001,,,,mechanism_13eb366e8ba9e92c04ea,,,pm_36ca72268cd4ac0423d9,,subsidy_amount,1040,元,1040.0,yuan,,,,,,0.997892,True,True,,step7b_iterB_rulefix,strict_all
ParameterMention:pm_36e6f52042fa93a84f9d,ParameterMention,,6970500b879273b0b83bb7a489716ace3a254448e313c9392b1c8d699aa8443a,6970500b879273b0b83bb7a489716ace3a254448e313c9392b1c8d699aa8443a#clause_0007,,,,mechanism_88ac77e27f52feda85d7,,,pm_36e6f52042fa93a84f9d,,price_value,0.1,元/度,0.1,yuan_per_kwh,,,,,,0.73885,True,True,,step7b_iterB_rulefix,strict_all
ParameterMention:pm_371cd6f6f8dd27b289ab,ParameterMention,,eb659fbcd99dcc85f2745f39faae903578c8a5403a504ed63c81c4ca3987afc3,eb659fbcd99dcc85f2745f39faae903578c8a5403a504ed63c81c4ca3987afc3#clause_0008,,,,mechanism_dc76d24868352d4e7fe2,,,pm_371cd6f6f8dd27b289ab,,ratio_target,70,%,70.0,percent,,,,,,0.554779,True,False,,step7b_iterB_rulefix,strict_all
ParameterMention:pm_3748301617851d4fa447,ParameterMention,,7a29f52e1059b42ef81433d215f1c22c31c3949674d53979a4d2d151a5bb6cee,7a29f52e1059b42ef81433d215f1c22c31c3949674d53979a4d2d151a5bb6cee#clause_0002,,,,mechanism_cf1d3c41b1a4a65c440f,,,pm_3748301617851d4fa447,,price_delta_pct,59,%,59.0,percent,,,,,,0.636453,True,True,,step7b_iterB_rulefix,strict_all
ParameterMention:pm_3777d85b1b01b3a465ed,ParameterMention,,f6f8d5f9847c1fe31624cb64353d12b61bebca40113c37e445b63a2d226db18d,f6f8d5f9847c1fe31624cb64353d12b61bebca40113c37e445b63a2d226db18d#clause_0004,,,,mechanism_3f804a359e629da6180f,,,pm_3777d85b1b01b3a465ed,,subsidy_amount,1200,元,1200.0,yuan,,,,,,0.999999,True,True,,step7b_iterB_rulefix,strict_all
ParameterMention:pm_37c31267c5cfcdc03998,ParameterMention,,3c1392fd897f1d095efaa1ae2a1eaa5c0c3df313cd5a9a185aacffe05575b886,3c1392fd897f1d095efaa1ae2a1eaa5c0c3df313cd5a9a185aacffe05575b886#clause_0009,,,,mechanism_ec82851d9e393092e638,,,pm_37c31267c5cfcdc03998,,subsidy_amount,2000,元,2000.0,yuan,,,,,,0.999996,True,True,,step7b_iterB_rulefix,strict_all
ParameterMention:pm_37ca793cd96a4a8e6cc9,ParameterMention,,da7b3160147d215da16cee83e83aa784e946b48928803c205dd5df56a2ec3cb9,da7b3160147d215da16cee83e83aa784e946b48928803c205dd5df56a2ec3cb9#clause_0001,,,,mechanism_2270a5debb8ecb05f8cf,,,pm_37ca793cd96a4a8e6cc9,,consumption_threshold_kwh,100,千瓦时,100.0,kwh,,,,,,0.978119,True,True,,step7b_iterB_rulefix,strict_all
ParameterMention:pm_37ee52633fe121c9db3c,ParameterMention,,d31910273230458d2a8e0c7c623aa0f1c45d59d48f0dc7cad99ecb0902267b5d,d31910273230458d2a8e0c7c623aa0f1c45d59d48f0dc7cad99ecb0902267b5d#clause_0002,,,,mechanism_b87fdd35d17a5da5a8c6,,,pm_37ee52633fe121c9db3c,,subsidy_amount,4600,元,4600.0,yuan,,,,,,0.999574,True,True,,step7b_iterB_rulefix,strict_all
ParameterMention:pm_3834810510c76bd5dd11,ParameterMention,,dc812e8b13d03ff73b79b4b814a56ec987458e2b4ac3147020283904460efdc9,dc812e8b13d03ff73b79b4b814a56ec987458e2b4ac3147020283904460efdc9#clause_0001,,,,mechanism_09b7d28037f2cd80c617,,,pm_3834810510c76bd5dd11,,duration_threshold_hour,8,小时,8.0,hour,,,,,,0.973403,True,True,,step7b_iterB_rulefix,strict_all
ParameterMention:pm_386d9dec1768b92d78e8,ParameterMention,,41eed2fc03a95dc30af898124e00962d37f00dd998abb5da87c6e10e209db169,41eed2fc03a95dc30af898124e00962d37f00dd998abb5da87c6e10e209db169#clause_0010,,,,mechanism_1e4ceab3488f9668d023,,,pm_386d9dec1768b92d78e8,,subsidy_amount,1500,元,1500.0,yuan,,,,,,0.950734,True,True,,step7b_iterB_rulefix,strict_all
ParameterMention:pm_38825e208d858f998852,ParameterMention,,2f9184a72b1488e94b2de32d7d9489e5d523b09268cd7142f059723054a93828,2f9184a72b1488e94b2de32d7d9489e5d523b09268cd7142f059723054a93828#clause_0003,,,,mechanism_cbedd9473edad25230f5,,,pm_38825e208d858f998852,,ratio_target,1.65:1:0.5,峰平谷比价,1.65:1:0.5,none,,,,,,0.5,True,False,,step7b_iterB_rulefix,strict_all
ParameterMention:pm_38d764bf7061b71a2dd8,ParameterMention,,6ca5d9d44b93a3440cc8f24b4feda441563e6841021017b2c5db628a6976c9f5,6ca5d9d44b93a3440cc8f24b4feda441563e6841021017b2c5db628a6976c9f5#clause_0023,,,,mechanism_1d493165f28b24dc9083,,,pm_38d764bf7061b71a2dd8,,ratio_target,20,%,20.0,percent,,,,,,0.798991,True,True,,step7b_iterB_rulefix,strict_all
ParameterMention:pm_399fdb3284e5b781eb46,ParameterMention,,67bb80e9af349ffd1cfa1abcf8a9a811c986f1fc171c93e1f60ce3232981e99c,67bb80e9af349ffd1cfa1abcf8a9a811c986f1fc171c93e1f60ce3232981e99c#clause_0001,,,,mechanism_13eb366e8ba9e92c04ea,,,pm_399fdb3284e5b781eb46,,subsidy_amount,0.1,元,0.1,yuan,,,,,,0.997892,True,True,,step7b_iterB_rulefix,strict_all
ParameterMention:pm_39f50d7a2423ceb40c19,ParameterMention,,9634a7cefdb8a7018741e8ef683bb7b815f1dbc1d60d42350574f3dd240e55b7,9634a7cefdb8a7018741e8ef683bb7b815f1dbc1d60d42350574f3dd240e55b7#clause_0001,,,,mechanism_6914ed0746812cba0741,,,pm_39f50d7a2423ceb40c19,,ratio_target,70,%,70.0,percent,,,,,,0.554779,True,False,,step7b_iterB_rulefix,strict_all
ParameterMention:pm_3a19611052256843de18,ParameterMention,,2ece22a4f07f639ee9f6b14d9a999b5ec8ce9a982e248ec2c4350d49c32a2ec3,2ece22a4f07f639ee9f6b14d9a999b5ec8ce9a982e248ec2c4350d49c32a2ec3#clause_0004,,,,mechanism_6b66e00496f512b69c04,,,pm_3a19611052256843de18,,consumption_threshold_kwh,15,千瓦时,15.0,kwh,,,,,,0.832018,True,True,,step7b_iterB_rulefix,strict_all
ParameterMention:pm_3a36236b36395cc3d2b6,ParameterMention,,caba957d68aa6af5d167e94c352c8d9f5f96b825d40f347b6718b9d13c8253b4,caba957d68aa6af5d167e94c352c8d9f5f96b825d40f347b6718b9d13c8253b4#clause_0001,,,,mechanism_bf2982ebcbf880c48627,,,pm_3a36236b36395cc3d2b6,,target_household_count,13838,户,13838.0,household,,,,,,0.731059,True,True,,step7b_iterB_rulefix,strict_all
ParameterMention:pm_3a49186236c8dc5c07b1,ParameterMention,,d0cdb19b560ca93006d779834949849795e0396fb7413f30bdd55605d6469d7c,d0cdb19b560ca93006d779834949849795e0396fb7413f30bdd55605d6469d7c#clause_0000,,,,mechanism_62f3a7f7a29668e4c28d,,,pm_3a49186236c8dc5c07b1,,price_delta_pct,70,%,70.0,percent,,,,,,0.985797,True,True,,step7b_iterB_rulefix,strict_all
ParameterMention:pm_3a77616e072ba71f58d5,ParameterMention,,f8c4fb0263c1210088bbd510f8af1d01facfaac347c1633daea0ff54339aae1d,f8c4fb0263c1210088bbd510f8af1d01facfaac347c1633daea0ff54339aae1d#clause_0001,,,,mechanism_e1e065b48e96234df2b9,,,pm_3a77616e072ba71f58d5,,consumption_threshold_kwh,6000,千瓦时,6000.0,kwh,,,,,,0.978119,True,True,,step7b_iterB_rulefix,strict_all
ParameterMention:pm_3a95f66839232131766a,ParameterMention,,bd9a5debe3e285290408196ff9a61cc7d1acd325eab100746bcd7562b196b7dd,bd9a5debe3e285290408196ff9a61cc7d1acd325eab100746bcd7562b196b7dd#clause_0001,,,,mechanism_ed4c90d5af9b1734f9d2,,,pm_3a95f66839232131766a,,subsidy_amount,600,元,600.0,yuan,,,,,,0.999574,True,True,,step7b_iterB_rulefix,strict_all
ParameterMention:pm_3a9d38c4aa7fe0c08a4b,ParameterMention,,13677b49d0d053be96bfcd32cd36eeba7c68f125c6f32cc220322ba98c178bf4,13677b49d0d053be96bfcd32cd36eeba7c68f125c6f32cc220322ba98c178bf4#clause_0006,,,,mechanism_d25db26dbaf495e43d1a,,,pm_3a9d38c4aa7fe0c08a4b,,ratio_target,25,%,25.0,percent,,,,,,0.59,True,False,,step7b_iterB_rulefix,strict_all
ParameterMention:pm_3aa4b1f84ec6cb6558a7,ParameterMention,,693f3a55fe86330e400962dd0b43476d41023ad39e89f0254b4f9e2651efaca2,693f3a55fe86330e400962dd0b43476d41023ad39e89f0254b4f9e2651efaca2#clause_0003,,,,mechanism_117e0a55f3972668a06d,,,pm_3aa4b1f84ec6cb6558a7,,consumption_threshold_kwh,280,度,280.0,kwh,,,,,,0.948826,True,True,,step7b_iterB_rulefix,strict_all
ParameterMention:pm_3ab471a62e78490e326d,ParameterMention,,59fb420eead4837faf2f90b58927c9c874cd61e9cfbcb91d127cfeeb50f5be76,59fb420eead4837faf2f90b58927c9c874cd61e9cfbcb91d127cfeeb50f5be76#clause_0004,,,,mechanism_a41923b8bc6f3cdb762f,,,pm_3ab471a62e78490e326d,,ratio_target,25,%,25.0,percent,,,,,,0.554779,True,False,,step7b_iterB_rulefix,strict_all
ParameterMention:pm_3b73fb9ad5546aa71909,ParameterMention,,ca0ecafa5d9b0881a307250ed1dfb3f239da064ec327235d5f6bf4b0afde27d8,ca0ecafa5d9b0881a307250ed1dfb3f239da064ec327235d5f6bf4b0afde27d8#clause_0001,,,,mechanism_c75d27f3a6422d368132,,,pm_3b73fb9ad5546aa71909,,ratio_target,100,％,100.0,percent,,,,,,0.999999,True,True,,step7b_iterB_rulefix,strict_all
ParameterMention:pm_3b80892cf6004195647c,ParameterMention,,1be33bff3ea2876b31bbd3f23c81aa44573ad1f2de6cfb2cd7d649a3ebd1028d,1be33bff3ea2876b31bbd3f23c81aa44573ad1f2de6cfb2cd7d649a3ebd1028d#clause_0008,,,,mechanism_a8539c71df50ebb557f8,,,pm_3b80892cf6004195647c,,ratio_target,100,%,100.0,percent,,,,,,0.554779,True,False,,step7b_iterB_rulefix,strict_all
ParameterMention:pm_3bc1045d2ee74f23774b,ParameterMention,,5d785886820a3ef835d86f0d4c5e3aedb76c51572c87d6f5228dd8e042fa93a4,5d785886820a3ef835d86f0d4c5e3aedb76c51572c87d6f5228dd8e042fa93a4#clause_0000,,,,mechanism_237b2e1ba4d31f499f33,,,pm_3bc1045d2ee74f23774b,,price_delta_pct,1.5,%,1.5,percent,,,,,,0.608259,True,True,,step7b_iterB_rulefix,strict_all
ParameterMention:pm_3c1c9f25e97fb66b05a3,ParameterMention,,ad8d0971d97051367bf7e78a6885dd89b83772d35f94aaff8c56c77398caa167,ad8d0971d97051367bf7e78a6885dd89b83772d35f94aaff8c56c77398caa167#clause_0014,,,,mechanism_31768e6f953816787115,,,pm_3c1c9f25e97fb66b05a3,,area_subsidy_amount,150,元,150.0,yuan_per_sqm,,,,,,0.85321,True,True,,step7b_iterB_rulefix,strict_all
ParameterMention:pm_3c302bd527b0d6f56199,ParameterMention,,7e1dff3ee78977bc7e5f87b686fc7b8ccf4f78bd15144d2fd3f7c60c48ec3209,7e1dff3ee78977bc7e5f87b686fc7b8ccf4f78bd15144d2fd3f7c60c48ec3209#clause_0005,,,,mechanism_795dc9d8c70080171c4c,,,pm_3c302bd527b0d6f56199,,price_delta_pct,30,%,30.0,percent,,,,,,0.723122,True,True,,step7b_iterB_rulefix,strict_all
ParameterMention:pm_3c448e67348a9bf27d00,ParameterMention,,b7970415004e18258dafe12d1a8aab2812448cb5c877684915b31d587b891911,b7970415004e18258dafe12d1a8aab2812448cb5c877684915b31d587b891911#clause_0001,,,,mechanism_76a98ee3749489e822cc,,,pm_3c448e67348a9bf27d00,,price_value,0.3771,元,0.3771,yuan,,,,,,0.903784,True,True,,step7b_iterB_rulefix,strict_all
ParameterMention:pm_3c60eb0f314a93057300,ParameterMention,,6cb18e49eef7e01ce34c704b30e6ccb4c6e2697977a292460da68fe51b13ae6d,6cb18e49eef7e01ce34c704b30e6ccb4c6e2697977a292460da68fe51b13ae6d#clause_0001,,,,mechanism_cc43f1acb5557dbd7806,,,pm_3c60eb0f314a93057300,,subsidy_amount,1,元,1.0,yuan,,,,,,0.999574,True,True,,step7b_iterB_rulefix,strict_all
ParameterMention:pm_3c870d79a6e09bbeabe8,ParameterMention,,4dac8070bab7fdf62958e23b15689a48aa5f7c73b4b06deab4d30f0ce35cda18,4dac8070bab7fdf62958e23b15689a48aa5f7c73b4b06deab4d30f0ce35cda18#clause_0002,,,,mechanism_f99c17d81f3bbdd3a657,,,pm_3c870d79a6e09bbeabe8,,time_window,10:00-16:00,时段,10:00-16:00,time_window,,,,,,0.996859,True,True,,step7b_iterB_rulefix,strict_all
ParameterMention:pm_3c90516bcb75125af88c,ParameterMention,,6970500b879273b0b83bb7a489716ace3a254448e313c9392b1c8d699aa8443a,6970500b879273b0b83bb7a489716ace3a254448e313c9392b1c8d699aa8443a#clause_0014,,,,mechanism_2497eaa6fc0e2759dcb9,,,pm_3c90516bcb75125af88c,,subsidy_amount,8000,元,8000.0,yuan,,,,,,0.999766,True,True,,step7b_iterB_rulefix,strict_all
ParameterMention:pm_3ca15f01e357867b786e,ParameterMention,,032a207733e9fa9167b432840d0ec24e7bd7e2e3d7a43e6faf5b0fc1f64b763e,032a207733e9fa9167b432840d0ec24e7bd7e2e3d7a43e6faf5b0fc1f64b763e#clause_0002,,,,mechanism_65f10a45c0833cc56bbe,,,pm_3ca15f01e357867b786e,,price_delta_pct,20,%,20.0,percent,,,,,,0.950734,True,True,,step7b_iterB_rulefix,strict_all
ParameterMention:pm_3cc265ca4dc993e6f2e2,ParameterMention,,3c1392fd897f1d095efaa1ae2a1eaa5c0c3df313cd5a9a185aacffe05575b886,3c1392fd897f1d095efaa1ae2a1eaa5c0c3df313cd5a9a185aacffe05575b886#clause_0019,,,,mechanism_1f990b6b177c30850a23,,,pm_3cc265ca4dc993e6f2e2,,subsidy_amount,500,万元,16.2,ten_thousand_yuan,,,,,,1.0,True,False,,step7b_iterB_rulefix,strict_all
ParameterMention:pm_3d8f552c1cae4f3d1635,ParameterMention,,c6c4d1cca7577b75493e8eccc57343e9ea85d61bd6551b6ac6674cdb45eba353,c6c4d1cca7577b75493e8eccc57343e9ea85d61bd6551b6ac6674cdb45eba353#clause_0001,,,,mechanism_833385e737faa3ca663b,,,pm_3d8f552c1cae4f3d1635,,subsidy_amount,4,万元,4.0,ten_thousand_yuan,,,,,,0.999996,True,True,,step7b_iterB_rulefix,strict_all
ParameterMention:pm_3dbe4a76b7bc91acac6b,ParameterMention,,a63aaa1b99aae78cd58b5beb8c271e538c4b10b43ff4aff7312d6e081dd79eed,a63aaa1b99aae78cd58b5beb8c271e538c4b10b43ff4aff7312d6e081dd79eed#clause_0006,,,,mechanism_2a6ad433a02a08db6ba1,,,pm_3dbe4a76b7bc91acac6b,,price_value,0.1,元/度,0.1,yuan_per_kwh,,,,,,0.73885,True,True,,step7b_iterB_rulefix,strict_all
ParameterMention:pm_3e1608fc0bb346a93ce7,ParameterMention,,a63aaa1b99aae78cd58b5beb8c271e538c4b10b43ff4aff7312d6e081dd79eed,a63aaa1b99aae78cd58b5beb8c271e538c4b10b43ff4aff7312d6e081dd79eed#clause_0013,,,,mechanism_d0685125fda122700d47,,,pm_3e1608fc0bb346a93ce7,,ratio_target,80,%,80.0,percent,,,,,,0.960834,True,True,,step7b_iterB_rulefix,strict_all
ParameterMention:pm_3e3341189eaa02993c84,ParameterMention,,e96954454202c06919fb26233a2f5743477ff62fe26d6f194b805da4176b5fcb,e96954454202c06919fb26233a2f5743477ff62fe26d6f194b805da4176b5fcb#clause_0002,,,,mechanism_f46c6930895241272fdc,,,pm_3e3341189eaa02993c84,,price_value,0.525,元,0.525,yuan,,,,,,0.539915,True,False,,step7b_iterB_rulefix,strict_all
ParameterMention:pm_3e59e38a296d2c2284a0,ParameterMention,,1be33bff3ea2876b31bbd3f23c81aa44573ad1f2de6cfb2cd7d649a3ebd1028d,1be33bff3ea2876b31bbd3f23c81aa44573ad1f2de6cfb2cd7d649a3ebd1028d#clause_0008,,,,mechanism_a8539c71df50ebb557f8,,,pm_3e59e38a296d2c2284a0,,ratio_target,10,%,10.0,percent,,,,,,0.554779,True,False,,step7b_iterB_rulefix,strict_all
ParameterMention:pm_3f754391e229349ae092,ParameterMention,,d171f5c9ffcc84e6c44576635c6bf0c74d7a441eb935c00257be34cfe5ace627,d171f5c9ffcc84e6c44576635c6bf0c74d7a441eb935c00257be34cfe5ace627#clause_0001,,,,mechanism_641977c37a99112b5fc5,,,pm_3f754391e229349ae092,,price_value,0.50,元,0.5,yuan,,,,,,0.903784,True,True,,step7b_iterB_rulefix,strict_all
ParameterMention:pm_3fc29c0aecb9b5f37457,ParameterMention,,231f1eeb573e2b351f92117ef696b8d2077cec456aacd516232f031d673da137,231f1eeb573e2b351f92117ef696b8d2077cec456aacd516232f031d673da137#clause_0002,,,,mechanism_ecdf1c7e58170b651f6e,,,pm_3fc29c0aecb9b5f37457,,consumption_threshold_kwh,100,度,100.0,kwh,,,,,,0.987872,True,True,,step7b_iterB_rulefix,strict_all
ParameterMention:pm_3fe5ce4be09fb796e585,ParameterMention,,4978300e5965b0d812a67eb9a07c584011b661c940c300faf4990fb8586e3a13,4978300e5965b0d812a67eb9a07c584011b661c940c300faf4990fb8586e3a13#clause_0001,,,,mechanism_f5430b6a5f1124426437,,,pm_3fe5ce4be09fb796e585,,ratio_target,18,%,18.0,percent,,,,,,0.860566,True,True,,step7b_iterB_rulefix,strict_all
ParameterMention:pm_401a46488a96ccdd92c3,ParameterMention,,d093bca3315576388f93648eb80178c1d6231b42de0de86db5ead37b5950bf2c,d093bca3315576388f93648eb80178c1d6231b42de0de86db5ead37b5950bf2c#clause_0006,,,,mechanism_1c176ac8dd80412dce21,,,pm_401a46488a96ccdd92c3,,ratio_target,75,%,75.0,percent,,,,,,0.554779,True,False,,step7b_iterB_rulefix,strict_all
ParameterMention:pm_403dbcdd9aa284f10e18,ParameterMention,,917e89c9d28f08e37543fdcddbf99ba7c272516ee6b3ca3536d685ecfe8c86f0,917e89c9d28f08e37543fdcddbf99ba7c272516ee6b3ca3536d685ecfe8c86f0#clause_0003,,,,mechanism_f78616b1e3ed2c9012bc,,,pm_403dbcdd9aa284f10e18,,ratio_target,10,%,10.0,percent,,,,,,0.968324,True,True,,step7b_iterB_rulefix,strict_all
ParameterMention:pm_406d8a47969537859dcb,ParameterMention,,f7c1229055e5b5f8c595b6f108b78348c5aca9652ef3bf154140ac486cf0f78e,f7c1229055e5b5f8c595b6f108b78348c5aca9652ef3bf154140ac486cf0f78e#clause_0001,,,,mechanism_5aaefc5d76d43e14bef4,,,pm_406d8a47969537859dcb,,price_delta_pct,27,%,27.0,percent,,,,,,0.608259,True,True,,step7b_iterB_rulefix,strict_all
ParameterMention:pm_40711149509eb137a4ec,ParameterMention,,6cb18e49eef7e01ce34c704b30e6ccb4c6e2697977a292460da68fe51b13ae6d,6cb18e49eef7e01ce34c704b30e6ccb4c6e2697977a292460da68fe51b13ae6d#clause_0001,,,,mechanism_cc43f1acb5557dbd7806,,,pm_40711149509eb137a4ec,,subsidy_amount,0.1,元,0.1,yuan,,,,,,0.999574,True,True,,step7b_iterB_rulefix,strict_all
ParameterMention:pm_40ea3f94bd1c11acec02,ParameterMention,,d6295fc6d120b2f270803869f63327efa8f7e3ea98515eb80da25abd977ff9f6,d6295fc6d120b2f270803869f63327efa8f7e3ea98515eb80da25abd977ff9f6#clause_0003,,,,mechanism_62b67b90e1b0e7ea71e2,,,pm_40ea3f94bd1c11acec02,,ratio_target,70,%,70.0,percent,,,,,,0.554779,True,False,,step7b_iterB_rulefix,strict_all
ParameterMention:pm_4111db4011c33af36d76,ParameterMention,,ebba22b0a7b7a9a06ccf6dfbe862a330eb615359451c4ccb8bff79fd2d9bd1ad,ebba22b0a7b7a9a06ccf6dfbe862a330eb615359451c4ccb8bff79fd2d9bd1ad#clause_0001,,,,mechanism_b23f35eaa14e567dc227,,,pm_4111db4011c33af36d76,,ratio_target,80,%,80.0,percent,,,,,,0.860566,True,True,,step7b_iterB_rulefix,strict_all
ParameterMention:pm_413ddb40fc1ed62a8fb9,ParameterMention,,3c1392fd897f1d095efaa1ae2a1eaa5c0c3df313cd5a9a185aacffe05575b886,3c1392fd897f1d095efaa1ae2a1eaa5c0c3df313cd5a9a185aacffe05575b886#clause_0013,,,,mechanism_0d496b46b840a6973ba3,,,pm_413ddb40fc1ed62a8fb9,,ratio_target,80,%,80.0,percent,,,,,,0.603483,True,True,,step7b_iterB_rulefix,strict_all
ParameterMention:pm_4147250ffd0c03539fb1,ParameterMention,,39711c0fe43f492cc1c2573d43eda307046cf6f6e978daa10f5d3853c58077b5,39711c0fe43f492cc1c2573d43eda307046cf6f6e978daa10f5d3853c58077b5#clause_0000,,,,mechanism_7fe4ea28e80c5d42edab,,,pm_4147250ffd0c03539fb1,,target_household_count,13838,户,13838.0,household,,,,,,0.930862,True,True,,step7b_iterB_rulefix,strict_all
ParameterMention:pm_41764930e4a5010e29ee,ParameterMention,,3fd79998d4631ca6e3407dfaacd9b7e9186fa2e143618d0740ab46f0a9063745,3fd79998d4631ca6e3407dfaacd9b7e9186fa2e143618d0740ab46f0a9063745#clause_0000,,,,mechanism_4a65bd7fdd1503c2d012,,,pm_41764930e4a5010e29ee,,price_delta_pct,27,%,27.0,percent,,,,,,0.529964,True,False,,step7b_iterB_rulefix,strict_all
ParameterMention:pm_417819ca0347629ac468,ParameterMention,,bafa420f1d8370c5c99454d226f26a0e88bc2bbe6c9dd1cfdde722b231931173,bafa420f1d8370c5c99454d226f26a0e88bc2bbe6c9dd1cfdde722b231931173#clause_0000,,,,mechanism_88c87b904ddd4ab9cbdd,,,pm_417819ca0347629ac468,,ratio_target,30,%,30.0,percent,,,,,,0.999983,True,True,,step7b_iterB_rulefix,strict_all
ParameterMention:pm_425e4d0aaef22be0e486,ParameterMention,,9b9dc731d84971b347984a61cebe82dfa99c5011c92f8e92ff5e8eae8821ced0,9b9dc731d84971b347984a61cebe82dfa99c5011c92f8e92ff5e8eae8821ced0#clause_0001,,,,mechanism_59fcd193c976e62c9295,,,pm_425e4d0aaef22be0e486,,time_window,8:00-11:00,时段,08:00-11:00,time_window,,,,,,0.999574,True,True,,step7b_iterB_rulefix,strict_all
ParameterMention:pm_42dd593c4257322d585b,ParameterMention,,856652d4d7364977a05a7a183b892b5d146cb65bbc1a45dd030bcf53c76f25b3,856652d4d7364977a05a7a183b892b5d146cb65bbc1a45dd030bcf53c76f25b3#clause_0004,,,,mechanism_228c52eca0369749d680,,,pm_42dd593c4257322d585b,,consumption_threshold_kwh,2161,千瓦时,2161.0,kwh,,,,,,0.9995,True,True,,step7b_iterB_rulefix,strict_all
ParameterMention:pm_42e58550ecb08f1902a4,ParameterMention,,41eed2fc03a95dc30af898124e00962d37f00dd998abb5da87c6e10e209db169,41eed2fc03a95dc30af898124e00962d37f00dd998abb5da87c6e10e209db169#clause_0012,,,,mechanism_bb423bb678ae0743a3f8,,,pm_42e58550ecb08f1902a4,,area_subsidy_amount,24000,元,200.0,yuan_per_sqm,,,,,,0.997892,True,True,,step7b_iterB_rulefix,strict_all
ParameterMention:pm_436a4b03535164d3605e,ParameterMention,,c6c4d1cca7577b75493e8eccc57343e9ea85d61bd6551b6ac6674cdb45eba353,c6c4d1cca7577b75493e8eccc57343e9ea85d61bd6551b6ac6674cdb45eba353#clause_0001,,,,mechanism_833385e737faa3ca663b,,,pm_436a4b03535164d3605e,,subsidy_amount,10,万元,10.0,ten_thousand_yuan,,,,,,0.999996,True,True,,step7b_iterB_rulefix,strict_all
ParameterMention:pm_43c8e70d863e7fd06fde,ParameterMention,,8e713f5036be608e8536659484a13e29de44d6d15aa0bd0098266d8d1e9e0242,8e713f5036be608e8536659484a13e29de44d6d15aa0bd0098266d8d1e9e0242#clause_0007,,,,mechanism_82631d96232da78397c4,,,pm_43c8e70d863e7fd06fde,,price_delta_pct,27,%,27.0,percent,,,,,,0.608259,True,True,,step7b_iterB_rulefix,strict_all
ParameterMention:pm_4437a5fe8d70e93e7d20,ParameterMention,,41eed2fc03a95dc30af898124e00962d37f00dd998abb5da87c6e10e209db169,41eed2fc03a95dc30af898124e00962d37f00dd998abb5da87c6e10e209db169#clause_0014,,,,mechanism_df8478e08ab9f9a85f18,,,pm_4437a5fe8d70e93e7d20,,subsidy_amount,8000,元,8000.0,yuan,,,,,,0.999766,True,True,,step7b_iterB_rulefix,strict_all
ParameterMention:pm_443dbddcc4948428bb95,ParameterMention,,ffc68a35eb1e5ce2437cbe847fb6902e01371194247d63f6245170f1a6d8442f,ffc68a35eb1e5ce2437cbe847fb6902e01371194247d63f6245170f1a6d8442f#clause_0003,,,,mechanism_88276de857956253f412,,,pm_443dbddcc4948428bb95,,consumption_threshold_kwh,4700,千瓦时,4700.0,kwh,,,,,,0.987872,True,True,,step7b_iterB_rulefix,strict_all
ParameterMention:pm_44418f23913050c09644,ParameterMention,,a63aaa1b99aae78cd58b5beb8c271e538c4b10b43ff4aff7312d6e081dd79eed,a63aaa1b99aae78cd58b5beb8c271e538c4b10b43ff4aff7312d6e081dd79eed#clause_0017,,,,mechanism_833668341cfc10a25b5a,,,pm_44418f23913050c09644,,target_household_count,500,户,500.0,household,,,,,,0.645656,True,True,,step7b_iterB_rulefix,strict_all
ParameterMention:pm_448642044b6e3bb760a8,ParameterMention,,3d453b46781e992f20c2a7120846ab15062f4e272266f310b85e96ae17b26383,3d453b46781e992f20c2a7120846ab15062f4e272266f310b85e96ae17b26383#clause_0006,,,,mechanism_9de2995e6616de9aaea4,,,pm_448642044b6e3bb760a8,,ratio_target,80,%,80.0,percent,,,,,,0.554779,True,False,,step7b_iterB_rulefix,strict_all
ParameterMention:pm_44bd7ca148a1417c4522,ParameterMention,,1fa29c73a41d6d62bb74e065c64724a1eb5075621c22e96288682d2c4c141f5d,1fa29c73a41d6d62bb74e065c64724a1eb5075621c22e96288682d2c4c141f5d#clause_0007,,,,mechanism_2cda5b49ad9ddfe6d7a4,,,pm_44bd7ca148a1417c4522,,price_value,0.30,元,0.3,yuan,,,,,,0.823465,True,True,,step7b_iterB_rulefix,strict_all
ParameterMention:pm_44e547226e31770bf335,ParameterMention,,0f3400361f4f38388365c57c706fc464f0fa6aee962bdb434173380878f8c94b,0f3400361f4f38388365c57c706fc464f0fa6aee962bdb434173380878f8c94b#clause_0002,,,,mechanism_b00cdd1efa1f7c980608,,,pm_44e547226e31770bf335,,ratio_target,20,%,20.0,percent,,,,,,0.554779,True,False,,step7b_iterB_rulefix,strict_all
ParameterMention:pm_450f39544093f7b289bf,ParameterMention,,2ece22a4f07f639ee9f6b14d9a999b5ec8ce9a982e248ec2c4350d49c32a2ec3,2ece22a4f07f639ee9f6b14d9a999b5ec8ce9a982e248ec2c4350d49c32a2ec3#clause_0002,,,,mechanism_4b6baa35c46b39e87168,,,pm_450f39544093f7b289bf,,consumption_threshold_kwh,171-260,千瓦时,260.0,kwh,,,,,,0.985226,True,True,,step7b_iterB_rulefix,strict_all
ParameterMention:pm_45ba784ad6181acd206b,ParameterMention,,2f9184a72b1488e94b2de32d7d9489e5d523b09268cd7142f059723054a93828,2f9184a72b1488e94b2de32d7d9489e5d523b09268cd7142f059723054a93828#clause_0004,,,,mechanism_e090c603e1b6d1ad686c,,,pm_45ba784ad6181acd206b,,time_window,11:00-12:00,%,11:00-12:00,time_window,,,,,,0.998586,True,True,,step7b_iterB_rulefix,strict_all
ParameterMention:pm_45c3aa2776455a0e6321,ParameterMention,,8cb1f5c7e00d4df09dab22618fbcfa02b68ae905acba728be35b24aade110dc9,8cb1f5c7e00d4df09dab22618fbcfa02b68ae905acba728be35b24aade110dc9#clause_0001,,,,mechanism_5c61a802f479f7cbcaa7,,,pm_45c3aa2776455a0e6321,,subsidy_amount,1.5,万元,1.5,ten_thousand_yuan,,,,,,0.981293,True,True,,step7b_iterB_rulefix,strict_all
ParameterMention:pm_45ef5524348974d6a131,ParameterMention,,58335d90e96cc5b4211b57e5ba68639ec110997e34daf85e547cbcf39bcc1906,58335d90e96cc5b4211b57e5ba68639ec110997e34daf85e547cbcf39bcc1906#clause_0001,,,,mechanism_0781f4a3c47c800803bb,,,pm_45ef5524348974d6a131,,time_window,17:00-23:00,时段,17:00-23:00,time_window,,,,,,0.984632,True,True,,step7b_iterB_rulefix,strict_all
ParameterMention:pm_467aeed246b0295aebed,ParameterMention,,609908d9bcfc33e3897206e5078e6cd00772ed380b661406f29cddfcd122f57d,609908d9bcfc33e3897206e5078e6cd00772ed380b661406f29cddfcd122f57d#clause_0001,,,,mechanism_325df35f3f7173a1f8e3,,,pm_467aeed246b0295aebed,,time_window,19:30-21:30,时段,19:30-21:30,time_window,,,,,,0.984632,True,True,,step7b_iterB_rulefix,strict_all
ParameterMention:pm_4690366e2fa2cb1a5f49,ParameterMention,,17b169c01d0fd11691f3014066bc982e9d5aae3ef301b3d897d2a4b986dac45b,17b169c01d0fd11691f3014066bc982e9d5aae3ef301b3d897d2a4b986dac45b#clause_0011,,,,mechanism_a954251962334ddf2fa1,,,pm_4690366e2fa2cb1a5f49,,subsidy_amount,5000,元,5000.0,yuan,,,,,,0.999574,True,True,,step7b_iterB_rulefix,strict_all
ParameterMention:pm_4697d88db91df0f0d8c6,ParameterMention,,a90ad1a3b708e8808bab56f3ff9155d788b100ae8fd28a759d636304a9fb6b03,a90ad1a3b708e8808bab56f3ff9155d788b100ae8fd28a759d636304a9fb6b03#clause_0003,,,,mechanism_30c8fce1fa561737a342,,,pm_4697d88db91df0f0d8c6,,time_window,17:00-20:00,时段,17:00-20:00,time_window,,,,,,0.997892,True,True,,step7b_iterB_rulefix,strict_all
ParameterMention:pm_47198a8bd865af94672a,ParameterMention,,00a12958eaee9a105dcc89c19bd002fa5ac8761a4154324faee32237e8364fec,00a12958eaee9a105dcc89c19bd002fa5ac8761a4154324faee32237e8364fec#clause_0003,,,,mechanism_0cc398635fa689bfbe94,,,pm_47198a8bd865af94672a,,ratio_target,15,%,15.0,percent,,,,,,0.554779,True,False,,step7b_iterB_rulefix,strict_all
ParameterMention:pm_473834c9767c8a4f82a6,ParameterMention,,0ae95f60cf40ef3dbcc874d7e32a0ed5a3d91c7d587ec5cae592c8064a14b8f8,0ae95f60cf40ef3dbcc874d7e32a0ed5a3d91c7d587ec5cae592c8064a14b8f8#clause_0004,,,,mechanism_4786c09f00f7b1d3250b,,,pm_473834c9767c8a4f82a6,,ratio_target,10,%,10.0,percent,,,,,,0.960834,True,True,,step7b_iterB_rulefix,strict_all
ParameterMention:pm_4764b915e23141bb1b63,ParameterMention,,15d322df36604ef5082b3cbb152c1ae45bda6ad3f5d941b024f5371b4210c4d8,15d322df36604ef5082b3cbb152c1ae45bda6ad3f5d941b024f5371b4210c4d8#clause_0005,,,,mechanism_001af6c12cbeeea0013f,,,pm_4764b915e23141bb1b63,,price_delta_pct,20,%,20.0,percent,,,,,,0.999413,True,True,,step7b_iterB_rulefix,strict_all
ParameterMention:pm_47ac2b728c9560f25e80,ParameterMention,,9977a1b4a371e69cc97e07c3dc35c2f6e10314b35aaf7e35995468d3930cbcea,9977a1b4a371e69cc97e07c3dc35c2f6e10314b35aaf7e35995468d3930cbcea#clause_0003,,,,mechanism_8cf0a624e4c85a2f56d9,,,pm_47ac2b728c9560f25e80,,time_window,17:00-18:00,%,17:00-18:00,time_window,,,,,,0.966431,True,True,,step7b_iterB_rulefix,strict_all
ParameterMention:pm_47cafb466fb5478c4166,ParameterMention,,3c1392fd897f1d095efaa1ae2a1eaa5c0c3df313cd5a9a185aacffe05575b886,3c1392fd897f1d095efaa1ae2a1eaa5c0c3df313cd5a9a185aacffe05575b886#clause_0023,,,,mechanism_c43ceb52600f6d3eb526,,,pm_47cafb466fb5478c4166,,ratio_target,20,%,20.0,percent,,,,,,0.798991,True,True,,step7b_iterB_rulefix,strict_all
ParameterMention:pm_48079ec0b88318a37d59,ParameterMention,,6ca5d9d44b93a3440cc8f24b4feda441563e6841021017b2c5db628a6976c9f5,6ca5d9d44b93a3440cc8f24b4feda441563e6841021017b2c5db628a6976c9f5#clause_0013,,,,mechanism_b916644f63f147af0f17,,,pm_48079ec0b88318a37d59,,subsidy_amount,24000,元,24000.0,yuan,,,,,,0.974913,True,True,,step7b_iterB_rulefix,strict_all
ParameterMention:pm_489b5acceb0cbfe7ad35,ParameterMention,,872f329b829fabeae485580e6ea8ffc598cb678cf546ae789f8ed60a40bf8ae6,872f329b829fabeae485580e6ea8ffc598cb678cf546ae789f8ed60a40bf8ae6#clause_0002,,,,mechanism_e470e409ee7ffd54a059,,,pm_489b5acceb0cbfe7ad35,,consumption_threshold_kwh,220,度,220.0,kwh,,,,,,0.985226,True,True,,step7b_iterB_rulefix,strict_all
ParameterMention:pm_48af626b368569a6b336,ParameterMention,,d31910273230458d2a8e0c7c623aa0f1c45d59d48f0dc7cad99ecb0902267b5d,d31910273230458d2a8e0c7c623aa0f1c45d59d48f0dc7cad99ecb0902267b5d#clause_0006,,,,mechanism_2a743ad2c05e04237c97,,,pm_48af626b368569a6b336,,subsidy_amount,1200,元,1200.0,yuan,,,,,,0.999574,True,True,,step7b_iterB_rulefix,strict_all
ParameterMention:pm_48e879180ceab1e7477e,ParameterMention,,632c503920a67e010e21ba8cc1bfddfd101d9f4a5981b038ab8e365c65c57b08,632c503920a67e010e21ba8cc1bfddfd101d9f4a5981b038ab8e365c65c57b08#clause_0001,,,,mechanism_a70b47c6c38eefc335c1,,,pm_48e879180ceab1e7477e,,price_value,0.49,元/千瓦时,0.49,yuan_per_kwh,,,,,,0.654753,True,True,,step7b_iterB_rulefix,strict_all
ParameterMention:pm_48f707c0be845c359e3a,ParameterMention,,ee74d273b781a2f2d3b7cdfadfe4c9a63e6e423f10874fba1e3c84a0a1f35295,ee74d273b781a2f2d3b7cdfadfe4c9a63e6e423f10874fba1e3c84a0a1f35295#clause_0001,,,,mechanism_adf8e329fb2f48f92898,,,pm_48f707c0be845c359e3a,,consumption_threshold_kwh,450,电量,450.0,kwh,,,,,,0.9995,True,True,,step7b_iterB_rulefix,strict_all
ParameterMention:pm_4a3d988b80efe07d4d61,ParameterMention,,3c1392fd897f1d095efaa1ae2a1eaa5c0c3df313cd5a9a185aacffe05575b886,3c1392fd897f1d095efaa1ae2a1eaa5c0c3df313cd5a9a185aacffe05575b886#clause_0001,,,,mechanism_15def9452567641170a8,,,pm_4a3d988b80efe07d4d61,,price_value,0.3,元/度,0.3,yuan_per_kwh,,,,,,0.999714,True,True,,step7b_iterB_rulefix,strict_all
ParameterMention:pm_4a8bf0321f1e76af0f62,ParameterMention,,62f668d2db29a9b35b4e6b01f6064c10ad77ad238436d5b7314a37cbf4824821,62f668d2db29a9b35b4e6b01f6064c10ad77ad238436d5b7314a37cbf4824821#clause_0002,,,,mechanism_350301622fb30b399168,,,pm_4a8bf0321f1e76af0f62,,subsidy_amount,180,元,180.0,yuan,,,,,,0.997892,True,True,,step7b_iterB_rulefix,strict_all
ParameterMention:pm_4a96f7a8a017a80694bc,ParameterMention,,8cb1f5c7e00d4df09dab22618fbcfa02b68ae905acba728be35b24aade110dc9,8cb1f5c7e00d4df09dab22618fbcfa02b68ae905acba728be35b24aade110dc9#clause_0002,,,,mechanism_5bd8ac0f5b79c928f944,,,pm_4a96f7a8a017a80694bc,,subsidy_amount,1.5,万元,1.5,ten_thousand_yuan,,,,,,0.981293,True,True,,step7b_iterB_rulefix,strict_all
ParameterMention:pm_4abd8d322e32835398ab,ParameterMention,,438c0392b9db32d7f7e7063819ff233da3aefc768abccbae0d8cebcf58748a29,438c0392b9db32d7f7e7063819ff233da3aefc768abccbae0d8cebcf58748a29#clause_0001,,,,mechanism_fb1d42257ed6be368c4f,,,pm_4abd8d322e32835398ab,,subsidy_amount,240,元,240.0,yuan,,,,,,0.999574,True,True,,step7b_iterB_rulefix,strict_all
ParameterMention:pm_4acf027ab61142d3d163,ParameterMention,,ee74d273b781a2f2d3b7cdfadfe4c9a63e6e423f10874fba1e3c84a0a1f35295,ee74d273b781a2f2d3b7cdfadfe4c9a63e6e423f10874fba1e3c84a0a1f35295#clause_0002,,,,mechanism_8974be01f89b4cebf4cb,,,pm_4acf027ab61142d3d163,,price_value,0.05,元/千瓦时,0.05,yuan_per_kwh,,,,,,0.823465,True,True,,step7b_iterB_rulefix,strict_all
ParameterMention:pm_4b2de90ebc8e2f2b3aba,ParameterMention,,3e01f17b897c9feee5fc314db8aefdb21db1935f389688d626165886eda313fe,3e01f17b897c9feee5fc314db8aefdb21db1935f389688d626165886eda313fe#clause_0004,,,,mechanism_0ff0e279552c70b37d3d,,,pm_4b2de90ebc8e2f2b3aba,,subsidy_amount,0.6,万元,0.6,ten_thousand_yuan,,,,,,0.997892,True,True,,step7b_iterB_rulefix,strict_all
ParameterMention:pm_4b4acdda7d654e51c748,ParameterMention,,9b573a30294f2b87e5bc8a1733dc8154869687fb42b7fbcbc23dc1cf3c74f11b,9b573a30294f2b87e5bc8a1733dc8154869687fb42b7fbcbc23dc1cf3c74f11b#clause_0001,,,,mechanism_e9d73aee80b08508349f,,,pm_4b4acdda7d654e51c748,,ratio_target,60,%,60.0,percent,,,,,,0.993307,True,True,,step7b_iterB_rulefix,strict_all
ParameterMention:pm_4bb6cdc6a2d5846b9d82,ParameterMention,,7e1dff3ee78977bc7e5f87b686fc7b8ccf4f78bd15144d2fd3f7c60c48ec3209,7e1dff3ee78977bc7e5f87b686fc7b8ccf4f78bd15144d2fd3f7c60c48ec3209#clause_0005,,,,mechanism_795dc9d8c70080171c4c,,,pm_4bb6cdc6a2d5846b9d82,,price_delta_pct,30,%,30.0,percent,,,,,,0.723122,True,True,,step7b_iterB_rulefix,strict_all
ParameterMention:pm_4bede637a345bf0794c5,ParameterMention,,6ca5d9d44b93a3440cc8f24b4feda441563e6841021017b2c5db628a6976c9f5,6ca5d9d44b93a3440cc8f24b4feda441563e6841021017b2c5db628a6976c9f5#clause_0019,,,,mechanism_13f5a0b5a8d3b8453d2e,,,pm_4bede637a345bf0794c5,,subsidy_amount,500,万元,16.2,ten_thousand_yuan,,,,,,1.0,True,False,,step7b_iterB_rulefix,strict_all
ParameterMention:pm_4bfaacd4fbb5fb675488,ParameterMention,,500387f290ce2730e02ebddb6bdb2aa6dffc22df78c335ed7937fd7225fa2d31,500387f290ce2730e02ebddb6bdb2aa6dffc22df78c335ed7937fd7225fa2d31#clause_0001,,,,mechanism_738dbcdb1458dec2fdbd,,,pm_4bfaacd4fbb5fb675488,,time_window,19:00-21:00,时段,19:00-21:00,time_window,,,,,,0.996859,True,True,,step7b_iterB_rulefix,strict_all
ParameterMention:pm_4c28631952629f903fb9,ParameterMention,,75833ff273a4d2d6f13f69723a049cea9e1c56a53db43bccd58d074ead1cd079,75833ff273a4d2d6f13f69723a049cea9e1c56a53db43bccd58d074ead1cd079#clause_0001,,,,mechanism_20e62fee4a69e5a363a5,,,pm_4c28631952629f903fb9,,target_household_count,13838,户,13838.0,household,,,,,,0.731059,True,True,,step7b_iterB_rulefix,strict_all
ParameterMention:pm_4cad711301fb9846b511,ParameterMention,,dc812e8b13d03ff73b79b4b814a56ec987458e2b4ac3147020283904460efdc9,dc812e8b13d03ff73b79b4b814a56ec987458e2b4ac3147020283904460efdc9#clause_0002,,,,mechanism_01ec3534f0e38701b86e,,,pm_4cad711301fb9846b511,,time_window,17:00-19:00,时段,17:00-19:00,time_window,,,,,,0.999574,True,True,,step7b_iterB_rulefix,strict_all
ParameterMention:pm_4d3a8989eae3cb77ff1d,ParameterMention,,693f3a55fe86330e400962dd0b43476d41023ad39e89f0254b4f9e2651efaca2,693f3a55fe86330e400962dd0b43476d41023ad39e89f0254b4f9e2651efaca2#clause_0004,,,,mechanism_669af885c80e4897eed8,,,pm_4d3a8989eae3cb77ff1d,,price_value,0.2535,元/度,0.2535,yuan_per_kwh,,,,,,0.989646,True,True,,step7b_iterB_rulefix,strict_all
ParameterMention:pm_4d421ec7228e2303fc66,ParameterMention,,58ad7cd309406e184ce7e6d21004def570eec462e6489ea11bebbe2d7b469ea4,58ad7cd309406e184ce7e6d21004def570eec462e6489ea11bebbe2d7b469ea4#clause_0001,,,,mechanism_acaa3d12702d5ac09a7f,,,pm_4d421ec7228e2303fc66,,subsidy_amount,5,万元,5.0,ten_thousand_yuan,,,,,,0.999996,True,True,,step7b_iterB_rulefix,strict_all
ParameterMention:pm_4d42b2cfaf4a5abd3e88,ParameterMention,,632c503920a67e010e21ba8cc1bfddfd101d9f4a5981b038ab8e365c65c57b08,632c503920a67e010e21ba8cc1bfddfd101d9f4a5981b038ab8e365c65c57b08#clause_0003,,,,mechanism_c3b92f0ffb0c9ed9f355,,,pm_4d42b2cfaf4a5abd3e88,,price_value,0.675,元/千瓦时,0.675,yuan_per_kwh,,,,,,0.654753,True,True,,step7b_iterB_rulefix,strict_all
ParameterMention:pm_4d4793f00bc8a5359d23,ParameterMention,,f6f8d5f9847c1fe31624cb64353d12b61bebca40113c37e445b63a2d226db18d,f6f8d5f9847c1fe31624cb64353d12b61bebca40113c37e445b63a2d226db18d#clause_0003,,,,mechanism_7c2ce378ef88c9b6fb01,,,pm_4d4793f00bc8a5359d23,,subsidy_amount,1478.4,元,77.0,yuan_per_watt,,,,,,0.999983,True,True,,step7b_iterB_rulefix,strict_all
ParameterMention:pm_4d47d591182100ae4328,ParameterMention,,c6c4d1cca7577b75493e8eccc57343e9ea85d61bd6551b6ac6674cdb45eba353,c6c4d1cca7577b75493e8eccc57343e9ea85d61bd6551b6ac6674cdb45eba353#clause_0003,,,,mechanism_7ebbe92433f6e3fa39d9,,,pm_4d47d591182100ae4328,,subsidy_amount,5,万元,5.0,ten_thousand_yuan,,,,,,0.999996,True,True,,step7b_iterB_rulefix,strict_all
ParameterMention:pm_4d550487aff0b96f185f,ParameterMention,,0ae95f60cf40ef3dbcc874d7e32a0ed5a3d91c7d587ec5cae592c8064a14b8f8,0ae95f60cf40ef3dbcc874d7e32a0ed5a3d91c7d587ec5cae592c8064a14b8f8#clause_0004,,,,mechanism_4786c09f00f7b1d3250b,,,pm_4d550487aff0b96f185f,,ratio_target,20,%,20.0,percent,,,,,,0.960834,True,True,,step7b_iterB_rulefix,strict_all
ParameterMention:pm_4d5a52fd3ffb2e4624bf,ParameterMention,,bd6202baffd47fe0052d9accf098e87cdadac6623a4be7112867c5541bb55aeb,bd6202baffd47fe0052d9accf098e87cdadac6623a4be7112867c5541bb55aeb#clause_0003,,,,mechanism_9fedd8f8931735d41f86,,,pm_4d5a52fd3ffb2e4624bf,,subsidy_amount,20,元,20.0,yuan,,,,,,0.997892,True,True,,step7b_iterB_rulefix,strict_all
ParameterMention:pm_4d713bcb48cd5d858a94,ParameterMention,,10695560c26cc67b7a3e26b8dbcd7b856b0b17ef49c31ba529efd3caf059a1de,10695560c26cc67b7a3e26b8dbcd7b856b0b17ef49c31ba529efd3caf059a1de#clause_0004,,,,mechanism_3863ee7c2080260c6c5c,,,pm_4d713bcb48cd5d858a94,,subsidy_amount,1.44,万元,1.44,ten_thousand_yuan,,,,,,0.998842,True,True,,step7b_iterB_rulefix,strict_all
ParameterMention:pm_4d765284f76e8996b58b,ParameterMention,,6ed6029ec536fdcb1c28233730ac3cff649d9109667a7f16206c20af41b9b4dc,6ed6029ec536fdcb1c28233730ac3cff649d9109667a7f16206c20af41b9b4dc#clause_0000,,,,mechanism_1a9d1c42a89af57c2d16,,,pm_4d765284f76e8996b58b,,duration_threshold_hour,8,小时,8.0,hour,,,,,,0.978119,True,True,,step7b_iterB_rulefix,strict_all
ParameterMention:pm_4de044ea7af25094c2ad,ParameterMention,,6f9e11a2d7c04d1e2e70825dcb404052e1219052d6c99430f5f25ebd988c1a72,6f9e11a2d7c04d1e2e70825dcb404052e1219052d6c99430f5f25ebd988c1a72#clause_0003,,,,mechanism_2366a405ad91bfaa0267,,,pm_4de044ea7af25094c2ad,,consumption_threshold_kwh,401,千瓦时,401.0,kwh,,,,,,0.731059,True,True,,step7b_iterB_rulefix,strict_all
ParameterMention:pm_4e07577daef9eae2fc19,ParameterMention,,59fb420eead4837faf2f90b58927c9c874cd61e9cfbcb91d127cfeeb50f5be76,59fb420eead4837faf2f90b58927c9c874cd61e9cfbcb91d127cfeeb50f5be76#clause_0004,,,,mechanism_a41923b8bc6f3cdb762f,,,pm_4e07577daef9eae2fc19,,ratio_target,90,%,90.0,percent,,,,,,0.554779,True,False,,step7b_iterB_rulefix,strict_all
ParameterMention:pm_4e4371328405b4462e2b,ParameterMention,,a69f4fada444fbf3a5477b252309fb00555c6f7cb1797785c73b753cdaf02622,a69f4fada444fbf3a5477b252309fb00555c6f7cb1797785c73b753cdaf02622#clause_0004,,,,mechanism_85dbe55484574e32c370,,,pm_4e4371328405b4462e2b,,subsidy_amount,600,元,600.0,yuan,,,,,,0.997892,True,True,,step7b_iterB_rulefix,strict_all
ParameterMention:pm_4e518b1027473e99d462,ParameterMention,,99bfb079cc9a0ac097ce291b686022d6fc947c4ca53f0ca785a04338057cf2cb,99bfb079cc9a0ac097ce291b686022d6fc947c4ca53f0ca785a04338057cf2cb#clause_0006,,,,mechanism_0892769c1d0333707d74,,,pm_4e518b1027473e99d462,,price_value,0.2,元/千瓦时,0.2,yuan_per_kwh,,,,,,0.999159,True,True,,step7b_iterB_rulefix,strict_all
ParameterMention:pm_4ece3c790e910a071a80,ParameterMention,,00a12958eaee9a105dcc89c19bd002fa5ac8761a4154324faee32237e8364fec,00a12958eaee9a105dcc89c19bd002fa5ac8761a4154324faee32237e8364fec#clause_0001,,,,mechanism_4f0f2ebab9dc78254ad0,,,pm_4ece3c790e910a071a80,,ratio_target,5,%,5.0,percent,,,,,,0.554779,True,False,,step7b_iterB_rulefix,strict_all
ParameterMention:pm_4ed696bb60e3a9ef376b,ParameterMention,,3c1392fd897f1d095efaa1ae2a1eaa5c0c3df313cd5a9a185aacffe05575b886,3c1392fd897f1d095efaa1ae2a1eaa5c0c3df313cd5a9a185aacffe05575b886#clause_0007,,,,mechanism_4466de24df7ad64ce075,,,pm_4ed696bb60e3a9ef376b,,price_value,0.1,元/度,0.1,yuan_per_kwh,,,,,,0.73885,True,True,,step7b_iterB_rulefix,strict_all
ParameterMention:pm_4ee44d2290c80f4f76c8,ParameterMention,,92e84b72ef2f5a11bbc950bceb47099d119cfe6635c2b8757f6582b673168bf0,92e84b72ef2f5a11bbc950bceb47099d119cfe6635c2b8757f6582b673168bf0#clause_0002,,,,mechanism_ebca7f76d3141f9acbd8,,,pm_4ee44d2290c80f4f76c8,,price_delta_pct,50,%,50.0,percent,,,,,,0.73885,True,True,,step7b_iterB_rulefix,strict_all
ParameterMention:pm_4f1af7033ef1557c4ac1,ParameterMention,,d30af01520d50ba7d996b79b99121ed0cc0e9b34bb66761144c9c1d2f0cd1ba5,d30af01520d50ba7d996b79b99121ed0cc0e9b34bb66761144c9c1d2f0cd1ba5#clause_0005,,,,mechanism_5dc87fd746af0a26eb80,,,pm_4f1af7033ef1557c4ac1,,ratio_target,50,%,50.0,percent,,,,,,0.832018,True,True,,step7b_iterB_rulefix,strict_all
ParameterMention:pm_4f233c98670858eeff57,ParameterMention,,a7f3f83cc719dbd58fa3cba1078d11a8511ace91597d326e11375e817e2d73f6,a7f3f83cc719dbd58fa3cba1078d11a8511ace91597d326e11375e817e2d73f6#clause_0004,,,,mechanism_ea4ac3bff3dee387e95f,,,pm_4f233c98670858eeff57,,consumption_threshold_kwh,3840,千瓦时,3840.0,kwh,,,,,,0.999338,True,True,,step7b_iterB_rulefix,strict_all
ParameterMention:pm_4f37cabc36524e8df7ea,ParameterMention,,ad8d0971d97051367bf7e78a6885dd89b83772d35f94aaff8c56c77398caa167,ad8d0971d97051367bf7e78a6885dd89b83772d35f94aaff8c56c77398caa167#clause_0020,,,,mechanism_0eef3b51103e8f296933,,,pm_4f37cabc36524e8df7ea,,funding_share_ratio,1:1:1,元,1:1:1,none,,,,,,0.996982,True,True,,step7b_iterB_rulefix,strict_all
ParameterMention:pm_5024f1a5dadadab96407,ParameterMention,,6970500b879273b0b83bb7a489716ace3a254448e313c9392b1c8d699aa8443a,6970500b879273b0b83bb7a489716ace3a254448e313c9392b1c8d699aa8443a#clause_0021,,,,mechanism_c7450bdd9c4e58bb814e,,,pm_5024f1a5dadadab96407,,target_household_count,500,户,500.0,household,,,,,,0.645656,True,True,,step7b_iterB_rulefix,strict_all
ParameterMention:pm_5029ab10c882fa59c194,ParameterMention,,010dd88159617e9e9382aae1b693db97e9b9aa123fefe31ae3a1ceeca57bb8d5,010dd88159617e9e9382aae1b693db97e9b9aa123fefe31ae3a1ceeca57bb8d5#clause_0004,,,,mechanism_6314286ed3519af75449,,,pm_5029ab10c882fa59c194,,ratio_target,50,%,50.0,percent,,,,,,0.5,True,False,,step7b_iterB_rulefix,strict_all
ParameterMention:pm_509acb6027cb02c198dc,ParameterMention,,9b9dc731d84971b347984a61cebe82dfa99c5011c92f8e92ff5e8eae8821ced0,9b9dc731d84971b347984a61cebe82dfa99c5011c92f8e92ff5e8eae8821ced0#clause_0002,,,,mechanism_85d23bbcd8f3592ef19a,,,pm_509acb6027cb02c198dc,,price_delta_pct,98,%,98.0,percent,,,,,,0.79576,True,True,,step7b_iterB_rulefix,strict_all
ParameterMention:pm_50ded9cdf6e9525c7dd1,ParameterMention,,fb55d418bed4eb4484f674119c95bd74b5f22fce8ab5798d7398c93a0244de1c,fb55d418bed4eb4484f674119c95bd74b5f22fce8ab5798d7398c93a0244de1c#clause_0000,,,,mechanism_a6f8723170a6356d3854,,,pm_50ded9cdf6e9525c7dd1,,ratio_target,50,%,50.0,percent,,,,,,0.915289,True,True,,step7b_iterB_rulefix,strict_all
ParameterMention:pm_50e9377c5c5414a5da26,ParameterMention,,67bb80e9af349ffd1cfa1abcf8a9a811c986f1fc171c93e1f60ce3232981e99c,67bb80e9af349ffd1cfa1abcf8a9a811c986f1fc171c93e1f60ce3232981e99c#clause_0002,,,,mechanism_9da4b95f9bc7fe71957b,,,pm_50e9377c5c5414a5da26,,subsidy_amount,0.1,元,0.1,yuan,,,,,,0.989646,True,True,,step7b_iterB_rulefix,strict_all
ParameterMention:pm_51047e634064ee19891e,ParameterMention,,a63aaa1b99aae78cd58b5beb8c271e538c4b10b43ff4aff7312d6e081dd79eed,a63aaa1b99aae78cd58b5beb8c271e538c4b10b43ff4aff7312d6e081dd79eed#clause_0010,,,,mechanism_2faa916caf15250492b6,,,pm_51047e634064ee19891e,,area_subsidy_amount,100,元,0.0,yuan_per_sqm,,,,,,0.997892,True,True,,step7b_iterB_rulefix,strict_all
ParameterMention:pm_51485c0dfef419865050,ParameterMention,,22683cdc818adbda88476b2ce5ef07bfd17154e8f751efbcf70c4b68e9dd70ba,22683cdc818adbda88476b2ce5ef07bfd17154e8f751efbcf70c4b68e9dd70ba#clause_0001,,,,mechanism_f692896ac3d42b576dbc,,,pm_51485c0dfef419865050,,ratio_target,100,％,100.0,percent,,,,,,0.999999,True,True,,step7b_iterB_rulefix,strict_all
ParameterMention:pm_516f745345da576a4545,ParameterMention,,eed146d5fe14ffb1e1c746567c59461666857ebc7017d129ca0598039b4deb07,eed146d5fe14ffb1e1c746567c59461666857ebc7017d129ca0598039b4deb07#clause_0003,,,,mechanism_3539ea34e28f4a496b3e,,,pm_516f745345da576a4545,,price_value,0.30,元,0.3,yuan,,,,,,0.654753,True,True,,step7b_iterB_rulefix,strict_all
ParameterMention:pm_51b72d8bd781ad773f34,ParameterMention,,7b751605b49132dd141591500721a0a0aeef9413b412efd887a6985a4ada323a,7b751605b49132dd141591500721a0a0aeef9413b412efd887a6985a4ada323a#clause_0001,,,,mechanism_af82b4583eb2a08b7990,,,pm_51b72d8bd781ad773f34,,ratio_target,90,％,90.0,percent,,,,,,0.999999,True,True,,step7b_iterB_rulefix,strict_all
ParameterMention:pm_526fdc7f348591ec04d9,ParameterMention,,432528cbb25bdbdce8825781b81c73beb96a63f824057f93f5800fc0a512a713,432528cbb25bdbdce8825781b81c73beb96a63f824057f93f5800fc0a512a713#clause_0015,,,,mechanism_64ef0db6885206b48523,,,pm_526fdc7f348591ec04d9,,ratio_target,50,%,50.0,percent,,,,,,0.91834,True,True,,step7b_iterB_rulefix,strict_all
ParameterMention:pm_529f1bc98d56b05ee9ed,ParameterMention,,9634a7cefdb8a7018741e8ef683bb7b815f1dbc1d60d42350574f3dd240e55b7,9634a7cefdb8a7018741e8ef683bb7b815f1dbc1d60d42350574f3dd240e55b7#clause_0000,,,,mechanism_e55275c27c1c784171b6,,,pm_529f1bc98d56b05ee9ed,,ratio_target,18,%,18.0,percent,,,,,,0.860566,True,True,,step7b_iterB_rulefix,strict_all
ParameterMention:pm_52e7db26985a5c7c8cc7,ParameterMention,,e96954454202c06919fb26233a2f5743477ff62fe26d6f194b805da4176b5fcb,e96954454202c06919fb26233a2f5743477ff62fe26d6f194b805da4176b5fcb#clause_0003,,,,mechanism_e1d686b29b119387c11d,,,pm_52e7db26985a5c7c8cc7,,consumption_threshold_kwh,3120,度,3120.0,kwh,,,,,,0.996982,True,True,,step7b_iterB_rulefix,strict_all
ParameterMention:pm_530e4e5d17375f1b7022,ParameterMention,,22683cdc818adbda88476b2ce5ef07bfd17154e8f751efbcf70c4b68e9dd70ba,22683cdc818adbda88476b2ce5ef07bfd17154e8f751efbcf70c4b68e9dd70ba#clause_0004,,,,mechanism_1b1c3cfda432a37d1356,,,pm_530e4e5d17375f1b7022,,ratio_target,100,％,100.0,percent,,,,,,0.97288,True,True,,step7b_iterB_rulefix,strict_all
ParameterMention:pm_533f35fb8f55c9c31545,ParameterMention,,ffc68a35eb1e5ce2437cbe847fb6902e01371194247d63f6245170f1a6d8442f,ffc68a35eb1e5ce2437cbe847fb6902e01371194247d63f6245170f1a6d8442f#clause_0004,,,,mechanism_57627ff52bae9bf848bb,,,pm_533f35fb8f55c9c31545,,price_value,0.7556,元/千瓦时,0.7556,yuan_per_kwh,,,,,,0.991337,True,True,,step7b_iterB_rulefix,strict_all
ParameterMention:pm_53572b48be236602db97,ParameterMention,,f8c4fb0263c1210088bbd510f8af1d01facfaac347c1633daea0ff54339aae1d,f8c4fb0263c1210088bbd510f8af1d01facfaac347c1633daea0ff54339aae1d#clause_0003,,,,mechanism_d623da637647de6e2a79,,,pm_53572b48be236602db97,,consumption_threshold_kwh,1470,千瓦时,1470.0,kwh,,,,,,0.999899,True,True,,step7b_iterB_rulefix,strict_all
ParameterMention:pm_53c531de1ff097bba734,ParameterMention,,609908d9bcfc33e3897206e5078e6cd00772ed380b661406f29cddfcd122f57d,609908d9bcfc33e3897206e5078e6cd00772ed380b661406f29cddfcd122f57d#clause_0004,,,,mechanism_e8505c9219ec7c545ffa,,,pm_53c531de1ff097bba734,,price_delta_pct,20,%,20.0,percent,,,,,,0.808455,True,True,,step7b_iterB_rulefix,strict_all
ParameterMention:pm_53ed86634a94c219626e,ParameterMention,,95f6ba6c18bedd1be1da79aa08a7d72056b883f00acb9c39d5361b880a4dd595,95f6ba6c18bedd1be1da79aa08a7d72056b883f00acb9c39d5361b880a4dd595#clause_0001,,,,mechanism_5ae9860418769982eea0,,,pm_53ed86634a94c219626e,,consumption_threshold_kwh,220,度,220.0,kwh,,,,,,0.999996,True,True,,step7b_iterB_rulefix,strict_all
ParameterMention:pm_53efa31a496ab79285ad,ParameterMention,,8cbf9d571e472404e9b79d5a7ebb488d70af5040f4c4a6f056ba9491f738d6fb,8cbf9d571e472404e9b79d5a7ebb488d70af5040f4c4a6f056ba9491f738d6fb#clause_0005,,,,mechanism_175c7251d5e313962511,,,pm_53efa31a496ab79285ad,,consumption_threshold_kwh,6000,元/千瓦时,6000.0,kwh,,,,,,0.858149,True,True,,step7b_iterB_rulefix,strict_all
ParameterMention:pm_5409b854165c1c6a45e9,ParameterMention,,ed8cc5a65243c7c4e501d0065c05b5a0ab4c246ad2d6f331536102d7f3291709,ed8cc5a65243c7c4e501d0065c05b5a0ab4c246ad2d6f331536102d7f3291709#clause_0000,,,,mechanism_48434866a4447b74f33d,,,pm_5409b854165c1c6a45e9,,ratio_target,50,%,50.0,percent,,,,,,0.994403,True,True,,step7b_iterB_rulefix,strict_all
ParameterMention:pm_541e680aa8208f35488b,ParameterMention,,500387f290ce2730e02ebddb6bdb2aa6dffc22df78c335ed7937fd7225fa2d31,500387f290ce2730e02ebddb6bdb2aa6dffc22df78c335ed7937fd7225fa2d31#clause_0001,,,,mechanism_738dbcdb1458dec2fdbd,,,pm_541e680aa8208f35488b,,time_window,15:00-17:00,时段,15:00-17:00,time_window,,,,,,0.996859,True,True,,step7b_iterB_rulefix,strict_all
ParameterMention:pm_54e3ac20d7ab57282cdf,ParameterMention,,21a5c67e61e80e1324726c39e931d5faa3ef2db450f2e5421f7a10df4fe56b97,21a5c67e61e80e1324726c39e931d5faa3ef2db450f2e5421f7a10df4fe56b97#clause_0002,,,,mechanism_875c8ee91e78c895d76f,,,pm_54e3ac20d7ab57282cdf,,price_delta_pct,1.21:1:0.79,%,0.79,percent,,,,,,0.985797,True,True,,step7b_iterB_rulefix,strict_all
ParameterMention:pm_54f2c576e911c61961be,ParameterMention,,cc7addf8ff4efe3409afac8915cc6b8df3283617d08af2da6658e58933736301,cc7addf8ff4efe3409afac8915cc6b8df3283617d08af2da6658e58933736301#clause_0007,,,,mechanism_1886d99a7027b5190b3b,,,pm_54f2c576e911c61961be,,price_delta_pct,45,%,45.0,percent,,,,,,0.950734,True,True,,step7b_iterB_rulefix,strict_all
ParameterMention:pm_55062e0136a4fe203890,ParameterMention,,3e01f17b897c9feee5fc314db8aefdb21db1935f389688d626165886eda313fe,3e01f17b897c9feee5fc314db8aefdb21db1935f389688d626165886eda313fe#clause_0004,,,,mechanism_0ff0e279552c70b37d3d,,,pm_55062e0136a4fe203890,,subsidy_amount,0.36,万元,0.36,ten_thousand_yuan,,,,,,0.997892,True,True,,step7b_iterB_rulefix,strict_all
ParameterMention:pm_55769e5de28cb077446b,ParameterMention,,3d453b46781e992f20c2a7120846ab15062f4e272266f310b85e96ae17b26383,3d453b46781e992f20c2a7120846ab15062f4e272266f310b85e96ae17b26383#clause_0003,,,,mechanism_f10782cc76e82563ac68,,,pm_55769e5de28cb077446b,,ratio_target,70,%,70.0,percent,,,,,,0.878681,True,True,,step7b_iterB_rulefix,strict_all
ParameterMention:pm_55e30d70017fddca0e1a,ParameterMention,,693f3a55fe86330e400962dd0b43476d41023ad39e89f0254b4f9e2651efaca2,693f3a55fe86330e400962dd0b43476d41023ad39e89f0254b4f9e2651efaca2#clause_0003,,,,mechanism_117e0a55f3972668a06d,,,pm_55e30d70017fddca0e1a,,price_value,0.3,元,0.8224,yuan_per_kwh,,,,,,0.654753,True,True,,step7b_iterB_rulefix,strict_all
ParameterMention:pm_563c875773b4949abd64,ParameterMention,,ffc68a35eb1e5ce2437cbe847fb6902e01371194247d63f6245170f1a6d8442f,ffc68a35eb1e5ce2437cbe847fb6902e01371194247d63f6245170f1a6d8442f#clause_0002,,,,mechanism_0ee3a1f5f6c07aa150ec,,,pm_563c875773b4949abd64,,consumption_threshold_kwh,4700,电量,4700.0,kwh,,,,,,0.987872,True,True,,step7b_iterB_rulefix,strict_all
ParameterMention:pm_568e2c7e05ef4ac16b0b,ParameterMention,,e96954454202c06919fb26233a2f5743477ff62fe26d6f194b805da4176b5fcb,e96954454202c06919fb26233a2f5743477ff62fe26d6f194b805da4176b5fcb#clause_0004,,,,mechanism_5fe61bf44ed3a8d02778,,,pm_568e2c7e05ef4ac16b0b,,consumption_threshold_kwh,261,度,261.0,kwh,,,,,,0.880797,True,True,,step7b_iterB_rulefix,strict_all
ParameterMention:pm_56b475cfb3dd50d0b9ac,ParameterMention,,58ad7cd309406e184ce7e6d21004def570eec462e6489ea11bebbe2d7b469ea4,58ad7cd309406e184ce7e6d21004def570eec462e6489ea11bebbe2d7b469ea4#clause_0001,,,,mechanism_acaa3d12702d5ac09a7f,,,pm_56b475cfb3dd50d0b9ac,,subsidy_amount,4,万元,4.0,ten_thousand_yuan,,,,,,0.999996,True,True,,step7b_iterB_rulefix,strict_all
ParameterMention:pm_571e2529e7494b180d91,ParameterMention,,c32ed07b1f8848d45dcf196616c7064ebdf5a10f0ce328b277c662ee5197f29b,c32ed07b1f8848d45dcf196616c7064ebdf5a10f0ce328b277c662ee5197f29b#clause_0012,,,,mechanism_fad6960b7fcf6c9ae722,,,pm_571e2529e7494b180d91,,subsidy_amount,6,万元,6.0,ten_thousand_yuan,,,,,,0.997892,True,True,,step7b_iterB_rulefix,strict_all
ParameterMention:pm_57772620b3d263e18d84,ParameterMention,,7ed0773389be1fab4cf4b39fd715e035135ac2f3585caf8e1b63b0017de0c7c9,7ed0773389be1fab4cf4b39fd715e035135ac2f3585caf8e1b63b0017de0c7c9#clause_0004,,,,mechanism_147a2dc227ee5a5ed38d,,,pm_57772620b3d263e18d84,,consumption_threshold_kwh,13300,千瓦时,13300.0,kwh,,,,,,0.978119,True,True,,step7b_iterB_rulefix,strict_all
ParameterMention:pm_57e24df41b36dace5804,ParameterMention,,8e6fda04dc4cc2a5dabc23280052ecf857f10f0630620fa83d268a2bad0818f2,8e6fda04dc4cc2a5dabc23280052ecf857f10f0630620fa83d268a2bad0818f2#clause_0003,,,,mechanism_c4ffda471e1df4d27fc6,,,pm_57e24df41b36dace5804,,price_delta_pct,100,%,100.0,percent,,,,,,0.954349,True,True,,step7b_iterB_rulefix,strict_all
ParameterMention:pm_58a20501fb099536a64e,ParameterMention,,6ca5d9d44b93a3440cc8f24b4feda441563e6841021017b2c5db628a6976c9f5,6ca5d9d44b93a3440cc8f24b4feda441563e6841021017b2c5db628a6976c9f5#clause_0014,,,,mechanism_fa4c13112fc4eddfbca2,,,pm_58a20501fb099536a64e,,subsidy_amount,8000,元,8000.0,yuan,,,,,,0.999766,True,True,,step7b_iterB_rulefix,strict_all
ParameterMention:pm_58f4bc729d6dd2dad978,ParameterMention,,2f9184a72b1488e94b2de32d7d9489e5d523b09268cd7142f059723054a93828,2f9184a72b1488e94b2de32d7d9489e5d523b09268cd7142f059723054a93828#clause_0004,,,,mechanism_e090c603e1b6d1ad686c,,,pm_58f4bc729d6dd2dad978,,price_delta_pct,25,%,25.0,percent,,,,,,0.990435,True,True,,step7b_iterB_rulefix,strict_all
ParameterMention:pm_592a29572c9a7b2c32e9,ParameterMention,,f7c1229055e5b5f8c595b6f108b78348c5aca9652ef3bf154140ac486cf0f78e,f7c1229055e5b5f8c595b6f108b78348c5aca9652ef3bf154140ac486cf0f78e#clause_0001,,,,mechanism_5aaefc5d76d43e14bef4,,,pm_592a29572c9a7b2c32e9,,price_delta_pct,1.9,%,1.9,percent,,,,,,0.608259,True,True,,step7b_iterB_rulefix,strict_all
ParameterMention:pm_594e5c513e58b8ac6690,ParameterMention,,ffc68a35eb1e5ce2437cbe847fb6902e01371194247d63f6245170f1a6d8442f,ffc68a35eb1e5ce2437cbe847fb6902e01371194247d63f6245170f1a6d8442f#clause_0004,,,,mechanism_57627ff52bae9bf848bb,,,pm_594e5c513e58b8ac6690,,price_value,0.5056,元/千瓦时,0.5056,yuan_per_kwh,,,,,,0.991337,True,True,,step7b_iterB_rulefix,strict_all
ParameterMention:pm_59abba26ecde147b118a,ParameterMention,,ebba22b0a7b7a9a06ccf6dfbe862a330eb615359451c4ccb8bff79fd2d9bd1ad,ebba22b0a7b7a9a06ccf6dfbe862a330eb615359451c4ccb8bff79fd2d9bd1ad#clause_0002,,,,mechanism_9d705b5ef9479e487c91,,,pm_59abba26ecde147b118a,,ratio_target,5,%,5.0,percent,,,,,,0.554779,True,False,,step7b_iterB_rulefix,strict_all
ParameterMention:pm_5a35208a3c0dc67431ec,ParameterMention,,99bfb079cc9a0ac097ce291b686022d6fc947c4ca53f0ca785a04338057cf2cb,99bfb079cc9a0ac097ce291b686022d6fc947c4ca53f0ca785a04338057cf2cb#clause_0003,,,,mechanism_b0fb5ebbb8676453e1f4,,,pm_5a35208a3c0dc67431ec,,subsidy_amount,4600,元,4600.0,yuan,,,,,,0.999574,True,True,,step7b_iterB_rulefix,strict_all
ParameterMention:pm_5a543028505e7795cc85,ParameterMention,,c2a4e02e4cd2e0f22c6b14e2826b94e5c6662dcc9e7b29844165f14d4e30aceb,c2a4e02e4cd2e0f22c6b14e2826b94e5c6662dcc9e7b29844165f14d4e30aceb#clause_0001,,,,mechanism_3cbb8f4de9aef7ee89b7,,,pm_5a543028505e7795cc85,,price_delta_pct,27,%,27.0,percent,,,,,,0.608259,True,True,,step7b_iterB_rulefix,strict_all
ParameterMention:pm_5a9f9933a31c091d09ad,ParameterMention,,94c590b102ade026538aeffdd33a1708509a35674bb3f467aed33c570fc34908,94c590b102ade026538aeffdd33a1708509a35674bb3f467aed33c570fc34908#clause_0003,,,,mechanism_62a9be96bfbef996e7de,,,pm_5a9f9933a31c091d09ad,,ratio_target,10,%,10.0,percent,,,,,,0.968324,True,True,,step7b_iterB_rulefix,strict_all
ParameterMention:pm_5ada9f1043a00fbfa485,ParameterMention,,10695560c26cc67b7a3e26b8dbcd7b856b0b17ef49c31ba529efd3caf059a1de,10695560c26cc67b7a3e26b8dbcd7b856b0b17ef49c31ba529efd3caf059a1de#clause_0003,,,,mechanism_6599b3a4e947e0cffae8,,,pm_5ada9f1043a00fbfa485,,subsidy_amount,2.74,万元,2.74,ten_thousand_yuan,,,,,,0.994832,True,True,,step7b_iterB_rulefix,strict_all
ParameterMention:pm_5aea2346a70d0e4cffac,ParameterMention,,21a5c67e61e80e1324726c39e931d5faa3ef2db450f2e5421f7a10df4fe56b97,21a5c67e61e80e1324726c39e931d5faa3ef2db450f2e5421f7a10df4fe56b97#clause_0002,,,,mechanism_875c8ee91e78c895d76f,,,pm_5aea2346a70d0e4cffac,,price_delta_pct,20,%,20.0,percent,,,,,,0.985797,True,True,,step7b_iterB_rulefix,strict_all
ParameterMention:pm_5b311a81ea7a04efec37,ParameterMention,,9842b76e12450c90ad9c0680b04217082b8a8fafe2cef53d19367fc9dd8179c2,9842b76e12450c90ad9c0680b04217082b8a8fafe2cef53d19367fc9dd8179c2#clause_0003,,,,mechanism_b30b52bb7f8f83cba697,,,pm_5b311a81ea7a04efec37,,price_value,0.507,元/千瓦时,0.507,yuan_per_kwh,,,,,,0.85321,True,True,,step7b_iterB_rulefix,strict_all
ParameterMention:pm_5c00f64efcdfa7122adc,ParameterMention,,872f329b829fabeae485580e6ea8ffc598cb678cf546ae789f8ed60a40bf8ae6,872f329b829fabeae485580e6ea8ffc598cb678cf546ae789f8ed60a40bf8ae6#clause_0003,,,,mechanism_42eb142e243c48fc53a5,,,pm_5c00f64efcdfa7122adc,,consumption_threshold_kwh,400,度,400.0,kwh,,,,,,0.996982,True,True,,step7b_iterB_rulefix,strict_all
ParameterMention:pm_5c0e75e76a50e480a350,ParameterMention,,4da4ac46529aa8730837ae343298f520e2f42fa4f8b05ba335c343f0248c8e34,4da4ac46529aa8730837ae343298f520e2f42fa4f8b05ba335c343f0248c8e34#clause_0003,,,,mechanism_73b5d90b344a5c6ae1bb,,,pm_5c0e75e76a50e480a350,,ratio_target,30,%,30.0,percent,,,,,,0.968324,True,True,,step7b_iterB_rulefix,strict_all
ParameterMention:pm_5c11ce72d79a33d6a4c4,ParameterMention,,ebba22b0a7b7a9a06ccf6dfbe862a330eb615359451c4ccb8bff79fd2d9bd1ad,ebba22b0a7b7a9a06ccf6dfbe862a330eb615359451c4ccb8bff79fd2d9bd1ad#clause_0002,,,,mechanism_9d705b5ef9479e487c91,,,pm_5c11ce72d79a33d6a4c4,,ratio_target,70,%,70.0,percent,,,,,,0.554779,True,False,,step7b_iterB_rulefix,strict_all
ParameterMention:pm_5c9d783f5be542724f6b,ParameterMention,,10695560c26cc67b7a3e26b8dbcd7b856b0b17ef49c31ba529efd3caf059a1de,10695560c26cc67b7a3e26b8dbcd7b856b0b17ef49c31ba529efd3caf059a1de#clause_0004,,,,mechanism_3863ee7c2080260c6c5c,,,pm_5c9d783f5be542724f6b,,ratio_target,89,%,89.0,percent,,,,,,0.967705,True,True,,step7b_iterB_rulefix,strict_all
ParameterMention:pm_5ca52d115775f8d76807,ParameterMention,,1df67c120b894f41fc1540eadf6f7318a0e4032ff1bae8a444612d07944ef7b9,1df67c120b894f41fc1540eadf6f7318a0e4032ff1bae8a444612d07944ef7b9#clause_0002,,,,mechanism_4730286bfc9794b06458,,,pm_5ca52d115775f8d76807,,ratio_target,10,%,10.0,percent,,,,,,0.981657,True,True,,step7b_iterB_rulefix,strict_all
ParameterMention:pm_5cd9a32208f80a16b2e3,ParameterMention,,1fa29c73a41d6d62bb74e065c64724a1eb5075621c22e96288682d2c4c141f5d,1fa29c73a41d6d62bb74e065c64724a1eb5075621c22e96288682d2c4c141f5d#clause_0005,,,,mechanism_5aa074cc53ad7db0a70d,,,pm_5cd9a32208f80a16b2e3,,price_value,0.30,元,0.3,yuan,,,,,,0.85321,True,True,,step7b_iterB_rulefix,strict_all
ParameterMention:pm_5d2eeea9773037be853c,ParameterMention,,9634a7cefdb8a7018741e8ef683bb7b815f1dbc1d60d42350574f3dd240e55b7,9634a7cefdb8a7018741e8ef683bb7b815f1dbc1d60d42350574f3dd240e55b7#clause_0004,,,,mechanism_d9025541b61d9e22213c,,,pm_5d2eeea9773037be853c,,ratio_target,90,%,90.0,percent,,,,,,0.554779,True,False,,step7b_iterB_rulefix,strict_all
ParameterMention:pm_5d4c3d73edaa02fb546a,ParameterMention,,18aede9bc4a893e4dc4dcc46a9c6800761d8d391b46ad5d676d183b8aebaa183,18aede9bc4a893e4dc4dcc46a9c6800761d8d391b46ad5d676d183b8aebaa183#clause_0001,,,,mechanism_4ca40a6f0b47a2d215f1,,,pm_5d4c3d73edaa02fb546a,,price_value,0.05,元,0.05,yuan,,,,,,0.978959,True,True,,step7b_iterB_rulefix,strict_all
ParameterMention:pm_5d829d8a600293186a91,ParameterMention,,8e6fda04dc4cc2a5dabc23280052ecf857f10f0630620fa83d268a2bad0818f2,8e6fda04dc4cc2a5dabc23280052ecf857f10f0630620fa83d268a2bad0818f2#clause_0000,,,,mechanism_cd5b1108305889b62123,,,pm_5d829d8a600293186a91,,time_window,19:00-24:00,时段,19:00-24:00,time_window,,,,,,0.999983,True,True,,step7b_iterB_rulefix,strict_all
ParameterMention:pm_5e2ee04e41a3ae2df676,ParameterMention,,632c503920a67e010e21ba8cc1bfddfd101d9f4a5981b038ab8e365c65c57b08,632c503920a67e010e21ba8cc1bfddfd101d9f4a5981b038ab8e365c65c57b08#clause_0003,,,,mechanism_c3b92f0ffb0c9ed9f355,,,pm_5e2ee04e41a3ae2df676,,price_value,1.62,元/千瓦时,1.62,yuan_per_kwh,,,,,,0.654753,True,True,,step7b_iterB_rulefix,strict_all
ParameterMention:pm_5e8941b581baa0fca4a6,ParameterMention,,6f9e11a2d7c04d1e2e70825dcb404052e1219052d6c99430f5f25ebd988c1a72,6f9e11a2d7c04d1e2e70825dcb404052e1219052d6c99430f5f25ebd988c1a72#clause_0003,,,,mechanism_919b634dc0232a0152d9,,,pm_5e8941b581baa0fca4a6,,subsidy_amount,0.30,元,0.3,yuan,,,,,,0.85321,True,True,,step7b_iterB_rulefix,strict_all
ParameterMention:pm_5ed448410c0f9deca401,ParameterMention,,9b573a30294f2b87e5bc8a1733dc8154869687fb42b7fbcbc23dc1cf3c74f11b,9b573a30294f2b87e5bc8a1733dc8154869687fb42b7fbcbc23dc1cf3c74f11b#clause_0009,,,,mechanism_95c29e91fad56894c175,,,pm_5ed448410c0f9deca401,,subsidy_amount,300,元,300.0,yuan,,,,,,0.989646,True,True,,step7b_iterB_rulefix,strict_all
ParameterMention:pm_5f06a53044ad910e126d,ParameterMention,,9842b76e12450c90ad9c0680b04217082b8a8fafe2cef53d19367fc9dd8179c2,9842b76e12450c90ad9c0680b04217082b8a8fafe2cef53d19367fc9dd8179c2#clause_0004,,,,mechanism_96075df1132f7a533e6d,,,pm_5f06a53044ad910e126d,,consumption_threshold_kwh,2600,千瓦时,2600.0,kwh,,,,,,0.872138,True,True,,step7b_iterB_rulefix,strict_all
ParameterMention:pm_5f3a368f5ea4b87405ce,ParameterMention,,34de2093bea75d704c113e23bf49b9018637efa1841e90bf224a6566684fd8df,34de2093bea75d704c113e23bf49b9018637efa1841e90bf224a6566684fd8df#clause_0003,,,,mechanism_df1a779e951b836299b8,,,pm_5f3a368f5ea4b87405ce,,ratio_target,40,％,40.0,percent,,,,,,0.59,True,False,,step7b_iterB_rulefix,strict_all
ParameterMention:pm_5f4b7ce54aedb1c4b7c4,ParameterMention,,6970500b879273b0b83bb7a489716ace3a254448e313c9392b1c8d699aa8443a,6970500b879273b0b83bb7a489716ace3a254448e313c9392b1c8d699aa8443a#clause_0023,,,,mechanism_98e1c943632688dae268,,,pm_5f4b7ce54aedb1c4b7c4,,ratio_target,20,%,20.0,percent,,,,,,0.798991,True,True,,step7b_iterB_rulefix,strict_all
ParameterMention:pm_5f78de6af1e5d07cf9ba,ParameterMention,,41eed2fc03a95dc30af898124e00962d37f00dd998abb5da87c6e10e209db169,41eed2fc03a95dc30af898124e00962d37f00dd998abb5da87c6e10e209db169#clause_0007,,,,mechanism_df633361c679542389ec,,,pm_5f78de6af1e5d07cf9ba,,price_value,0.1,元/度,0.1,yuan_per_kwh,,,,,,0.73885,True,True,,step7b_iterB_rulefix,strict_all
ParameterMention:pm_5f877a16c67dee45fc79,ParameterMention,,9b573a30294f2b87e5bc8a1733dc8154869687fb42b7fbcbc23dc1cf3c74f11b,9b573a30294f2b87e5bc8a1733dc8154869687fb42b7fbcbc23dc1cf3c74f11b#clause_0006,,,,mechanism_4c684d72e7cc3d7a4b16,,,pm_5f877a16c67dee45fc79,,subsidy_amount,1000,元,1000.0,yuan,,,,,,0.999574,True,True,,step7b_iterB_rulefix,strict_all
ParameterMention:pm_5fa7839f01fc64f9efbc,ParameterMention,,41eed2fc03a95dc30af898124e00962d37f00dd998abb5da87c6e10e209db169,41eed2fc03a95dc30af898124e00962d37f00dd998abb5da87c6e10e209db169#clause_0021,,,,mechanism_f9002df998c3995bb93e,,,pm_5fa7839f01fc64f9efbc,,target_household_count,500,户,500.0,household,,,,,,0.645656,True,True,,step7b_iterB_rulefix,strict_all
ParameterMention:pm_601371999f9d847844f4,ParameterMention,,67bb80e9af349ffd1cfa1abcf8a9a811c986f1fc171c93e1f60ce3232981e99c,67bb80e9af349ffd1cfa1abcf8a9a811c986f1fc171c93e1f60ce3232981e99c#clause_0003,,,,mechanism_3738be385d147af6366b,,,pm_601371999f9d847844f4,,subsidy_amount,1,元,1.0,yuan,,,,,,0.999574,True,True,,step7b_iterB_rulefix,strict_all
ParameterMention:pm_60843e3c564077b57cab,ParameterMention,,a7f3f83cc719dbd58fa3cba1078d11a8511ace91597d326e11375e817e2d73f6,a7f3f83cc719dbd58fa3cba1078d11a8511ace91597d326e11375e817e2d73f6#clause_0004,,,,mechanism_ea4ac3bff3dee387e95f,,,pm_60843e3c564077b57cab,,consumption_threshold_kwh,3840,千瓦时,3840.0,kwh,,,,,,0.999338,True,True,,step7b_iterB_rulefix,strict_all
ParameterMention:pm_60a0aaf0b5e72e7dd14a,ParameterMention,,a7f3f83cc719dbd58fa3cba1078d11a8511ace91597d326e11375e817e2d73f6,a7f3f83cc719dbd58fa3cba1078d11a8511ace91597d326e11375e817e2d73f6#clause_0001,,,,mechanism_666a886762d91b038497,,,pm_60a0aaf0b5e72e7dd14a,,consumption_threshold_kwh,230,千瓦时,230.0,kwh,,,,,,0.9995,True,True,,step7b_iterB_rulefix,strict_all
ParameterMention:pm_610473c518738de9f5f6,ParameterMention,,62f668d2db29a9b35b4e6b01f6064c10ad77ad238436d5b7314a37cbf4824821,62f668d2db29a9b35b4e6b01f6064c10ad77ad238436d5b7314a37cbf4824821#clause_0000,,,,mechanism_1ddf539f0a358f83702e,,,pm_610473c518738de9f5f6,,subsidy_amount,600,元,600.0,yuan,,,,,,0.989646,True,True,,step7b_iterB_rulefix,strict_all
ParameterMention:pm_610dfa23b72c291f457a,ParameterMention,,55486d5eaf1202de357651355eea469df92d887e1b388dd7c1a3fcd9b75286cb,55486d5eaf1202de357651355eea469df92d887e1b388dd7c1a3fcd9b75286cb#clause_0002,,,,mechanism_ea7ba90561e21ead5c9c,,,pm_610dfa23b72c291f457a,,ratio_target,5,%,5.0,percent,,,,,,0.554779,True,False,,step7b_iterB_rulefix,strict_all
ParameterMention:pm_611bcdd2474c668ca970,ParameterMention,,7e1dff3ee78977bc7e5f87b686fc7b8ccf4f78bd15144d2fd3f7c60c48ec3209,7e1dff3ee78977bc7e5f87b686fc7b8ccf4f78bd15144d2fd3f7c60c48ec3209#clause_0002,,,,mechanism_e643f3633af0c69e0d6b,,,pm_611bcdd2474c668ca970,,time_window,18:00-23:00,时段,18:00-23:00,time_window,,,,,,0.984632,True,True,,step7b_iterB_rulefix,strict_all
ParameterMention:pm_613f06cb21a53091a958,ParameterMention,,ca0ecafa5d9b0881a307250ed1dfb3f239da064ec327235d5f6bf4b0afde27d8,ca0ecafa5d9b0881a307250ed1dfb3f239da064ec327235d5f6bf4b0afde27d8#clause_0001,,,,mechanism_c75d27f3a6422d368132,,,pm_613f06cb21a53091a958,,ratio_target,90,％,90.0,percent,,,,,,0.999999,True,True,,step7b_iterB_rulefix,strict_all
ParameterMention:pm_619fa56edd6f70a61b5e,ParameterMention,,4d9e424e89d20d90f83d0086d46ae685d20198da6a5b716333623c8288b3d66e,4d9e424e89d20d90f83d0086d46ae685d20198da6a5b716333623c8288b3d66e#clause_0001,,,,mechanism_1a83f55745f4e5b1ad0a,,,pm_619fa56edd6f70a61b5e,,time_window,8:00-11:30,时段,08:00-11:30,time_window,,,,,,0.999574,True,True,,step7b_iterB_rulefix,strict_all
ParameterMention:pm_61f48ef474d00d915cd4,ParameterMention,,d0cdb19b560ca93006d779834949849795e0396fb7413f30bdd55605d6469d7c,d0cdb19b560ca93006d779834949849795e0396fb7413f30bdd55605d6469d7c#clause_0000,,,,mechanism_62f3a7f7a29668e4c28d,,,pm_61f48ef474d00d915cd4,,price_delta_pct,70,%,70.0,percent,,,,,,0.985797,True,True,,step7b_iterB_rulefix,strict_all
ParameterMention:pm_621e3598cd93190dc47a,ParameterMention,,cfc5659b83ee4ad1d1f2661e5333bd1e0c3dd1876428b74b183b3a6d310c4184,cfc5659b83ee4ad1d1f2661e5333bd1e0c3dd1876428b74b183b3a6d310c4184#clause_0006,,,,mechanism_a38edc62c82f7fe20e14,,,pm_621e3598cd93190dc47a,,other,100W,80W,0.1,kw,,,,,,0.59,True,False,,step7b_iterB_rulefix,strict_all
ParameterMention:pm_62353648c0505de5f08e,ParameterMention,,bd6202baffd47fe0052d9accf098e87cdadac6623a4be7112867c5541bb55aeb,bd6202baffd47fe0052d9accf098e87cdadac6623a4be7112867c5541bb55aeb#clause_0002,,,,mechanism_e87338b84b723f69f95e,,,pm_62353648c0505de5f08e,,subsidy_amount,300,元,300.0,yuan,,,,,,0.999574,True,True,,step7b_iterB_rulefix,strict_all
ParameterMention:pm_628b5dc82bdeb9d3c55c,ParameterMention,,b226c20a65783d1f8db7b2363b213e14f1e34d6b8e5e8bdb96566bb70d6c687a,b226c20a65783d1f8db7b2363b213e14f1e34d6b8e5e8bdb96566bb70d6c687a#clause_0001,,,,mechanism_69a3ce124b3d572ea62a,,,pm_628b5dc82bdeb9d3c55c,,subsidy_amount,5,万元,5.0,ten_thousand_yuan,,,,,,0.999996,True,True,,step7b_iterB_rulefix,strict_all
ParameterMention:pm_62eae82132606befc2a8,ParameterMention,,ad67c3fdaa5a26925e5e3474443bab3a8b1737e94937ccbe115cabd74e2fc9a0,ad67c3fdaa5a26925e5e3474443bab3a8b1737e94937ccbe115cabd74e2fc9a0#clause_0002,,,,mechanism_5c8b96cfe84dff50c822,,,pm_62eae82132606befc2a8,,price_value,0.3,元/千瓦时,0.3,yuan_per_kwh,,,,,,0.654753,True,True,,step7b_iterB_rulefix,strict_all
ParameterMention:pm_6305e095a330d704a091,ParameterMention,,bd9a5debe3e285290408196ff9a61cc7d1acd325eab100746bcd7562b196b7dd,bd9a5debe3e285290408196ff9a61cc7d1acd325eab100746bcd7562b196b7dd#clause_0000,,,,mechanism_caf8f7147d22261c35ed,,,pm_6305e095a330d704a091,,subsidy_amount,600,元,600.0,yuan,,,,,,0.989646,True,True,,step7b_iterB_rulefix,strict_all
ParameterMention:pm_6306fe5e9be208b7148c,ParameterMention,,15d322df36604ef5082b3cbb152c1ae45bda6ad3f5d941b024f5371b4210c4d8,15d322df36604ef5082b3cbb152c1ae45bda6ad3f5d941b024f5371b4210c4d8#clause_0003,,,,mechanism_ad2ab27209ec454df058,,,pm_6306fe5e9be208b7148c,,time_window,23:00-24:00,时段,23:00-24:00,time_window,,,,,,0.984632,True,True,,step7b_iterB_rulefix,strict_all
ParameterMention:pm_6328a7a684e02381af22,ParameterMention,,37057c32932e956503eb1ad05c772ba2cd53e2bba30c2a5b23eb9c15e6a785de,37057c32932e956503eb1ad05c772ba2cd53e2bba30c2a5b23eb9c15e6a785de#clause_0002,,,,mechanism_5b691b31369b66412eee,,,pm_6328a7a684e02381af22,,consumption_threshold_kwh,181-280度,,280.0,kwh,,,,,,0.996731,True,True,,step7b_iterB_rulefix,strict_all
ParameterMention:pm_633f024919dbbaf73249,ParameterMention,,4da4ac46529aa8730837ae343298f520e2f42fa4f8b05ba335c343f0248c8e34,4da4ac46529aa8730837ae343298f520e2f42fa4f8b05ba335c343f0248c8e34#clause_0003,,,,mechanism_73b5d90b344a5c6ae1bb,,,pm_633f024919dbbaf73249,,ratio_target,40,%,40.0,percent,,,,,,0.968324,True,True,,step7b_iterB_rulefix,strict_all
ParameterMention:pm_63817b0b815baa8b77c4,ParameterMention,,6618b31ad2d2553801e75f1d42256338782cda332eb141a7fea6466fee1dccfd,6618b31ad2d2553801e75f1d42256338782cda332eb141a7fea6466fee1dccfd#clause_0001,,,,mechanism_a98178e4cbeb339f4e81,,,pm_63817b0b815baa8b77c4,,subsidy_amount,3,万元,3.0,ten_thousand_yuan,,,,,,0.997892,True,True,,step7b_iterB_rulefix,strict_all
ParameterMention:pm_641a08e44a965299916a,ParameterMention,,6970500b879273b0b83bb7a489716ace3a254448e313c9392b1c8d699aa8443a,6970500b879273b0b83bb7a489716ace3a254448e313c9392b1c8d699aa8443a#clause_0019,,,,mechanism_d799f1a0f9b26b3791d8,,,pm_641a08e44a965299916a,,subsidy_amount,500,万元,16.2,ten_thousand_yuan,,,,,,1.0,True,False,,step7b_iterB_rulefix,strict_all
ParameterMention:pm_64755c785fc8abadf46b,ParameterMention,,4dac8070bab7fdf62958e23b15689a48aa5f7c73b4b06deab4d30f0ce35cda18,4dac8070bab7fdf62958e23b15689a48aa5f7c73b4b06deab4d30f0ce35cda18#clause_0002,,,,mechanism_f99c17d81f3bbdd3a657,,,pm_64755c785fc8abadf46b,,time_window,16:00-18:00,时段,16:00-18:00,time_window,,,,,,0.996859,True,True,,step7b_iterB_rulefix,strict_all
ParameterMention:pm_648d01d1bbc8e4d8884e,ParameterMention,,ef37ae60155da7c864e6bbcd497682534bd9bff051369c9d8862797716ff8af2,ef37ae60155da7c864e6bbcd497682534bd9bff051369c9d8862797716ff8af2#clause_0000,,,,mechanism_2d8bd71ab3d7d228954e,,,pm_648d01d1bbc8e4d8884e,,price_delta_pct,50,%,50.0,percent,,,,,,0.990435,True,True,,step7b_iterB_rulefix,strict_all
ParameterMention:pm_649003ba7664a882b0d1,ParameterMention,,0de53d8f7a3a1c2de8a8ce98c12216d63084f7e235dd8ddcc02f07760d36a17a,0de53d8f7a3a1c2de8a8ce98c12216d63084f7e235dd8ddcc02f07760d36a17a#clause_0000,,,,mechanism_48141ab6a3842b21a876,,,pm_649003ba7664a882b0d1,,price_delta_pct,27,%,27.0,percent,,,,,,0.529964,True,False,,step7b_iterB_rulefix,strict_all
ParameterMention:pm_64c185c11f09db088049,ParameterMention,,13677b49d0d053be96bfcd32cd36eeba7c68f125c6f32cc220322ba98c178bf4,13677b49d0d053be96bfcd32cd36eeba7c68f125c6f32cc220322ba98c178bf4#clause_0006,,,,mechanism_d25db26dbaf495e43d1a,,,pm_64c185c11f09db088049,,ratio_target,90,%,90.0,percent,,,,,,0.59,True,False,,step7b_iterB_rulefix,strict_all
ParameterMention:pm_64c2053bb2518dac06c1,ParameterMention,,52fe3e07f845a1ce9cd3ca20036163fb421d5d61b4d23c2bf34016220be9cca4,52fe3e07f845a1ce9cd3ca20036163fb421d5d61b4d23c2bf34016220be9cca4#clause_0003,,,,mechanism_a491ab87f96acc4a8353,,,pm_64c2053bb2518dac06c1,,time_window,22:00,,22:00,time_window,,,,,,0.977246,True,True,,step7b_iterB_rulefix,strict_all
ParameterMention:pm_64ebedf677792762e3a2,ParameterMention,,509a0ad904c063d5cf05fca6cbf14e771fafd94288045c9c2d767dc19ec43ab5,509a0ad904c063d5cf05fca6cbf14e771fafd94288045c9c2d767dc19ec43ab5#clause_0002,,,,mechanism_8bbcb084e0469abd7dcc,,,pm_64ebedf677792762e3a2,,duration_threshold_hour,14,小时,14.0,hour,,,,,,0.549834,True,False,,step7b_iterB_rulefix,strict_all
ParameterMention:pm_6521c9492f1d5e182a76,ParameterMention,,eb659fbcd99dcc85f2745f39faae903578c8a5403a504ed63c81c4ca3987afc3,eb659fbcd99dcc85f2745f39faae903578c8a5403a504ed63c81c4ca3987afc3#clause_0007,,,,mechanism_56782c5df536d9979c8f,,,pm_6521c9492f1d5e182a76,,ratio_target,2,%,2.0,percent,,,,,,0.554779,True,False,,step7b_iterB_rulefix,strict_all
ParameterMention:pm_652da535e5d96daf7c78,ParameterMention,,8293b970f4e2ac1c39653b3e5937d089fbcd1b69315da4d962c2e805f3a1ca2e,8293b970f4e2ac1c39653b3e5937d089fbcd1b69315da4d962c2e805f3a1ca2e#clause_0001,,,,mechanism_ca38d77e2947735020de,,,pm_652da535e5d96daf7c78,,consumption_threshold_kwh,180,千瓦时,180.0,kwh,,,,,,0.987872,True,True,,step7b_iterB_rulefix,strict_all
ParameterMention:pm_653743e7656f0ef7ddbf,ParameterMention,,d6295fc6d120b2f270803869f63327efa8f7e3ea98515eb80da25abd977ff9f6,d6295fc6d120b2f270803869f63327efa8f7e3ea98515eb80da25abd977ff9f6#clause_0001,,,,mechanism_a53598dba9031fc495f4,,,pm_653743e7656f0ef7ddbf,,ratio_target,18,%,18.0,percent,,,,,,0.860566,True,True,,step7b_iterB_rulefix,strict_all
ParameterMention:pm_6543f4b98933a2c518b6,ParameterMention,,8293b970f4e2ac1c39653b3e5937d089fbcd1b69315da4d962c2e805f3a1ca2e,8293b970f4e2ac1c39653b3e5937d089fbcd1b69315da4d962c2e805f3a1ca2e#clause_0002,,,,mechanism_0a3cd702a42baf678189,,,pm_6543f4b98933a2c518b6,,price_value,0.05,元/千瓦时,0.05,yuan_per_kwh,,,,,,0.654753,True,True,,step7b_iterB_rulefix,strict_all
ParameterMention:pm_6544be4596d56198d426,ParameterMention,,f9e04639c4debca4ed9f462f2bcd047446a5ac515e9037c7aa504a0cb62c9f85,f9e04639c4debca4ed9f462f2bcd047446a5ac515e9037c7aa504a0cb62c9f85#clause_0003,,,,mechanism_e14bfc0f4d70069224c5,,,pm_6544be4596d56198d426,,ratio_target,30,%,30.0,percent,,,,,,0.968324,True,True,,step7b_iterB_rulefix,strict_all
ParameterMention:pm_655941ad6ce22ea74eba,ParameterMention,,3e01f17b897c9feee5fc314db8aefdb21db1935f389688d626165886eda313fe,3e01f17b897c9feee5fc314db8aefdb21db1935f389688d626165886eda313fe#clause_0001,,,,mechanism_5dc5f8f9218877508ff8,,,pm_655941ad6ce22ea74eba,,ratio_target,30,%,30.0,percent,,,,,,0.998668,True,True,,step7b_iterB_rulefix,strict_all
ParameterMention:pm_657924a315a72555efbd,ParameterMention,,ffc68a35eb1e5ce2437cbe847fb6902e01371194247d63f6245170f1a6d8442f,ffc68a35eb1e5ce2437cbe847fb6902e01371194247d63f6245170f1a6d8442f#clause_0002,,,,mechanism_0ee3a1f5f6c07aa150ec,,,pm_657924a315a72555efbd,,consumption_threshold_kwh,3000,千瓦时,3000.0,kwh,,,,,,0.987872,True,True,,step7b_iterB_rulefix,strict_all
ParameterMention:pm_66a0834decbb9591ff17,ParameterMention,,de663a93ae7bdc24d54bbc18256efeab5ba380f03f236f51c5eb3890d640d222,de663a93ae7bdc24d54bbc18256efeab5ba380f03f236f51c5eb3890d640d222#clause_0003,,,,mechanism_29c0cb3adc538b7fc416,,,pm_66a0834decbb9591ff17,,price_delta_pct,23,%,23.0,percent,,,,,,0.654753,True,True,,step7b_iterB_rulefix,strict_all
ParameterMention:pm_66d20026ad5a08a5dade,ParameterMention,,4da4ac46529aa8730837ae343298f520e2f42fa4f8b05ba335c343f0248c8e34,4da4ac46529aa8730837ae343298f520e2f42fa4f8b05ba335c343f0248c8e34#clause_0004,,,,mechanism_f1ab68b13af91f00233c,,,pm_66d20026ad5a08a5dade,,subsidy_amount,0.6,万元,0.6,ten_thousand_yuan,,,,,,0.997892,True,True,,step7b_iterB_rulefix,strict_all
ParameterMention:pm_66fff3dd2a78826696e4,ParameterMention,,e96954454202c06919fb26233a2f5743477ff62fe26d6f194b805da4176b5fcb,e96954454202c06919fb26233a2f5743477ff62fe26d6f194b805da4176b5fcb#clause_0005,,,,mechanism_e3c2629c946e70cd1fe8,,,pm_66fff3dd2a78826696e4,,consumption_threshold_kwh,10,度,10.0,kwh,,,,,,0.832018,True,True,,step7b_iterB_rulefix,strict_all
ParameterMention:pm_67697b005844d583e063,ParameterMention,,9977a1b4a371e69cc97e07c3dc35c2f6e10314b35aaf7e35995468d3930cbcea,9977a1b4a371e69cc97e07c3dc35c2f6e10314b35aaf7e35995468d3930cbcea#clause_0001,,,,mechanism_10d1fb2af74cbd1485e9,,,pm_67697b005844d583e063,,time_window,15:00-20:00,时段,15:00-20:00,time_window,,,,,,0.984632,True,True,,step7b_iterB_rulefix,strict_all
ParameterMention:pm_6798336b9087db65b176,ParameterMention,,e5086c754f7ebfd84a885046912ad75054fcb20a8134c99886138a57a5d80ab7,e5086c754f7ebfd84a885046912ad75054fcb20a8134c99886138a57a5d80ab7#clause_0000,,,,mechanism_b2ee6299e27197cf6ab7,,,pm_6798336b9087db65b176,,subsidy_amount,3,万元,3.0,ten_thousand_yuan,,,,,,0.981293,True,True,,step7b_iterB_rulefix,strict_all
ParameterMention:pm_67e2a66db0e3ef84a2cb,ParameterMention,,68cf8b47055553fd101877102c4de7301c148b4dfe2101a20a960809ffb02d3e,68cf8b47055553fd101877102c4de7301c148b4dfe2101a20a960809ffb02d3e#clause_0006,,,,mechanism_ca966b63de74e3beac10,,,pm_67e2a66db0e3ef84a2cb,,other,100W,80W,0.1,kw,,,,,,0.59,True,False,,step7b_iterB_rulefix,strict_all
ParameterMention:pm_67e5177a28dd72a137df,ParameterMention,,1fa29c73a41d6d62bb74e065c64724a1eb5075621c22e96288682d2c4c141f5d,1fa29c73a41d6d62bb74e065c64724a1eb5075621c22e96288682d2c4c141f5d#clause_0006,,,,mechanism_4bfc76b716c5cc7c14cd,,,pm_67e5177a28dd72a137df,,price_value,0.50,元,0.5,yuan,,,,,,0.91834,True,True,,step7b_iterB_rulefix,strict_all
ParameterMention:pm_68019af07dbc71103dc9,ParameterMention,,53fc822864624a590cef5b5fa21ff00698716adde9cef0962459c0216e2b8855,53fc822864624a590cef5b5fa21ff00698716adde9cef0962459c0216e2b8855#clause_0020,,,,mechanism_df529820b4a7e9f7c7e5,,,pm_68019af07dbc71103dc9,,price_delta_pct,10,%,10.0,percent,,,,,,0.964429,True,True,,step7b_iterB_rulefix,strict_all
ParameterMention:pm_68477f28f1443a7e2263,ParameterMention,,869f1167336d179cdaad4a6fe47e4b0f5ad79fa8075d3bd91d28203f0c8b3282,869f1167336d179cdaad4a6fe47e4b0f5ad79fa8075d3bd91d28203f0c8b3282#clause_0001,,,,mechanism_526b19ea34664bafff5a,,,pm_68477f28f1443a7e2263,,price_delta_pct,1.5,%,1.5,percent,,,,,,0.608259,True,True,,step7b_iterB_rulefix,strict_all
ParameterMention:pm_687ca29b62eee4729a0c,ParameterMention,,856652d4d7364977a05a7a183b892b5d146cb65bbc1a45dd030bcf53c76f25b3,856652d4d7364977a05a7a183b892b5d146cb65bbc1a45dd030bcf53c76f25b3#clause_0002,,,,mechanism_627353baf3e8e9923cb5,,,pm_687ca29b62eee4729a0c,,price_value,0.05,元,0.05,yuan_per_kwh,,,,,,0.978959,True,False,,step7b_iterB_rulefix,strict_all
ParameterMention:pm_68af1cbb598ab260dd5d,ParameterMention,,eb659fbcd99dcc85f2745f39faae903578c8a5403a504ed63c81c4ca3987afc3,eb659fbcd99dcc85f2745f39faae903578c8a5403a504ed63c81c4ca3987afc3#clause_0004,,,,mechanism_61c5d5f818ec61a82936,,,pm_68af1cbb598ab260dd5d,,ratio_target,100,％,100.0,percent,,,,,,0.59,True,False,,step7b_iterB_rulefix,strict_all
ParameterMention:pm_68b0876e81ddc14d6cfa,ParameterMention,,a7f3f83cc719dbd58fa3cba1078d11a8511ace91597d326e11375e817e2d73f6,a7f3f83cc719dbd58fa3cba1078d11a8511ace91597d326e11375e817e2d73f6#clause_0002,,,,mechanism_417bb2efd3fbbd4731d6,,,pm_68b0876e81ddc14d6cfa,,consumption_threshold_kwh,370,千瓦时,370.0,kwh,,,,,,0.996731,True,True,,step7b_iterB_rulefix,strict_all
ParameterMention:pm_68e59f24452a15c7d021,ParameterMention,,6ca5d9d44b93a3440cc8f24b4feda441563e6841021017b2c5db628a6976c9f5,6ca5d9d44b93a3440cc8f24b4feda441563e6841021017b2c5db628a6976c9f5#clause_0001,,,,mechanism_489162a22a8ea0f95891,,,pm_68e59f24452a15c7d021,,price_value,0.1,元/度,0.1,yuan_per_kwh,,,,,,0.999714,True,True,,step7b_iterB_rulefix,strict_all
ParameterMention:pm_695fba3afb75f1fe9f9c,ParameterMention,,dd9a9eb2e30794eb0e1e14b97aa3b8c9f5e1a04a0f9314704d4ad57223432c5c,dd9a9eb2e30794eb0e1e14b97aa3b8c9f5e1a04a0f9314704d4ad57223432c5c#clause_0001,,,,mechanism_b9bf2fac910190bd47de,,,pm_695fba3afb75f1fe9f9c,,time_window,9:00,,09:00,time_window,,,,,,0.996859,True,True,,step7b_iterB_rulefix,strict_all
ParameterMention:pm_69bb3f386c3271dedc41,ParameterMention,,3991fbb237169347871b06ab54a5fa6484949f06838d537bedebcccd7d1380b8,3991fbb237169347871b06ab54a5fa6484949f06838d537bedebcccd7d1380b8#clause_0004,,,,mechanism_3eceaef244256b92c4c3,,,pm_69bb3f386c3271dedc41,,ratio_target,50,%,50.0,percent,,,,,,0.5,True,False,,step7b_iterB_rulefix,strict_all
ParameterMention:pm_6a5446a8dbdc6104eff5,ParameterMention,,5640870dc60f351a9c21fe312b04405a5734c115cb295d24a606808ab81e6d0f,5640870dc60f351a9c21fe312b04405a5734c115cb295d24a606808ab81e6d0f#clause_0000,,,,mechanism_9addfec2b278768cf032,,,pm_6a5446a8dbdc6104eff5,,ratio_target,80,%,80.0,percent,,,,,,0.960834,True,True,,step7b_iterB_rulefix,strict_all
ParameterMention:pm_6aa0cd40bbe9c6836245,ParameterMention,,ebba22b0a7b7a9a06ccf6dfbe862a330eb615359451c4ccb8bff79fd2d9bd1ad,ebba22b0a7b7a9a06ccf6dfbe862a330eb615359451c4ccb8bff79fd2d9bd1ad#clause_0005,,,,mechanism_b0d9d409cc67046a7ccb,,,pm_6aa0cd40bbe9c6836245,,ratio_target,90,%,90.0,percent,,,,,,0.554779,True,False,,step7b_iterB_rulefix,strict_all
ParameterMention:pm_6ab349904bf51abce058,ParameterMention,,75110d78adc122e8ba1872f733ac9249dc4c04b15561a0470a6fe757f54a20ab,75110d78adc122e8ba1872f733ac9249dc4c04b15561a0470a6fe757f54a20ab#clause_0003,,,,mechanism_d68328c7cd19852cd467,,,pm_6ab349904bf51abce058,,consumption_threshold_kwh,15,千瓦时,15.0,kwh,,,,,,0.90025,True,True,,step7b_iterB_rulefix,strict_all
ParameterMention:pm_6b17b8446a1bebc356a1,ParameterMention,,0463f8ab2dc0e54e2fd506618b80ede13670db6650cb659109835a35687dc141,0463f8ab2dc0e54e2fd506618b80ede13670db6650cb659109835a35687dc141#clause_0005,,,,mechanism_4343388f94c5e94bf27b,,,pm_6b17b8446a1bebc356a1,,consumption_threshold_kwh,6000,元/千瓦时,6000.0,kwh,,,,,,0.858149,True,True,,step7b_iterB_rulefix,strict_all
ParameterMention:pm_6b6519a18ca97b4cd32e,ParameterMention,,856652d4d7364977a05a7a183b892b5d146cb65bbc1a45dd030bcf53c76f25b3,856652d4d7364977a05a7a183b892b5d146cb65bbc1a45dd030bcf53c76f25b3#clause_0003,,,,mechanism_77b2a032cc3daed5f524,,,pm_6b6519a18ca97b4cd32e,,price_value,0.3,元,0.3,yuan_per_kwh,,,,,,0.978959,True,False,,step7b_iterB_rulefix,strict_all
ParameterMention:pm_6b68d39385bc6cf04e27,ParameterMention,,693f3a55fe86330e400962dd0b43476d41023ad39e89f0254b4f9e2651efaca2,693f3a55fe86330e400962dd0b43476d41023ad39e89f0254b4f9e2651efaca2#clause_0004,,,,mechanism_669af885c80e4897eed8,,,pm_6b68d39385bc6cf04e27,,price_value,0.175,元/度,0.175,yuan_per_kwh,,,,,,0.989646,True,True,,step7b_iterB_rulefix,strict_all
ParameterMention:pm_6bb5a748bc2310d9a45c,ParameterMention,,6ca5d9d44b93a3440cc8f24b4feda441563e6841021017b2c5db628a6976c9f5,6ca5d9d44b93a3440cc8f24b4feda441563e6841021017b2c5db628a6976c9f5#clause_0022,,,,mechanism_c07ec90abc95b5e3d032,,,pm_6bb5a748bc2310d9a45c,,subsidy_amount,16.2,万元,16.2,ten_thousand_yuan,,,,,,0.999983,True,True,,step7b_iterB_rulefix,strict_all
ParameterMention:pm_6beb5654c67f6694120f,ParameterMention,,b5738e1db12f50b7e6a3416bacdba11f06c5373d2cb3d80d31a90bdf09b3ddb1,b5738e1db12f50b7e6a3416bacdba11f06c5373d2cb3d80d31a90bdf09b3ddb1#clause_0002,,,,mechanism_414e8637b531cc41fff0,,,pm_6beb5654c67f6694120f,,time_window,16:00-18:00,时段,16:00-18:00,time_window,,,,,,0.984632,True,True,,step7b_iterB_rulefix,strict_all
ParameterMention:pm_6c540e9a4bdae5858337,ParameterMention,,6970500b879273b0b83bb7a489716ace3a254448e313c9392b1c8d699aa8443a,6970500b879273b0b83bb7a489716ace3a254448e313c9392b1c8d699aa8443a#clause_0001,,,,mechanism_e4a3b4f3094e03f765f3,,,pm_6c540e9a4bdae5858337,,price_value,0.3,元/度,0.3,yuan_per_kwh,,,,,,0.999714,True,True,,step7b_iterB_rulefix,strict_all
ParameterMention:pm_6cbc26662313cd67ec99,ParameterMention,,ad67c3fdaa5a26925e5e3474443bab3a8b1737e94937ccbe115cabd74e2fc9a0,ad67c3fdaa5a26925e5e3474443bab3a8b1737e94937ccbe115cabd74e2fc9a0#clause_0002,,,,mechanism_5c8b96cfe84dff50c822,,,pm_6cbc26662313cd67ec99,,consumption_threshold_kwh,400,千瓦时,400.0,kwh,,,,,,0.948826,True,True,,step7b_iterB_rulefix,strict_all
ParameterMention:pm_6cd0cc8bfba64aee0a31,ParameterMention,,52fe3e07f845a1ce9cd3ca20036163fb421d5d61b4d23c2bf34016220be9cca4,52fe3e07f845a1ce9cd3ca20036163fb421d5d61b4d23c2bf34016220be9cca4#clause_0003,,,,mechanism_a491ab87f96acc4a8353,,,pm_6cd0cc8bfba64aee0a31,,time_window,7:00,,07:00,time_window,,,,,,0.977246,True,True,,step7b_iterB_rulefix,strict_all
ParameterMention:pm_6d0f984b4afd830dde49,ParameterMention,,8a38fc0ed229ca59f4e8c0338588ed972cd97c0a52ee067064d2d696dd9021bd,8a38fc0ed229ca59f4e8c0338588ed972cd97c0a52ee067064d2d696dd9021bd#clause_0001,,,,mechanism_24c912014584636d4669,,,pm_6d0f984b4afd830dde49,,subsidy_amount,4,万元,4.0,ten_thousand_yuan,,,,,,0.999996,True,True,,step7b_iterB_rulefix,strict_all
ParameterMention:pm_6d392aa6c70e39329970,ParameterMention,,99dce90179e84c5da237d3a228a84ba994f4c04a9a167533654c0cfcdc8d9686,99dce90179e84c5da237d3a228a84ba994f4c04a9a167533654c0cfcdc8d9686#clause_0000,,,,mechanism_d86c1d404e03ecb952b6,,,pm_6d392aa6c70e39329970,,subsidy_amount,6500,元,6500.0,yuan,,,,,,0.950734,True,True,,step7b_iterB_rulefix,strict_all
ParameterMention:pm_6e06fcbc5e981c9953df,ParameterMention,,438c0392b9db32d7f7e7063819ff233da3aefc768abccbae0d8cebcf58748a29,438c0392b9db32d7f7e7063819ff233da3aefc768abccbae0d8cebcf58748a29#clause_0006,,,,mechanism_b0556e06c5481a0385b9,,,pm_6e06fcbc5e981c9953df,,duration_threshold_month,不少于两,,2.0,month,,,,,,0.706822,True,False,,step7b_iterB_rulefix,strict_all
ParameterMention:pm_6e818523e973e66cdb2f,ParameterMention,,6ca5d9d44b93a3440cc8f24b4feda441563e6841021017b2c5db628a6976c9f5,6ca5d9d44b93a3440cc8f24b4feda441563e6841021017b2c5db628a6976c9f5#clause_0015,,,,mechanism_87896788a3d395f0889e,,,pm_6e818523e973e66cdb2f,,ratio_target,100,%,100.0,percent,,,,,,0.960834,True,True,,step7b_iterB_rulefix,strict_all
ParameterMention:pm_6ebb294c57c04c6d6588,ParameterMention,,9634a7cefdb8a7018741e8ef683bb7b815f1dbc1d60d42350574f3dd240e55b7,9634a7cefdb8a7018741e8ef683bb7b815f1dbc1d60d42350574f3dd240e55b7#clause_0003,,,,mechanism_e95d252128b6e5a7313a,,,pm_6ebb294c57c04c6d6588,,ratio_target,15,%,15.0,percent,,,,,,0.554779,True,False,,step7b_iterB_rulefix,strict_all
ParameterMention:pm_6f1c4b1472e9722bad7f,ParameterMention,,fa8247ce8a15e7fa9b0253eda7960d3595374d0fe35b3c360fc07635c4aac219,fa8247ce8a15e7fa9b0253eda7960d3595374d0fe35b3c360fc07635c4aac219#clause_0001,,,,mechanism_a049321b100a3d9c5a2a,,,pm_6f1c4b1472e9722bad7f,,time_window,00:00-02:00,时段,00:00-02:00,time_window,,,,,,0.999983,True,True,,step7b_iterB_rulefix,strict_all
ParameterMention:pm_6f30315cd124a97db28c,ParameterMention,,7b751605b49132dd141591500721a0a0aeef9413b412efd887a6985a4ada323a,7b751605b49132dd141591500721a0a0aeef9413b412efd887a6985a4ada323a#clause_0004,,,,mechanism_36201293468ab41c9dbd,,,pm_6f30315cd124a97db28c,,ratio_target,100,％,100.0,percent,,,,,,0.97288,True,True,,step7b_iterB_rulefix,strict_all
ParameterMention:pm_6f3fa4f34b829fbb7066,ParameterMention,,10695560c26cc67b7a3e26b8dbcd7b856b0b17ef49c31ba529efd3caf059a1de,10695560c26cc67b7a3e26b8dbcd7b856b0b17ef49c31ba529efd3caf059a1de#clause_0009,,,,mechanism_b7fc4ccaf8fed1a3174e,,,pm_6f3fa4f34b829fbb7066,,subsidy_amount,1,万元,1.0,ten_thousand_yuan,,,,,,0.997892,True,True,,step7b_iterB_rulefix,strict_all
ParameterMention:pm_6f6e27f180a22604bea9,ParameterMention,,3c1392fd897f1d095efaa1ae2a1eaa5c0c3df313cd5a9a185aacffe05575b886,3c1392fd897f1d095efaa1ae2a1eaa5c0c3df313cd5a9a185aacffe05575b886#clause_0014,,,,mechanism_bf07281c9ceb36f85e71,,,pm_6f6e27f180a22604bea9,,ratio_target,80,%,80.0,percent,,,,,,0.993307,True,True,,step7b_iterB_rulefix,strict_all
ParameterMention:pm_6ff034beef4398333f6a,ParameterMention,,94c590b102ade026538aeffdd33a1708509a35674bb3f467aed33c570fc34908,94c590b102ade026538aeffdd33a1708509a35674bb3f467aed33c570fc34908#clause_0003,,,,mechanism_62a9be96bfbef996e7de,,,pm_6ff034beef4398333f6a,,ratio_target,40,%,40.0,percent,,,,,,0.968324,True,True,,step7b_iterB_rulefix,strict_all
ParameterMention:pm_701b235bbf2cb2d0a621,ParameterMention,,53fc822864624a590cef5b5fa21ff00698716adde9cef0962459c0216e2b8855,53fc822864624a590cef5b5fa21ff00698716adde9cef0962459c0216e2b8855#clause_0020,,,,mechanism_df529820b4a7e9f7c7e5,,,pm_701b235bbf2cb2d0a621,,ratio_target,80,%,80.0,percent,,,,,,0.968324,True,True,,step7b_iterB_rulefix,strict_all
ParameterMention:pm_706470b5c9d74705e356,ParameterMention,,b226c20a65783d1f8db7b2363b213e14f1e34d6b8e5e8bdb96566bb70d6c687a,b226c20a65783d1f8db7b2363b213e14f1e34d6b8e5e8bdb96566bb70d6c687a#clause_0003,,,,mechanism_60b867cdcb71d161c5ee,,,pm_706470b5c9d74705e356,,subsidy_amount,5,万元,5.0,ten_thousand_yuan,,,,,,0.999996,True,True,,step7b_iterB_rulefix,strict_all
ParameterMention:pm_7094e41166b4b4fd1fcb,ParameterMention,,cc7addf8ff4efe3409afac8915cc6b8df3283617d08af2da6658e58933736301,cc7addf8ff4efe3409afac8915cc6b8df3283617d08af2da6658e58933736301#clause_0002,,,,mechanism_ededa4befac33f7f4985,,,pm_7094e41166b4b4fd1fcb,,time_window,6:00-8:00,时段,06:00-08:00,time_window,,,,,,0.989646,True,True,,step7b_iterB_rulefix,strict_all
ParameterMention:pm_7096aeeef5fea11f0a0d,ParameterMention,,6ca5d9d44b93a3440cc8f24b4feda441563e6841021017b2c5db628a6976c9f5,6ca5d9d44b93a3440cc8f24b4feda441563e6841021017b2c5db628a6976c9f5#clause_0026,,,,mechanism_2d9810495e624b66c6b3,,,pm_7096aeeef5fea11f0a0d,,subsidy_amount,2000,元,2000.0,yuan,,,,,,0.999574,True,True,,step7b_iterB_rulefix,strict_all
ParameterMention:pm_70ebf2d287a6acb28f73,ParameterMention,,ee74d273b781a2f2d3b7cdfadfe4c9a63e6e423f10874fba1e3c84a0a1f35295,ee74d273b781a2f2d3b7cdfadfe4c9a63e6e423f10874fba1e3c84a0a1f35295#clause_0002,,,,mechanism_8974be01f89b4cebf4cb,,,pm_70ebf2d287a6acb28f73,,price_value,0.588,元/千瓦时,0.588,yuan_per_kwh,,,,,,0.823465,True,True,,step7b_iterB_rulefix,strict_all
ParameterMention:pm_710f44182545f9864873,ParameterMention,,18aede9bc4a893e4dc4dcc46a9c6800761d8d391b46ad5d676d183b8aebaa183,18aede9bc4a893e4dc4dcc46a9c6800761d8d391b46ad5d676d183b8aebaa183#clause_0002,,,,mechanism_c93d7bc48ad9f36ebc97,,,pm_710f44182545f9864873,,price_value,0.02,元,0.02,yuan,,,,,,0.903784,True,True,,step7b_iterB_rulefix,strict_all
ParameterMention:pm_713875465adb13ff4b9a,ParameterMention,,eb659fbcd99dcc85f2745f39faae903578c8a5403a504ed63c81c4ca3987afc3,eb659fbcd99dcc85f2745f39faae903578c8a5403a504ed63c81c4ca3987afc3#clause_0002,,,,mechanism_bf90929b3d527d6da52e,,,pm_713875465adb13ff4b9a,,ratio_target,65,%,65.0,percent,,,,,,0.554779,True,False,,step7b_iterB_rulefix,strict_all
ParameterMention:pm_715e58fe90b41888dc79,ParameterMention,,a49f7415cfe87b2c990d945f2320013ad4be0c26bbe7e6ecee3d7c9c163e2aba,a49f7415cfe87b2c990d945f2320013ad4be0c26bbe7e6ecee3d7c9c163e2aba#clause_0000,,,,mechanism_ed5f7b6eb07c48c8fe6e,,,pm_715e58fe90b41888dc79,,ratio_target,80,%,80.0,percent,,,,,,0.960834,True,True,,step7b_iterB_rulefix,strict_all
ParameterMention:pm_71860fd44c8c5a2c7f13,ParameterMention,,9977a1b4a371e69cc97e07c3dc35c2f6e10314b35aaf7e35995468d3930cbcea,9977a1b4a371e69cc97e07c3dc35c2f6e10314b35aaf7e35995468d3930cbcea#clause_0002,,,,mechanism_5fb2bdf0417bc8a55981,,,pm_71860fd44c8c5a2c7f13,,price_delta_pct,63,%,63.0,percent,,,,,,0.723122,True,True,,step7b_iterB_rulefix,strict_all
ParameterMention:pm_71aabed4b7b6f927d3b0,ParameterMention,,3e01f17b897c9feee5fc314db8aefdb21db1935f389688d626165886eda313fe,3e01f17b897c9feee5fc314db8aefdb21db1935f389688d626165886eda313fe#clause_0001,,,,mechanism_5dc5f8f9218877508ff8,,,pm_71aabed4b7b6f927d3b0,,ratio_target,10,%,10.0,percent,,,,,,0.998668,True,True,,step7b_iterB_rulefix,strict_all
ParameterMention:pm_71fb15bc772c29b78643,ParameterMention,,643e29ea09bd03d627a82c72ebc4402207e81fb7b9a7b30dd3af1b538f662166,643e29ea09bd03d627a82c72ebc4402207e81fb7b9a7b30dd3af1b538f662166#clause_0003,,,,mechanism_cc41c75ed5e94e77386a,,,pm_71fb15bc772c29b78643,,ratio_target,30,%,30.0,percent,,,,,,0.999582,True,True,,step7b_iterB_rulefix,strict_all
ParameterMention:pm_723543a91dfd271b865a,ParameterMention,,1df67c120b894f41fc1540eadf6f7318a0e4032ff1bae8a444612d07944ef7b9,1df67c120b894f41fc1540eadf6f7318a0e4032ff1bae8a444612d07944ef7b9#clause_0002,,,,mechanism_4730286bfc9794b06458,,,pm_723543a91dfd271b865a,,ratio_target,80,%,80.0,percent,,,,,,0.981657,True,True,,step7b_iterB_rulefix,strict_all
ParameterMention:pm_72410d7b4cb804777da4,ParameterMention,,15d322df36604ef5082b3cbb152c1ae45bda6ad3f5d941b024f5371b4210c4d8,15d322df36604ef5082b3cbb152c1ae45bda6ad3f5d941b024f5371b4210c4d8#clause_0001,,,,mechanism_e17accc3e828aad00c7c,,,pm_72410d7b4cb804777da4,,time_window,17:00-23:00,时段,17:00-23:00,time_window,,,,,,0.997892,True,True,,step7b_iterB_rulefix,strict_all
ParameterMention:pm_726d66b3a7ab38fac997,ParameterMention,,00a12958eaee9a105dcc89c19bd002fa5ac8761a4154324faee32237e8364fec,00a12958eaee9a105dcc89c19bd002fa5ac8761a4154324faee32237e8364fec#clause_0002,,,,mechanism_f46b3be7be9c6a035808,,,pm_726d66b3a7ab38fac997,,ratio_target,70,%,70.0,percent,,,,,,0.554779,True,False,,step7b_iterB_rulefix,strict_all
ParameterMention:pm_72b61afcd5a5df28b12c,ParameterMention,,ca0ecafa5d9b0881a307250ed1dfb3f239da064ec327235d5f6bf4b0afde27d8,ca0ecafa5d9b0881a307250ed1dfb3f239da064ec327235d5f6bf4b0afde27d8#clause_0001,,,,mechanism_c75d27f3a6422d368132,,,pm_72b61afcd5a5df28b12c,,ratio_target,40,％,40.0,percent,,,,,,0.999999,True,True,,step7b_iterB_rulefix,strict_all
ParameterMention:pm_72fecc9bbe9d6f38ceaf,ParameterMention,,40589565082dc74e8463d8e9c6ea201603035cfd7520a8ee3df916591204894b,40589565082dc74e8463d8e9c6ea201603035cfd7520a8ee3df916591204894b#clause_0002,,,,mechanism_2a4b7281c08ceb4695da,,,pm_72fecc9bbe9d6f38ceaf,,price_delta_pct,1.5,%,1.5,percent,,,,,,0.608259,True,True,,step7b_iterB_rulefix,strict_all
ParameterMention:pm_73c6457c7f74ae22e097,ParameterMention,,41eed2fc03a95dc30af898124e00962d37f00dd998abb5da87c6e10e209db169,41eed2fc03a95dc30af898124e00962d37f00dd998abb5da87c6e10e209db169#clause_0019,,,,mechanism_06d738e2a5a3340b96b2,,,pm_73c6457c7f74ae22e097,,subsidy_amount,500,万元,16.2,ten_thousand_yuan,,,,,,1.0,True,False,,step7b_iterB_rulefix,strict_all
ParameterMention:pm_73cce9a20c18c39f40b8,ParameterMention,,e96954454202c06919fb26233a2f5743477ff62fe26d6f194b805da4176b5fcb,e96954454202c06919fb26233a2f5743477ff62fe26d6f194b805da4176b5fcb#clause_0002,,,,mechanism_677db8e26cf5023dfb77,,,pm_73cce9a20c18c39f40b8,,consumption_threshold_kwh,170,度,170.0,kwh,,,,,,0.880797,True,True,,step7b_iterB_rulefix,strict_all
ParameterMention:pm_73e16cd90a95e9b050a0,ParameterMention,,37057c32932e956503eb1ad05c772ba2cd53e2bba30c2a5b23eb9c15e6a785de,37057c32932e956503eb1ad05c772ba2cd53e2bba30c2a5b23eb9c15e6a785de#clause_0001,,,,mechanism_b86c72cbd4913c9cba0d,,,pm_73e16cd90a95e9b050a0,,price_value,0.47,度,0.47,yuan,,,,,,0.978959,True,False,,step7b_iterB_rulefix,strict_all
ParameterMention:pm_743674950524db74775a,ParameterMention,,55486d5eaf1202de357651355eea469df92d887e1b388dd7c1a3fcd9b75286cb,55486d5eaf1202de357651355eea469df92d887e1b388dd7c1a3fcd9b75286cb#clause_0002,,,,mechanism_ea7ba90561e21ead5c9c,,,pm_743674950524db74775a,,ratio_target,70,%,70.0,percent,,,,,,0.554779,True,False,,step7b_iterB_rulefix,strict_all
ParameterMention:pm_74452bea2de8af7e7ec8,ParameterMention,,635192af8baf11262c4e886f015d6f452a5241a0a6d153db4c730e4108cbf7f3,635192af8baf11262c4e886f015d6f452a5241a0a6d153db4c730e4108cbf7f3#clause_0026,,,,mechanism_f45c0cfe26ded225dfe6,,,pm_74452bea2de8af7e7ec8,,price_delta_pct,1.9,%,1.9,percent,,,,,,0.608259,True,True,,step7b_iterB_rulefix,strict_all
ParameterMention:pm_7452b0989e15ff88fb1d,ParameterMention,,ad8d0971d97051367bf7e78a6885dd89b83772d35f94aaff8c56c77398caa167,ad8d0971d97051367bf7e78a6885dd89b83772d35f94aaff8c56c77398caa167#clause_0007,,,,mechanism_a972c1fd713729d8cea3,,,pm_7452b0989e15ff88fb1d,,subsidy_amount,600,元,600.0,yuan,,,,,,0.999142,True,True,,step7b_iterB_rulefix,strict_all
ParameterMention:pm_74d8612817ff6af60172,ParameterMention,,c2ce66de36909532e26911cf9b98d757038c277f798c2df1d78f1637f74e4b2a,c2ce66de36909532e26911cf9b98d757038c277f798c2df1d78f1637f74e4b2a#clause_0001,,,,mechanism_c7ee0ec5085a084d0415,,,pm_74d8612817ff6af60172,,subsidy_amount,600,元,600.0,yuan,,,,,,0.997892,True,True,,step7b_iterB_rulefix,strict_all
ParameterMention:pm_753f62440826add49bf9,ParameterMention,,5cfa5c6db5cfbf0e99ded013a268ba977818e355f9159ace8db3f1eded786078,5cfa5c6db5cfbf0e99ded013a268ba977818e355f9159ace8db3f1eded786078#clause_0011,,,,mechanism_65d40a6d7110b6de7568,,,pm_753f62440826add49bf9,,ratio_target,50,%,50.0,percent,,,,,,0.991837,True,True,,step7b_iterB_rulefix,strict_all
ParameterMention:pm_756b1d1855484c304acf,ParameterMention,,3c1392fd897f1d095efaa1ae2a1eaa5c0c3df313cd5a9a185aacffe05575b886,3c1392fd897f1d095efaa1ae2a1eaa5c0c3df313cd5a9a185aacffe05575b886#clause_0007,,,,mechanism_4466de24df7ad64ce075,,,pm_756b1d1855484c304acf,,price_value,0.3,元/度,0.3,yuan_per_kwh,,,,,,0.73885,True,True,,step7b_iterB_rulefix,strict_all
ParameterMention:pm_75766ce91490f2ba0b68,ParameterMention,,3fd79998d4631ca6e3407dfaacd9b7e9186fa2e143618d0740ab46f0a9063745,3fd79998d4631ca6e3407dfaacd9b7e9186fa2e143618d0740ab46f0a9063745#clause_0026,,,,mechanism_f81b2afdd0684b8e3a9a,,,pm_75766ce91490f2ba0b68,,price_delta_pct,1.9,%,1.9,percent,,,,,,0.608259,True,True,,step7b_iterB_rulefix,strict_all
ParameterMention:pm_75838f4fd13a8b0a575d,ParameterMention,,2f9184a72b1488e94b2de32d7d9489e5d523b09268cd7142f059723054a93828,2f9184a72b1488e94b2de32d7d9489e5d523b09268cd7142f059723054a93828#clause_0002,,,,mechanism_0faf7c7645e4ee4e6fc7,,,pm_75838f4fd13a8b0a575d,,time_window,14:00-19:00,时段,14:00-19:00,time_window,,,,,,0.999574,True,True,,step7b_iterB_rulefix,strict_all
ParameterMention:pm_75de5d3fc9a7f4488ddf,ParameterMention,,3e01f17b897c9feee5fc314db8aefdb21db1935f389688d626165886eda313fe,3e01f17b897c9feee5fc314db8aefdb21db1935f389688d626165886eda313fe#clause_0001,,,,mechanism_5dc5f8f9218877508ff8,,,pm_75de5d3fc9a7f4488ddf,,ratio_target,40,%,40.0,percent,,,,,,0.998668,True,True,,step7b_iterB_rulefix,strict_all
ParameterMention:pm_76147306959d0f265184,ParameterMention,,609908d9bcfc33e3897206e5078e6cd00772ed380b661406f29cddfcd122f57d,609908d9bcfc33e3897206e5078e6cd00772ed380b661406f29cddfcd122f57d#clause_0002,,,,mechanism_48d0ebc301a70f7d8ff7,,,pm_76147306959d0f265184,,time_window,15:00-18:00,时段,15:00-18:00,time_window,,,,,,0.996859,True,True,,step7b_iterB_rulefix,strict_all
ParameterMention:pm_7624ee5cbd0cb5d3a44d,ParameterMention,,7e1dff3ee78977bc7e5f87b686fc7b8ccf4f78bd15144d2fd3f7c60c48ec3209,7e1dff3ee78977bc7e5f87b686fc7b8ccf4f78bd15144d2fd3f7c60c48ec3209#clause_0003,,,,mechanism_a184d0f15f98e3b3a1e9,,,pm_7624ee5cbd0cb5d3a44d,,time_window,10:00-16:00,时段,10:00-16:00,time_window,,,,,,0.996859,True,True,,step7b_iterB_rulefix,strict_all
ParameterMention:pm_76414aae2f48e6892aa9,ParameterMention,,917e89c9d28f08e37543fdcddbf99ba7c272516ee6b3ca3536d685ecfe8c86f0,917e89c9d28f08e37543fdcddbf99ba7c272516ee6b3ca3536d685ecfe8c86f0#clause_0004,,,,mechanism_e80375938d49cfbb1755,,,pm_76414aae2f48e6892aa9,,subsidy_amount,0.6,万元,0.6,ten_thousand_yuan,,,,,,0.997892,True,True,,step7b_iterB_rulefix,strict_all
ParameterMention:pm_7663e41c819e03b9b892,ParameterMention,,e96954454202c06919fb26233a2f5743477ff62fe26d6f194b805da4176b5fcb,e96954454202c06919fb26233a2f5743477ff62fe26d6f194b805da4176b5fcb#clause_0004,,,,mechanism_0b6160ada7101831cf49,,,pm_7663e41c819e03b9b892,,price_value,0.30,元,0.3,yuan,,,,,,0.539915,True,False,,step7b_iterB_rulefix,strict_all
ParameterMention:pm_766a487f06d7d4753efa,ParameterMention,,438c0392b9db32d7f7e7063819ff233da3aefc768abccbae0d8cebcf58748a29,438c0392b9db32d7f7e7063819ff233da3aefc768abccbae0d8cebcf58748a29#clause_0002,,,,mechanism_31e4048a8768776a0bfb,,,pm_766a487f06d7d4753efa,,subsidy_amount,240,元,240.0,yuan,,,,,,0.997892,True,True,,step7b_iterB_rulefix,strict_all
ParameterMention:pm_76c5e56dd937dd0d3255,ParameterMention,,f855ce5878be9d1e5976fcdb738fa1f41755c19766cf04453045b0e0c69af4ab,f855ce5878be9d1e5976fcdb738fa1f41755c19766cf04453045b0e0c69af4ab#clause_0000,,,,mechanism_1ac6330cb5780c1bdcca,,,pm_76c5e56dd937dd0d3255,,ratio_target,15,%,15.0,percent,,,,,,0.554779,True,False,,step7b_iterB_rulefix,strict_all
ParameterMention:pm_76f868256786efc3d4bd,ParameterMention,,ad67c3fdaa5a26925e5e3474443bab3a8b1737e94937ccbe115cabd74e2fc9a0,ad67c3fdaa5a26925e5e3474443bab3a8b1737e94937ccbe115cabd74e2fc9a0#clause_0004,,,,mechanism_2b5d887fdfbf32b89de7,,,pm_76f868256786efc3d4bd,,consumption_threshold_kwh,15,千瓦时,15.0,kwh,,,,,,0.5,True,False,,step7b_iterB_rulefix,strict_all
ParameterMention:pm_77445ccfd831f8d475b6,ParameterMention,,ead750f28a3326778e25ebd3928e8e4ad3b65d0bfdec89dc61d743d7585fbf58,ead750f28a3326778e25ebd3928e8e4ad3b65d0bfdec89dc61d743d7585fbf58#clause_0002,,,,mechanism_6c3977c1687f0f3b09cd,,,pm_77445ccfd831f8d475b6,,price_delta_pct,50,%,50.0,percent,,,,,,0.761333,True,True,,step7b_iterB_rulefix,strict_all
ParameterMention:pm_778cc4c19fa3dbd91dc2,ParameterMention,,fa8247ce8a15e7fa9b0253eda7960d3595374d0fe35b3c360fc07635c4aac219,fa8247ce8a15e7fa9b0253eda7960d3595374d0fe35b3c360fc07635c4aac219#clause_0001,,,,mechanism_a049321b100a3d9c5a2a,,,pm_778cc4c19fa3dbd91dc2,,time_window,16:00-24:00,时段,16:00-24:00,time_window,,,,,,0.999983,True,True,,step7b_iterB_rulefix,strict_all
ParameterMention:pm_77df5e1559fb62592671,ParameterMention,,b226c20a65783d1f8db7b2363b213e14f1e34d6b8e5e8bdb96566bb70d6c687a,b226c20a65783d1f8db7b2363b213e14f1e34d6b8e5e8bdb96566bb70d6c687a#clause_0003,,,,mechanism_60b867cdcb71d161c5ee,,,pm_77df5e1559fb62592671,,subsidy_amount,10,万元,10.0,ten_thousand_yuan,,,,,,0.999996,True,True,,step7b_iterB_rulefix,strict_all
ParameterMention:pm_786eec1bcd2059b186fa,ParameterMention,,f6b0d052adf6d0a230e2a61659b671708d4098acae657910b3de04d53301f75a,f6b0d052adf6d0a230e2a61659b671708d4098acae657910b3de04d53301f75a#clause_0001,,,,mechanism_acd789bab267861d55c4,,,pm_786eec1bcd2059b186fa,,price_delta_pct,1.5,%,1.5,percent,,,,,,0.608259,True,True,,step7b_iterB_rulefix,strict_all
ParameterMention:pm_789a93796c6121c57dd8,ParameterMention,,2ece22a4f07f639ee9f6b14d9a999b5ec8ce9a982e248ec2c4350d49c32a2ec3,2ece22a4f07f639ee9f6b14d9a999b5ec8ce9a982e248ec2c4350d49c32a2ec3#clause_0003,,,,mechanism_e35b61e68cf433b568dc,,,pm_789a93796c6121c57dd8,,consumption_threshold_kwh,261,千瓦时,261.0,kwh,,,,,,0.985226,True,True,,step7b_iterB_rulefix,strict_all
ParameterMention:pm_78c0b1ce986ce197f542,ParameterMention,,5640870dc60f351a9c21fe312b04405a5734c115cb295d24a606808ab81e6d0f,5640870dc60f351a9c21fe312b04405a5734c115cb295d24a606808ab81e6d0f#clause_0000,,,,mechanism_9addfec2b278768cf032,,,pm_78c0b1ce986ce197f542,,ratio_target,60,%,60.0,percent,,,,,,0.960834,True,True,,step7b_iterB_rulefix,strict_all
ParameterMention:pm_78df7e9b29171faa6260,ParameterMention,,194967a19fd4314cba42620eb15e046479532e091b0d5d6272bac1743b6debfe,194967a19fd4314cba42620eb15e046479532e091b0d5d6272bac1743b6debfe#clause_0002,,,,mechanism_d19ef0717a35180dac16,,,pm_78df7e9b29171faa6260,,ratio_target,80,%,80.0,percent,,,,,,0.981657,True,True,,step7b_iterB_rulefix,strict_all
ParameterMention:pm_78e8dc817e50a738625b,ParameterMention,,8e6fda04dc4cc2a5dabc23280052ecf857f10f0630620fa83d268a2bad0818f2,8e6fda04dc4cc2a5dabc23280052ecf857f10f0630620fa83d268a2bad0818f2#clause_0003,,,,mechanism_c4ffda471e1df4d27fc6,,,pm_78e8dc817e50a738625b,,time_window,21:00-23:00,%,21:00-23:00,time_window,,,,,,0.993036,True,True,,step7b_iterB_rulefix,strict_all
ParameterMention:pm_78f1efb016f190128a83,ParameterMention,,8cb1f5c7e00d4df09dab22618fbcfa02b68ae905acba728be35b24aade110dc9,8cb1f5c7e00d4df09dab22618fbcfa02b68ae905acba728be35b24aade110dc9#clause_0001,,,,mechanism_5c61a802f479f7cbcaa7,,,pm_78f1efb016f190128a83,,subsidy_amount,3,万元,3.0,ten_thousand_yuan,,,,,,0.981293,True,True,,step7b_iterB_rulefix,strict_all
ParameterMention:pm_7911719a73eb4a9d020f,ParameterMention,,264f74e1e9077c0e94590da482db92ebc125f4c14559852d89ad14b209d7e41f,264f74e1e9077c0e94590da482db92ebc125f4c14559852d89ad14b209d7e41f#clause_0006,,,,mechanism_cfcc42417bf83b98be55,,,pm_7911719a73eb4a9d020f,,other,100W,80W,0.1,kw,,,,,,0.59,True,False,,step7b_iterB_rulefix,strict_all
ParameterMention:pm_79814f69b4c54cd8ec9c,ParameterMention,,643e29ea09bd03d627a82c72ebc4402207e81fb7b9a7b30dd3af1b538f662166,643e29ea09bd03d627a82c72ebc4402207e81fb7b9a7b30dd3af1b538f662166#clause_0001,,,,mechanism_4b3bc71f6836d3aab7c5,,,pm_79814f69b4c54cd8ec9c,,ratio_target,90,%,90.0,percent,,,,,,0.981657,True,True,,step7b_iterB_rulefix,strict_all
ParameterMention:pm_79bc94d66a7b72695ad4,ParameterMention,,2f9184a72b1488e94b2de32d7d9489e5d523b09268cd7142f059723054a93828,2f9184a72b1488e94b2de32d7d9489e5d523b09268cd7142f059723054a93828#clause_0002,,,,mechanism_0faf7c7645e4ee4e6fc7,,,pm_79bc94d66a7b72695ad4,,time_window,0:00-8:00,时段,00:00-08:00,time_window,,,,,,0.999574,True,True,,step7b_iterB_rulefix,strict_all
ParameterMention:pm_79c4f08366ce4ffc3290,ParameterMention,,41eed2fc03a95dc30af898124e00962d37f00dd998abb5da87c6e10e209db169,41eed2fc03a95dc30af898124e00962d37f00dd998abb5da87c6e10e209db169#clause_0001,,,,mechanism_be2c0c53f945425c2a8b,,,pm_79c4f08366ce4ffc3290,,price_value,0.1,元/度,0.1,yuan_per_kwh,,,,,,0.999714,True,True,,step7b_iterB_rulefix,strict_all
ParameterMention:pm_79cb791581b0272c48bf,ParameterMention,,eb659fbcd99dcc85f2745f39faae903578c8a5403a504ed63c81c4ca3987afc3,eb659fbcd99dcc85f2745f39faae903578c8a5403a504ed63c81c4ca3987afc3#clause_0009,,,,mechanism_b36986c2aab1e129f222,,,pm_79cb791581b0272c48bf,,ratio_target,10,%,10.0,percent,,,,,,0.554779,True,False,,step7b_iterB_rulefix,strict_all
ParameterMention:pm_79e4bfedcb5633c7ba79,ParameterMention,,b5738e1db12f50b7e6a3416bacdba11f06c5373d2cb3d80d31a90bdf09b3ddb1,b5738e1db12f50b7e6a3416bacdba11f06c5373d2cb3d80d31a90bdf09b3ddb1#clause_0002,,,,mechanism_414e8637b531cc41fff0,,,pm_79e4bfedcb5633c7ba79,,time_window,16:00-20:00,时段,16:00-20:00,time_window,,,,,,0.984632,True,True,,step7b_iterB_rulefix,strict_all
ParameterMention:pm_7a0c62a141101463367b,ParameterMention,,e15bd62111869ef28d319c4782660d56e7d6f9284bf4198ae86a54d79d2940fe,e15bd62111869ef28d319c4782660d56e7d6f9284bf4198ae86a54d79d2940fe#clause_0001,,,,mechanism_fcc16d42aa6946a12da4,,,pm_7a0c62a141101463367b,,price_delta_pct,1.5,%,1.5,percent,,,,,,0.608259,True,True,,step7b_iterB_rulefix,strict_all
ParameterMention:pm_7a3579e72a9239f907ba,ParameterMention,,c2ce66de36909532e26911cf9b98d757038c277f798c2df1d78f1637f74e4b2a,c2ce66de36909532e26911cf9b98d757038c277f798c2df1d78f1637f74e4b2a#clause_0000,,,,mechanism_856caf14aad6f749f9d9,,,pm_7a3579e72a9239f907ba,,target_household_count,825212,户,825212.0,household,,,,,,0.999089,True,True,,step7b_iterB_rulefix,strict_all
ParameterMention:pm_7a6ceb5c1e6bd7cfd3c7,ParameterMention,,9c3afee7cca39cb92c7272cf554cc02fdb162ec89bc92c98f6324cf2bb423c92,9c3afee7cca39cb92c7272cf554cc02fdb162ec89bc92c98f6324cf2bb423c92#clause_0000,,,,mechanism_a55ec53bb287181a9072,,,pm_7a6ceb5c1e6bd7cfd3c7,,consumption_threshold_kwh,100,千瓦时,100.0,kwh,,,,,,0.999899,True,True,,step7b_iterB_rulefix,strict_all
ParameterMention:pm_7aa010a381c65b74b36a,ParameterMention,,635192af8baf11262c4e886f015d6f452a5241a0a6d153db4c730e4108cbf7f3,635192af8baf11262c4e886f015d6f452a5241a0a6d153db4c730e4108cbf7f3#clause_0000,,,,mechanism_f9bff85da9411c4c4f0e,,,pm_7aa010a381c65b74b36a,,price_delta_pct,27,%,27.0,percent,,,,,,0.529964,True,False,,step7b_iterB_rulefix,strict_all
ParameterMention:pm_7ac50c33979989e07637,ParameterMention,,b226c20a65783d1f8db7b2363b213e14f1e34d6b8e5e8bdb96566bb70d6c687a,b226c20a65783d1f8db7b2363b213e14f1e34d6b8e5e8bdb96566bb70d6c687a#clause_0001,,,,mechanism_69a3ce124b3d572ea62a,,,pm_7ac50c33979989e07637,,subsidy_amount,4,万元,4.0,ten_thousand_yuan,,,,,,0.999996,True,True,,step7b_iterB_rulefix,strict_all
ParameterMention:pm_7ace53407fb6ea69e64d,ParameterMention,,6ca5d9d44b93a3440cc8f24b4feda441563e6841021017b2c5db628a6976c9f5,6ca5d9d44b93a3440cc8f24b4feda441563e6841021017b2c5db628a6976c9f5#clause_0022,,,,mechanism_c07ec90abc95b5e3d032,,,pm_7ace53407fb6ea69e64d,,subsidy_amount,1.2,万元,16.2,ten_thousand_yuan,,,,,,0.999983,True,True,,step7b_iterB_rulefix,strict_all
ParameterMention:pm_7ad6ad7dbccac758e3f9,ParameterMention,,0ae95f60cf40ef3dbcc874d7e32a0ed5a3d91c7d587ec5cae592c8064a14b8f8,0ae95f60cf40ef3dbcc874d7e32a0ed5a3d91c7d587ec5cae592c8064a14b8f8#clause_0002,,,,mechanism_f2ef0b71c6c31334e07e,,,pm_7ad6ad7dbccac758e3f9,,ratio_target,20,%,20.0,percent,,,,,,0.960834,True,True,,step7b_iterB_rulefix,strict_all
ParameterMention:pm_7ae030e534db9d770081,ParameterMention,,0ae95f60cf40ef3dbcc874d7e32a0ed5a3d91c7d587ec5cae592c8064a14b8f8,0ae95f60cf40ef3dbcc874d7e32a0ed5a3d91c7d587ec5cae592c8064a14b8f8#clause_0010,,,,mechanism_84c6874c3cdb0cbd1427,,,pm_7ae030e534db9d770081,,subsidy_amount,30,万元,30.0,ten_thousand_yuan,,,,,,0.989646,True,True,,step7b_iterB_rulefix,strict_all
ParameterMention:pm_7b66702c05ac55804fa9,ParameterMention,,3c1392fd897f1d095efaa1ae2a1eaa5c0c3df313cd5a9a185aacffe05575b886,3c1392fd897f1d095efaa1ae2a1eaa5c0c3df313cd5a9a185aacffe05575b886#clause_0012,,,,mechanism_b2f264ae7bed8d36d571,,,pm_7b66702c05ac55804fa9,,area_subsidy_amount,100,元,0.0,yuan_per_sqm,,,,,,0.997892,True,True,,step7b_iterB_rulefix,strict_all
ParameterMention:pm_7ba9811c0167830dcc31,ParameterMention,,55486d5eaf1202de357651355eea469df92d887e1b388dd7c1a3fcd9b75286cb,55486d5eaf1202de357651355eea469df92d887e1b388dd7c1a3fcd9b75286cb#clause_0005,,,,mechanism_17df4e793d177383fecb,,,pm_7ba9811c0167830dcc31,,ratio_target,90,%,90.0,percent,,,,,,0.554779,True,False,,step7b_iterB_rulefix,strict_all
ParameterMention:pm_7c472f2a943383d75822,ParameterMention,,15d322df36604ef5082b3cbb152c1ae45bda6ad3f5d941b024f5371b4210c4d8,15d322df36604ef5082b3cbb152c1ae45bda6ad3f5d941b024f5371b4210c4d8#clause_0004,,,,mechanism_c8ac1d2abe974aac7d66,,,pm_7c472f2a943383d75822,,price_delta_pct,60,%,60.0,percent,,,,,,0.999976,True,True,,step7b_iterB_rulefix,strict_all
ParameterMention:pm_7c47a6dc497232f78244,ParameterMention,,ffc68a35eb1e5ce2437cbe847fb6902e01371194247d63f6245170f1a6d8442f,ffc68a35eb1e5ce2437cbe847fb6902e01371194247d63f6245170f1a6d8442f#clause_0004,,,,mechanism_57627ff52bae9bf848bb,,,pm_7c47a6dc497232f78244,,price_value,0.4556,元/千瓦时,0.4556,yuan_per_kwh,,,,,,0.991337,True,True,,step7b_iterB_rulefix,strict_all
ParameterMention:pm_7cc1a34b85a0e6a00532,ParameterMention,,a63aaa1b99aae78cd58b5beb8c271e538c4b10b43ff4aff7312d6e081dd79eed,a63aaa1b99aae78cd58b5beb8c271e538c4b10b43ff4aff7312d6e081dd79eed#clause_0018,,,,mechanism_4f2ff40ccae1fbaf8e90,,,pm_7cc1a34b85a0e6a00532,,subsidy_amount,1.2,万元,16.2,ten_thousand_yuan,,,,,,0.999983,True,True,,step7b_iterB_rulefix,strict_all
ParameterMention:pm_7cc68b14e913d57337d2,ParameterMention,,4da4ac46529aa8730837ae343298f520e2f42fa4f8b05ba335c343f0248c8e34,4da4ac46529aa8730837ae343298f520e2f42fa4f8b05ba335c343f0248c8e34#clause_0001,,,,mechanism_3273cb610210c7426377,,,pm_7cc68b14e913d57337d2,,ratio_target,30,%,30.0,percent,,,,,,0.998668,True,True,,step7b_iterB_rulefix,strict_all
ParameterMention:pm_7d9410a84cffb5ed6891,ParameterMention,,9b9dc731d84971b347984a61cebe82dfa99c5011c92f8e92ff5e8eae8821ced0,9b9dc731d84971b347984a61cebe82dfa99c5011c92f8e92ff5e8eae8821ced0#clause_0001,,,,mechanism_59fcd193c976e62c9295,,,pm_7d9410a84cffb5ed6891,,time_window,9:00-11:00,时段,09:00-11:00,time_window,,,,,,0.999574,True,True,,step7b_iterB_rulefix,strict_all
ParameterMention:pm_7e0ae008c7ec20a1a5c2,ParameterMention,,9634a7cefdb8a7018741e8ef683bb7b815f1dbc1d60d42350574f3dd240e55b7,9634a7cefdb8a7018741e8ef683bb7b815f1dbc1d60d42350574f3dd240e55b7#clause_0004,,,,mechanism_d9025541b61d9e22213c,,,pm_7e0ae008c7ec20a1a5c2,,ratio_target,90,%,90.0,percent,,,,,,0.554779,True,False,,step7b_iterB_rulefix,strict_all
ParameterMention:pm_7e493d37256e0e29ade0,ParameterMention,,3d3cf040b71cde86681c104e521b64cb56d24b9f7da79e8807e5f779c1922d1e,3d3cf040b71cde86681c104e521b64cb56d24b9f7da79e8807e5f779c1922d1e#clause_0004,,,,mechanism_51379b24bc88f73a9e6b,,,pm_7e493d37256e0e29ade0,,ratio_target,40,%,40.0,percent,,,,,,0.882881,True,True,,step7b_iterB_rulefix,strict_all
ParameterMention:pm_7e6b892441248282b675,ParameterMention,,8a38fc0ed229ca59f4e8c0338588ed972cd97c0a52ee067064d2d696dd9021bd,8a38fc0ed229ca59f4e8c0338588ed972cd97c0a52ee067064d2d696dd9021bd#clause_0003,,,,mechanism_56976c6f7e36a55359b2,,,pm_7e6b892441248282b675,,subsidy_amount,5,万元,5.0,ten_thousand_yuan,,,,,,0.999996,True,True,,step7b_iterB_rulefix,strict_all
ParameterMention:pm_7ee8aa22a6a610bb6a5a,ParameterMention,,0ef7089f429ca4377a5b92c9f7a419ffcb4a3102d8d0ac5666c9f1bfef4ba625,0ef7089f429ca4377a5b92c9f7a419ffcb4a3102d8d0ac5666c9f1bfef4ba625#clause_0002,,,,mechanism_42c66c13b657f20c42c2,,,pm_7ee8aa22a6a610bb6a5a,,ratio_target,20,%,20.0,percent,,,,,,0.59,True,False,,step7b_iterB_rulefix,strict_all
ParameterMention:pm_7ef0ba7053b731bc4dc9,ParameterMention,,00a12958eaee9a105dcc89c19bd002fa5ac8761a4154324faee32237e8364fec,00a12958eaee9a105dcc89c19bd002fa5ac8761a4154324faee32237e8364fec#clause_0000,,,,mechanism_04962c40a9d41dc13aea,,,pm_7ef0ba7053b731bc4dc9,,ratio_target,18,%,18.0,percent,,,,,,0.860566,True,True,,step7b_iterB_rulefix,strict_all
ParameterMention:pm_7f25f2a5f25742053c8a,ParameterMention,,8e6fda04dc4cc2a5dabc23280052ecf857f10f0630620fa83d268a2bad0818f2,8e6fda04dc4cc2a5dabc23280052ecf857f10f0630620fa83d268a2bad0818f2#clause_0003,,,,mechanism_c4ffda471e1df4d27fc6,,,pm_7f25f2a5f25742053c8a,,time_window,19:00-21:00,%,19:00-21:00,time_window,,,,,,0.993036,True,True,,step7b_iterB_rulefix,strict_all
ParameterMention:pm_7f64a885ee95a37815ef,ParameterMention,,6cb18e49eef7e01ce34c704b30e6ccb4c6e2697977a292460da68fe51b13ae6d,6cb18e49eef7e01ce34c704b30e6ccb4c6e2697977a292460da68fe51b13ae6d#clause_0002,,,,mechanism_90f783cf19d9b620b06c,,,pm_7f64a885ee95a37815ef,,subsidy_amount,1,元,1.0,yuan,,,,,,0.999574,True,True,,step7b_iterB_rulefix,strict_all
ParameterMention:pm_7f6ddb6347309200f2ba,ParameterMention,,6618b31ad2d2553801e75f1d42256338782cda332eb141a7fea6466fee1dccfd,6618b31ad2d2553801e75f1d42256338782cda332eb141a7fea6466fee1dccfd#clause_0005,,,,mechanism_944d31161067dfccd077,,,pm_7f6ddb6347309200f2ba,,ratio_target,150,%,150.0,percent,,,,,,0.993307,True,True,,step7b_iterB_rulefix,strict_all
ParameterMention:pm_7fb3d4411ceb94898930,ParameterMention,,dd9a9eb2e30794eb0e1e14b97aa3b8c9f5e1a04a0f9314704d4ad57223432c5c,dd9a9eb2e30794eb0e1e14b97aa3b8c9f5e1a04a0f9314704d4ad57223432c5c#clause_0001,,,,mechanism_b9bf2fac910190bd47de,,,pm_7fb3d4411ceb94898930,,time_window,7:00,,07:00,time_window,,,,,,0.996859,True,True,,step7b_iterB_rulefix,strict_all
ParameterMention:pm_7fc874481fa1625c35d4,ParameterMention,,56a73d05dcfd76555b7fe12d90d1696b709acf1556a8913f3314c3c6c644cfb5,56a73d05dcfd76555b7fe12d90d1696b709acf1556a8913f3314c3c6c644cfb5#clause_0000,,,,mechanism_8a8e82230685d2eb0a39,,,pm_7fc874481fa1625c35d4,,ratio_target,15,%,15.0,percent,,,,,,0.554779,True,False,,step7b_iterB_rulefix,strict_all
ParameterMention:pm_800d884123e959a7206d,ParameterMention,,85f4b58cc76ff64db857d8c4b587b2d911ae13a29f7c836d636ef07c2efd6e24,85f4b58cc76ff64db857d8c4b587b2d911ae13a29f7c836d636ef07c2efd6e24#clause_0004,,,,mechanism_469cfe899b8af6492497,,,pm_800d884123e959a7206d,,ratio_target,60,%,60.0,percent,,,,,,0.5,True,False,,step7b_iterB_rulefix,strict_all
ParameterMention:pm_8014f1bd9fbb705b0542,ParameterMention,,f6f8d5f9847c1fe31624cb64353d12b61bebca40113c37e445b63a2d226db18d,f6f8d5f9847c1fe31624cb64353d12b61bebca40113c37e445b63a2d226db18d#clause_0003,,,,mechanism_7c2ce378ef88c9b6fb01,,,pm_8014f1bd9fbb705b0542,,subsidy_amount,0.77,元,0.77,yuan_per_watt,,,,,,0.999983,True,True,,step7b_iterB_rulefix,strict_all
ParameterMention:pm_806145d4d429292ccb5e,ParameterMention,,41eed2fc03a95dc30af898124e00962d37f00dd998abb5da87c6e10e209db169,41eed2fc03a95dc30af898124e00962d37f00dd998abb5da87c6e10e209db169#clause_0022,,,,mechanism_610817c963c7fad38960,,,pm_806145d4d429292ccb5e,,subsidy_amount,15,万元,16.2,ten_thousand_yuan,,,,,,0.999983,True,True,,step7b_iterB_rulefix,strict_all
ParameterMention:pm_807499f4340c6e1dabc1,ParameterMention,,cc7addf8ff4efe3409afac8915cc6b8df3283617d08af2da6658e58933736301,cc7addf8ff4efe3409afac8915cc6b8df3283617d08af2da6658e58933736301#clause_0005,,,,mechanism_f142d4328f8ce0de1045,,,pm_807499f4340c6e1dabc1,,price_delta_pct,25,%,25.0,percent,,,,,,0.73885,True,True,,step7b_iterB_rulefix,strict_all
ParameterMention:pm_814165bbf6d10e164122,ParameterMention,,d6295fc6d120b2f270803869f63327efa8f7e3ea98515eb80da25abd977ff9f6,d6295fc6d120b2f270803869f63327efa8f7e3ea98515eb80da25abd977ff9f6#clause_0002,,,,mechanism_6ae9f71b5cd755476b6b,,,pm_814165bbf6d10e164122,,ratio_target,5,%,5.0,percent,,,,,,0.554779,True,False,,step7b_iterB_rulefix,strict_all
ParameterMention:pm_81a3db21b193d3711d47,ParameterMention,,432528cbb25bdbdce8825781b81c73beb96a63f824057f93f5800fc0a512a713,432528cbb25bdbdce8825781b81c73beb96a63f824057f93f5800fc0a512a713#clause_0015,,,,mechanism_64ef0db6885206b48523,,,pm_81a3db21b193d3711d47,,ratio_target,10,%,10.0,percent,,,,,,0.91834,True,True,,step7b_iterB_rulefix,strict_all
ParameterMention:pm_81d941f8f8f2d4a010ae,ParameterMention,,37057c32932e956503eb1ad05c772ba2cd53e2bba30c2a5b23eb9c15e6a785de,37057c32932e956503eb1ad05c772ba2cd53e2bba30c2a5b23eb9c15e6a785de#clause_0001,,,,mechanism_b86c72cbd4913c9cba0d,,,pm_81d941f8f8f2d4a010ae,,consumption_threshold_kwh,180,度,180.0,kwh,,,,,,0.996982,True,True,,step7b_iterB_rulefix,strict_all
ParameterMention:pm_81dfa3d53d002dfd7121,ParameterMention,,231f1eeb573e2b351f92117ef696b8d2077cec456aacd516232f031d673da137,231f1eeb573e2b351f92117ef696b8d2077cec456aacd516232f031d673da137#clause_0001,,,,mechanism_b0521b5a46cdb8cf2611,,,pm_81dfa3d53d002dfd7121,,consumption_threshold_kwh,230,度,230.0,kwh,,,,,,0.984015,True,True,,step7b_iterB_rulefix,strict_all
ParameterMention:pm_81f1a703a486b790e894,ParameterMention,,4443f6f24df9c2cdb21d2432a3505998f5a74fac8f443a268420a5ce246b624f,4443f6f24df9c2cdb21d2432a3505998f5a74fac8f443a268420a5ce246b624f#clause_0001,,,,mechanism_414740d05ca259b060c0,,,pm_81f1a703a486b790e894,,consumption_threshold_kwh,408,千瓦时,408.0,kwh,,,,,,0.978119,True,True,,step7b_iterB_rulefix,strict_all
ParameterMention:pm_821fc414e1e286dc259e,ParameterMention,,9c3afee7cca39cb92c7272cf554cc02fdb162ec89bc92c98f6324cf2bb423c92,9c3afee7cca39cb92c7272cf554cc02fdb162ec89bc92c98f6324cf2bb423c92#clause_0002,,,,mechanism_2135a713c82853f7c50f,,,pm_821fc414e1e286dc259e,,duration_threshold_year,不超过两,,2.0,year,,,,,,0.554779,True,False,,step7b_iterB_rulefix,strict_all
ParameterMention:pm_823d1c99398b92065c86,ParameterMention,,b5738e1db12f50b7e6a3416bacdba11f06c5373d2cb3d80d31a90bdf09b3ddb1,b5738e1db12f50b7e6a3416bacdba11f06c5373d2cb3d80d31a90bdf09b3ddb1#clause_0004,,,,mechanism_38d5388d225e19df44e1,,,pm_823d1c99398b92065c86,,time_window,12:00-14:00,时段,12:00-14:00,time_window,,,,,,0.996859,True,True,,step7b_iterB_rulefix,strict_all
ParameterMention:pm_8293f8973cc073d72030,ParameterMention,,6618b31ad2d2553801e75f1d42256338782cda332eb141a7fea6466fee1dccfd,6618b31ad2d2553801e75f1d42256338782cda332eb141a7fea6466fee1dccfd#clause_0005,,,,mechanism_944d31161067dfccd077,,,pm_8293f8973cc073d72030,,ratio_target,15,%,15.0,percent,,,,,,0.993307,True,True,,step7b_iterB_rulefix,strict_all
ParameterMention:pm_82d04b66ff9ab5c4139f,ParameterMention,,6ca5d9d44b93a3440cc8f24b4feda441563e6841021017b2c5db628a6976c9f5,6ca5d9d44b93a3440cc8f24b4feda441563e6841021017b2c5db628a6976c9f5#clause_0012,,,,mechanism_fc9efe19aa7d7379423d,,,pm_82d04b66ff9ab5c4139f,,area_subsidy_amount,200,元,200.0,yuan_per_sqm,,,,,,0.997892,True,True,,step7b_iterB_rulefix,strict_all
ParameterMention:pm_82fac7d2d415ee9a59c4,ParameterMention,,67bb80e9af349ffd1cfa1abcf8a9a811c986f1fc171c93e1f60ce3232981e99c,67bb80e9af349ffd1cfa1abcf8a9a811c986f1fc171c93e1f60ce3232981e99c#clause_0003,,,,mechanism_3738be385d147af6366b,,,pm_82fac7d2d415ee9a59c4,,subsidy_amount,1200,元,1200.0,yuan,,,,,,0.999574,True,True,,step7b_iterB_rulefix,strict_all
ParameterMention:pm_830012c25dec3bf2ae8b,ParameterMention,,40eaa271256c3f5b89ddb8760613b6fabdcf0efb295059429c972a9d9abc394a,40eaa271256c3f5b89ddb8760613b6fabdcf0efb295059429c972a9d9abc394a#clause_0002,,,,mechanism_1abd240e3c1259bd39d9,,,pm_830012c25dec3bf2ae8b,,ratio_target,25,%,25.0,percent,,,,,,0.554779,True,False,,step7b_iterB_rulefix,strict_all
ParameterMention:pm_8384b787823d63145592,ParameterMention,,a841fd40884f65693f42fff950340f5c6e1dbdd734f6cb20bc5e15c9bbf474ec,a841fd40884f65693f42fff950340f5c6e1dbdd734f6cb20bc5e15c9bbf474ec#clause_0003,,,,mechanism_fd8d8eed004d13474016,,,pm_8384b787823d63145592,,ratio_target,40,％,40.0,percent,,,,,,0.59,True,False,,step7b_iterB_rulefix,strict_all
ParameterMention:pm_839e09190101b6d7cc32,ParameterMention,,7e1dff3ee78977bc7e5f87b686fc7b8ccf4f78bd15144d2fd3f7c60c48ec3209,7e1dff3ee78977bc7e5f87b686fc7b8ccf4f78bd15144d2fd3f7c60c48ec3209#clause_0003,,,,mechanism_a184d0f15f98e3b3a1e9,,,pm_839e09190101b6d7cc32,,time_window,16:00-18:00,时段,16:00-18:00,time_window,,,,,,0.996859,True,True,,step7b_iterB_rulefix,strict_all
ParameterMention:pm_83da2e0684e9c3bd490f,ParameterMention,,bd9a5debe3e285290408196ff9a61cc7d1acd325eab100746bcd7562b196b7dd,bd9a5debe3e285290408196ff9a61cc7d1acd325eab100746bcd7562b196b7dd#clause_0006,,,,mechanism_c9ac4e94fda2ab7982f4,,,pm_83da2e0684e9c3bd490f,,duration_threshold_month,不少于两,,2.0,month,,,,,,0.706822,True,False,,step7b_iterB_rulefix,strict_all
ParameterMention:pm_8415ec5ba73a5fc38d97,ParameterMention,,59fb420eead4837faf2f90b58927c9c874cd61e9cfbcb91d127cfeeb50f5be76,59fb420eead4837faf2f90b58927c9c874cd61e9cfbcb91d127cfeeb50f5be76#clause_0001,,,,mechanism_d26be46cbc63ad9a2f89,,,pm_8415ec5ba73a5fc38d97,,ratio_target,5,%,5.0,percent,,,,,,0.554779,True,False,,step7b_iterB_rulefix,strict_all
ParameterMention:pm_848791cd1c4cb48a6be6,ParameterMention,,8e713f5036be608e8536659484a13e29de44d6d15aa0bd0098266d8d1e9e0242,8e713f5036be608e8536659484a13e29de44d6d15aa0bd0098266d8d1e9e0242#clause_0007,,,,mechanism_82631d96232da78397c4,,,pm_848791cd1c4cb48a6be6,,price_delta_pct,1.5,%,1.5,percent,,,,,,0.608259,True,True,,step7b_iterB_rulefix,strict_all
ParameterMention:pm_85bbee7423a6fc05948a,ParameterMention,,10695560c26cc67b7a3e26b8dbcd7b856b0b17ef49c31ba529efd3caf059a1de,10695560c26cc67b7a3e26b8dbcd7b856b0b17ef49c31ba529efd3caf059a1de#clause_0001,,,,mechanism_9df0fcccfdcdb65fda83,,,pm_85bbee7423a6fc05948a,,subsidy_amount,2.74,万元,2.74,ten_thousand_yuan,,,,,,0.997892,True,True,,step7b_iterB_rulefix,strict_all
ParameterMention:pm_865b1c91ac18fa0ee40a,ParameterMention,,5d785886820a3ef835d86f0d4c5e3aedb76c51572c87d6f5228dd8e042fa93a4,5d785886820a3ef835d86f0d4c5e3aedb76c51572c87d6f5228dd8e042fa93a4#clause_0000,,,,mechanism_237b2e1ba4d31f499f33,,,pm_865b1c91ac18fa0ee40a,,price_delta_pct,1.9,%,1.9,percent,,,,,,0.608259,True,True,,step7b_iterB_rulefix,strict_all
ParameterMention:pm_866243995b3a0d27f932,ParameterMention,,9f3a13c9638cc5c7deb8ecad47f6052f7b19aa02e4514ce8b2b5376c00e60c86,9f3a13c9638cc5c7deb8ecad47f6052f7b19aa02e4514ce8b2b5376c00e60c86#clause_0003,,,,mechanism_9b18830935bc0467a2f3,,,pm_866243995b3a0d27f932,,consumption_threshold_kwh,400,度,400.0,kwh,,,,,,0.985226,True,True,,step7b_iterB_rulefix,strict_all
ParameterMention:pm_86811a155548bf1c8923,ParameterMention,,be6ae43a80945b2c12f24215ce25f2251d1063d21021b1879c021d8cbdc168d0,be6ae43a80945b2c12f24215ce25f2251d1063d21021b1879c021d8cbdc168d0#clause_0001,,,,mechanism_32fcbc3dd2c61cddf006,,,pm_86811a155548bf1c8923,,price_delta_pct,1.9,%,1.9,percent,,,,,,0.608259,True,True,,step7b_iterB_rulefix,strict_all
ParameterMention:pm_86a07b9db2ab32261b8f,ParameterMention,,cc7addf8ff4efe3409afac8915cc6b8df3283617d08af2da6658e58933736301,cc7addf8ff4efe3409afac8915cc6b8df3283617d08af2da6658e58933736301#clause_0003,,,,mechanism_1cbaef9a4c85f0cae388,,,pm_86a07b9db2ab32261b8f,,time_window,6:00-8:00,时段,06:00-08:00,time_window,,,,,,0.997892,True,True,,step7b_iterB_rulefix,strict_all
ParameterMention:pm_86f2af35b743118c105c,ParameterMention,,5d785886820a3ef835d86f0d4c5e3aedb76c51572c87d6f5228dd8e042fa93a4,5d785886820a3ef835d86f0d4c5e3aedb76c51572c87d6f5228dd8e042fa93a4#clause_0046,,,,mechanism_e3514157eb6c69a15b93,,,pm_86f2af35b743118c105c,,price_delta_pct,1.9,%,1.9,percent,,,,,,0.608259,True,True,,step7b_iterB_rulefix,strict_all
ParameterMention:pm_872cbc9d3b71fd4db857,ParameterMention,,caf6cea05c2383ef47c5578fbf1392dfbf0ec0b4fbdc53de67e6f1d3bd2062fc,caf6cea05c2383ef47c5578fbf1392dfbf0ec0b4fbdc53de67e6f1d3bd2062fc#clause_0001,,,,mechanism_e2bca99581b76b3f4780,,,pm_872cbc9d3b71fd4db857,,time_window,17:00-23:00,时段,17:00-23:00,time_window,,,,,,0.999574,True,True,,step7b_iterB_rulefix,strict_all
ParameterMention:pm_873359b725a4ee71e624,ParameterMention,,9b9dc731d84971b347984a61cebe82dfa99c5011c92f8e92ff5e8eae8821ced0,9b9dc731d84971b347984a61cebe82dfa99c5011c92f8e92ff5e8eae8821ced0#clause_0002,,,,mechanism_85d23bbcd8f3592ef19a,,,pm_873359b725a4ee71e624,,price_delta_pct,50,%,50.0,percent,,,,,,0.79576,True,True,,step7b_iterB_rulefix,strict_all
ParameterMention:pm_8736dd047b0a76db5ee7,ParameterMention,,0d66b8c7139a0f984bbaf759d12e1bb40d66b6e7f05bab043de5e56b4398fb79,0d66b8c7139a0f984bbaf759d12e1bb40d66b6e7f05bab043de5e56b4398fb79#clause_0000,,,,mechanism_8f79f72a140b6586bfd8,,,pm_8736dd047b0a76db5ee7,,target_household_count,13838,户,13838.0,household,,,,,,0.930862,True,True,,step7b_iterB_rulefix,strict_all
ParameterMention:pm_873db8b2ce470b7473ba,ParameterMention,,d6295fc6d120b2f270803869f63327efa8f7e3ea98515eb80da25abd977ff9f6,d6295fc6d120b2f270803869f63327efa8f7e3ea98515eb80da25abd977ff9f6#clause_0005,,,,mechanism_c13f0f3c41ba1294cef1,,,pm_873db8b2ce470b7473ba,,ratio_target,90,%,90.0,percent,,,,,,0.59,True,False,,step7b_iterB_rulefix,strict_all
ParameterMention:pm_8744c4c7f82908731166,ParameterMention,,da7b3160147d215da16cee83e83aa784e946b48928803c205dd5df56a2ec3cb9,da7b3160147d215da16cee83e83aa784e946b48928803c205dd5df56a2ec3cb9#clause_0003,,,,mechanism_fe6cf76c01e840de71ac,,,pm_8744c4c7f82908731166,,consumption_threshold_kwh,15,千瓦时,15.0,kwh,,,,,,0.90025,True,True,,step7b_iterB_rulefix,strict_all
ParameterMention:pm_87aa7d84f05585c32b08,ParameterMention,,3c1392fd897f1d095efaa1ae2a1eaa5c0c3df313cd5a9a185aacffe05575b886,3c1392fd897f1d095efaa1ae2a1eaa5c0c3df313cd5a9a185aacffe05575b886#clause_0015,,,,mechanism_3ad6cecc55328cfc6c00,,,pm_87aa7d84f05585c32b08,,ratio_target,80,%,80.0,percent,,,,,,0.960834,True,True,,step7b_iterB_rulefix,strict_all
ParameterMention:pm_87c616c5382feeadf262,ParameterMention,,b5738e1db12f50b7e6a3416bacdba11f06c5373d2cb3d80d31a90bdf09b3ddb1,b5738e1db12f50b7e6a3416bacdba11f06c5373d2cb3d80d31a90bdf09b3ddb1#clause_0001,,,,mechanism_d8c87fda618976b06c3a,,,pm_87c616c5382feeadf262,,time_window,18:00-20:00,时段,18:00-20:00,time_window,,,,,,0.997892,True,True,,step7b_iterB_rulefix,strict_all
ParameterMention:pm_8841e8067f8a3ef2b1c9,ParameterMention,,1073cb109211fd941aebac04c4969f3a87bbd9186801a40532d013098ee3ab11,1073cb109211fd941aebac04c4969f3a87bbd9186801a40532d013098ee3ab11#clause_0003,,,,mechanism_8f2d6331c2f90e84ca4e,,,pm_8841e8067f8a3ef2b1c9,,subsidy_amount,6,万元,6.0,ten_thousand_yuan,,,,,,0.997892,True,True,,step7b_iterB_rulefix,strict_all
ParameterMention:pm_884c848f852312eac79f,ParameterMention,,f5bc3bee6322d7a50db50b302cf7684c06fe73a55292d8b2fce0e09d9ce0dea5,f5bc3bee6322d7a50db50b302cf7684c06fe73a55292d8b2fce0e09d9ce0dea5#clause_0000,,,,mechanism_578c78091cb55ca4b045,,,pm_884c848f852312eac79f,,time_window,7:00-8:00,时段,07:00-08:00,time_window,,,,,,0.999999,True,True,,step7b_iterB_rulefix,strict_all
ParameterMention:pm_8858cf4832859db9d6ba,ParameterMention,,8892852e8071ae32c3725e87e81968070485fe999feb530a747dad8a040341e0,8892852e8071ae32c3725e87e81968070485fe999feb530a747dad8a040341e0#clause_0001,,,,mechanism_362792081a7011544105,,,pm_8858cf4832859db9d6ba,,subsidy_amount,3,万元,3.0,ten_thousand_yuan,,,,,,0.981293,True,True,,step7b_iterB_rulefix,strict_all
ParameterMention:pm_888c53c09a60d15ab61b,ParameterMention,,de663a93ae7bdc24d54bbc18256efeab5ba380f03f236f51c5eb3890d640d222,de663a93ae7bdc24d54bbc18256efeab5ba380f03f236f51c5eb3890d640d222#clause_0003,,,,mechanism_29c0cb3adc538b7fc416,,,pm_888c53c09a60d15ab61b,,price_delta_pct,11,%,11.0,percent,,,,,,0.654753,True,True,,step7b_iterB_rulefix,strict_all
ParameterMention:pm_88d486385b332b6a187d,ParameterMention,,6618b31ad2d2553801e75f1d42256338782cda332eb141a7fea6466fee1dccfd,6618b31ad2d2553801e75f1d42256338782cda332eb141a7fea6466fee1dccfd#clause_0002,,,,mechanism_9201758ffb9b7c0ed14e,,,pm_88d486385b332b6a187d,,subsidy_amount,3,万元,3.0,ten_thousand_yuan,,,,,,0.989646,True,True,,step7b_iterB_rulefix,strict_all
ParameterMention:pm_89727cddef1f3266d5a2,ParameterMention,,cd86e3487ec66701c2d41c1399f9a453338981c169b847ab9321c78351d62988,cd86e3487ec66701c2d41c1399f9a453338981c169b847ab9321c78351d62988#clause_0002,,,,mechanism_21c7da942e10a51e5184,,,pm_89727cddef1f3266d5a2,,subsidy_amount,0.77,元,0.77,yuan_per_watt,,,,,,0.999574,True,True,,step7b_iterB_rulefix,strict_all
ParameterMention:pm_89caa0b811e15c9ee431,ParameterMention,,a4146178085d1b27e6b2be802686e7ddffe59ded7cc7590d7c70417aa2b345ae,a4146178085d1b27e6b2be802686e7ddffe59ded7cc7590d7c70417aa2b345ae#clause_0000,,,,mechanism_8a2d30fdb459085ee3e7,,,pm_89caa0b811e15c9ee431,,ratio_target,80,%,80.0,percent,,,,,,0.960834,True,True,,step7b_iterB_rulefix,strict_all
ParameterMention:pm_89d318600b4075eafcbc,ParameterMention,,ec7378b180d0ffdb20e93755e832b7ea1eb6476bbdedfadbb4c5553b1f65c879,ec7378b180d0ffdb20e93755e832b7ea1eb6476bbdedfadbb4c5553b1f65c879#clause_0002,,,,mechanism_015f116ef82f09b2a7d4,,,pm_89d318600b4075eafcbc,,price_delta_pct,25,%,25.0,percent,,,,,,0.933392,True,True,,step7b_iterB_rulefix,strict_all
ParameterMention:pm_89e78b60601fd3b209c5,ParameterMention,,58335d90e96cc5b4211b57e5ba68639ec110997e34daf85e547cbcf39bcc1906,58335d90e96cc5b4211b57e5ba68639ec110997e34daf85e547cbcf39bcc1906#clause_0001,,,,mechanism_0781f4a3c47c800803bb,,,pm_89e78b60601fd3b209c5,,time_window,7:00-9:00,时段,07:00-09:00,time_window,,,,,,0.984632,True,True,,step7b_iterB_rulefix,strict_all
ParameterMention:pm_8a64936685fbd2f21bef,ParameterMention,,99dce90179e84c5da237d3a228a84ba994f4c04a9a167533654c0cfcdc8d9686,99dce90179e84c5da237d3a228a84ba994f4c04a9a167533654c0cfcdc8d9686#clause_0003,,,,mechanism_ffa9ac6ec90009213b5f,,,pm_8a64936685fbd2f21bef,,price_value,0.507,元/千瓦时,0.507,yuan_per_kwh,,,,,,0.85321,True,True,,step7b_iterB_rulefix,strict_all
ParameterMention:pm_8a8ba5219ab02c25bbe0,ParameterMention,,7e1dff3ee78977bc7e5f87b686fc7b8ccf4f78bd15144d2fd3f7c60c48ec3209,7e1dff3ee78977bc7e5f87b686fc7b8ccf4f78bd15144d2fd3f7c60c48ec3209#clause_0002,,,,mechanism_e643f3633af0c69e0d6b,,,pm_8a8ba5219ab02c25bbe0,,time_window,23:00-6:00,时段,23:00-06:00,time_window,,,,,,0.984632,True,True,,step7b_iterB_rulefix,strict_all
ParameterMention:pm_8a95d12e61dc16822243,ParameterMention,,3c1392fd897f1d095efaa1ae2a1eaa5c0c3df313cd5a9a185aacffe05575b886,3c1392fd897f1d095efaa1ae2a1eaa5c0c3df313cd5a9a185aacffe05575b886#clause_0010,,,,mechanism_c66413a3cfb222b5236c,,,pm_8a95d12e61dc16822243,,subsidy_amount,2000,元,2000.0,yuan,,,,,,0.950734,True,True,,step7b_iterB_rulefix,strict_all
ParameterMention:pm_8b0528ba9f11cad26673,ParameterMention,,ad8d0971d97051367bf7e78a6885dd89b83772d35f94aaff8c56c77398caa167,ad8d0971d97051367bf7e78a6885dd89b83772d35f94aaff8c56c77398caa167#clause_0002,,,,mechanism_6a72ed221836e0c94614,,,pm_8b0528ba9f11cad26673,,subsidy_amount,5000,元,5000.0,yuan,,,,,,0.999827,True,True,,step7b_iterB_rulefix,strict_all
ParameterMention:pm_8bc68ef6edfb286d5bae,ParameterMention,,99dce90179e84c5da237d3a228a84ba994f4c04a9a167533654c0cfcdc8d9686,99dce90179e84c5da237d3a228a84ba994f4c04a9a167533654c0cfcdc8d9686#clause_0003,,,,mechanism_ffa9ac6ec90009213b5f,,,pm_8bc68ef6edfb286d5bae,,price_value,0.2862,元/千瓦时,0.2862,yuan_per_kwh,,,,,,0.85321,True,True,,step7b_iterB_rulefix,strict_all
ParameterMention:pm_8c0bfb8c3953639dc135,ParameterMention,,9f3a13c9638cc5c7deb8ecad47f6052f7b19aa02e4514ce8b2b5376c00e60c86,9f3a13c9638cc5c7deb8ecad47f6052f7b19aa02e4514ce8b2b5376c00e60c86#clause_0004,,,,mechanism_3873755bfc9bd51609df,,,pm_8c0bfb8c3953639dc135,,consumption_threshold_kwh,310,度,310.0,kwh,,,,,,0.984015,True,True,,step7b_iterB_rulefix,strict_all
ParameterMention:pm_8c360ee4564beea05844,ParameterMention,,13677b49d0d053be96bfcd32cd36eeba7c68f125c6f32cc220322ba98c178bf4,13677b49d0d053be96bfcd32cd36eeba7c68f125c6f32cc220322ba98c178bf4#clause_0004,,,,mechanism_f65a0c586c192946464f,,,pm_8c360ee4564beea05844,,ratio_target,70,%,70.0,percent,,,,,,0.554779,True,False,,step7b_iterB_rulefix,strict_all
ParameterMention:pm_8cc0dbc67391a2c8095a,ParameterMention,,55486d5eaf1202de357651355eea469df92d887e1b388dd7c1a3fcd9b75286cb,55486d5eaf1202de357651355eea469df92d887e1b388dd7c1a3fcd9b75286cb#clause_0001,,,,mechanism_668b50cb096f4927806e,,,pm_8cc0dbc67391a2c8095a,,ratio_target,80,%,80.0,percent,,,,,,0.860566,True,True,,step7b_iterB_rulefix,strict_all
ParameterMention:pm_8d37e1b403e00ce8abac,ParameterMention,,dd0f960822e56c43dbb9f31ec64d69bfab76f460ee217767f10f8c8aa1b4af54,dd0f960822e56c43dbb9f31ec64d69bfab76f460ee217767f10f8c8aa1b4af54#clause_0002,,,,mechanism_0b4da963a9ea76501a86,,,pm_8d37e1b403e00ce8abac,,ratio_target,60,%,60.0,percent,,,,,,0.960834,True,True,,step7b_iterB_rulefix,strict_all
ParameterMention:pm_8d915af43ffd39358e83,ParameterMention,,7a29f52e1059b42ef81433d215f1c22c31c3949674d53979a4d2d151a5bb6cee,7a29f52e1059b42ef81433d215f1c22c31c3949674d53979a4d2d151a5bb6cee#clause_0002,,,,mechanism_cf1d3c41b1a4a65c440f,,,pm_8d915af43ffd39358e83,,price_delta_pct,64,%,64.0,percent,,,,,,0.636453,True,True,,step7b_iterB_rulefix,strict_all
ParameterMention:pm_8dc0fdcd4d0e2e8a3fc5,ParameterMention,,6ca5d9d44b93a3440cc8f24b4feda441563e6841021017b2c5db628a6976c9f5,6ca5d9d44b93a3440cc8f24b4feda441563e6841021017b2c5db628a6976c9f5#clause_0022,,,,mechanism_c07ec90abc95b5e3d032,,,pm_8dc0fdcd4d0e2e8a3fc5,,subsidy_amount,15,万元,16.2,ten_thousand_yuan,,,,,,0.999983,True,True,,step7b_iterB_rulefix,strict_all
ParameterMention:pm_8dcf5fb8b1ec7ac5ccfb,ParameterMention,,4978300e5965b0d812a67eb9a07c584011b661c940c300faf4990fb8586e3a13,4978300e5965b0d812a67eb9a07c584011b661c940c300faf4990fb8586e3a13#clause_0005,,,,mechanism_6aba75b5b3b1818f8698,,,pm_8dcf5fb8b1ec7ac5ccfb,,ratio_target,90,%,90.0,percent,,,,,,0.554779,True,False,,step7b_iterB_rulefix,strict_all
ParameterMention:pm_8e2d3d913bd61da519d7,ParameterMention,,ad8d0971d97051367bf7e78a6885dd89b83772d35f94aaff8c56c77398caa167,ad8d0971d97051367bf7e78a6885dd89b83772d35f94aaff8c56c77398caa167#clause_0018,,,,mechanism_30a23a3f2435cf743f66,,,pm_8e2d3d913bd61da519d7,,area_subsidy_amount,300,元,300.0,yuan_per_sqm,,,,,,0.999142,True,True,,step7b_iterB_rulefix,strict_all
ParameterMention:pm_8e3654aa7332762903a7,ParameterMention,,17b169c01d0fd11691f3014066bc982e9d5aae3ef301b3d897d2a4b986dac45b,17b169c01d0fd11691f3014066bc982e9d5aae3ef301b3d897d2a4b986dac45b#clause_0015,,,,mechanism_47217c6a32d2fa668a56,,,pm_8e3654aa7332762903a7,,funding_share_ratio,1:1,,1:1,none,,,,,,0.85321,True,True,,step7b_iterB_rulefix,strict_all
ParameterMention:pm_8e558dbc5398b0703551,ParameterMention,,6ca5d9d44b93a3440cc8f24b4feda441563e6841021017b2c5db628a6976c9f5,6ca5d9d44b93a3440cc8f24b4feda441563e6841021017b2c5db628a6976c9f5#clause_0019,,,,mechanism_13f5a0b5a8d3b8453d2e,,,pm_8e558dbc5398b0703551,,subsidy_amount,16.2,万元,16.2,ten_thousand_yuan,,,,,,1.0,True,True,,step7b_iterB_rulefix,strict_all
ParameterMention:pm_8e66a18c917089ced1b9,ParameterMention,,41eed2fc03a95dc30af898124e00962d37f00dd998abb5da87c6e10e209db169,41eed2fc03a95dc30af898124e00962d37f00dd998abb5da87c6e10e209db169#clause_0015,,,,mechanism_0577555bb74afac7a8cd,,,pm_8e66a18c917089ced1b9,,ratio_target,80,%,80.0,percent,,,,,,0.960834,True,True,,step7b_iterB_rulefix,strict_all
ParameterMention:pm_8f1492a04a54a369e929,ParameterMention,,a90ad1a3b708e8808bab56f3ff9155d788b100ae8fd28a759d636304a9fb6b03,a90ad1a3b708e8808bab56f3ff9155d788b100ae8fd28a759d636304a9fb6b03#clause_0002,,,,mechanism_adf1bdcf9f64a0d1e873,,,pm_8f1492a04a54a369e929,,price_value,0.18,元/千瓦时,0.18,yuan_per_kwh,,,,,,0.636453,True,True,,step7b_iterB_rulefix,strict_all
ParameterMention:pm_8f1a86e8389e35b2f793,ParameterMention,,1fa29c73a41d6d62bb74e065c64724a1eb5075621c22e96288682d2c4c141f5d,1fa29c73a41d6d62bb74e065c64724a1eb5075621c22e96288682d2c4c141f5d#clause_0008,,,,mechanism_93463c9ba49777f3403d,,,pm_8f1a86e8389e35b2f793,,price_value,0.31,元,0.31,yuan,,,,,,0.966431,True,True,,step7b_iterB_rulefix,strict_all
ParameterMention:pm_8f2b349098d6b81a8477,ParameterMention,,53fc822864624a590cef5b5fa21ff00698716adde9cef0962459c0216e2b8855,53fc822864624a590cef5b5fa21ff00698716adde9cef0962459c0216e2b8855#clause_0016,,,,mechanism_952b508d7c0075a95779,,,pm_8f2b349098d6b81a8477,,ratio_target,80,%,80.0,percent,,,,,,0.554779,True,False,,step7b_iterB_rulefix,strict_all
ParameterMention:pm_8f829912f481d7679592,ParameterMention,,15d322df36604ef5082b3cbb152c1ae45bda6ad3f5d941b024f5371b4210c4d8,15d322df36604ef5082b3cbb152c1ae45bda6ad3f5d941b024f5371b4210c4d8#clause_0001,,,,mechanism_e17accc3e828aad00c7c,,,pm_8f829912f481d7679592,,time_window,08:00-11:00,时段,08:00-11:00,time_window,,,,,,0.997892,True,True,,step7b_iterB_rulefix,strict_all
ParameterMention:pm_8f938add2f30a292019a,ParameterMention,,1fa29c73a41d6d62bb74e065c64724a1eb5075621c22e96288682d2c4c141f5d,1fa29c73a41d6d62bb74e065c64724a1eb5075621c22e96288682d2c4c141f5d#clause_0005,,,,mechanism_5aa074cc53ad7db0a70d,,,pm_8f938add2f30a292019a,,price_value,0.55,元,0.55,yuan,,,,,,0.85321,True,True,,step7b_iterB_rulefix,strict_all
ParameterMention:pm_8f9a6793f8aa7c44f850,ParameterMention,,f9e04639c4debca4ed9f462f2bcd047446a5ac515e9037c7aa504a0cb62c9f85,f9e04639c4debca4ed9f462f2bcd047446a5ac515e9037c7aa504a0cb62c9f85#clause_0004,,,,mechanism_98fc398f062835306167,,,pm_8f9a6793f8aa7c44f850,,subsidy_amount,0.6,万元,0.6,ten_thousand_yuan,,,,,,0.997892,True,True,,step7b_iterB_rulefix,strict_all
ParameterMention:pm_8fa30a20be4a72e07c24,ParameterMention,,ebba22b0a7b7a9a06ccf6dfbe862a330eb615359451c4ccb8bff79fd2d9bd1ad,ebba22b0a7b7a9a06ccf6dfbe862a330eb615359451c4ccb8bff79fd2d9bd1ad#clause_0005,,,,mechanism_b0d9d409cc67046a7ccb,,,pm_8fa30a20be4a72e07c24,,ratio_target,25,%,25.0,percent,,,,,,0.554779,True,False,,step7b_iterB_rulefix,strict_all
ParameterMention:pm_8faf391a2300638c7e93,ParameterMention,,264f74e1e9077c0e94590da482db92ebc125f4c14559852d89ad14b209d7e41f,264f74e1e9077c0e94590da482db92ebc125f4c14559852d89ad14b209d7e41f#clause_0005,,,,mechanism_3ff0eb67178c36158296,,,pm_8faf391a2300638c7e93,,ratio_target,50,%,50.0,percent,,,,,,0.832018,True,True,,step7b_iterB_rulefix,strict_all
ParameterMention:pm_8fe5ab24f3c559f9996b,ParameterMention,,ec7378b180d0ffdb20e93755e832b7ea1eb6476bbdedfadbb4c5553b1f65c879,ec7378b180d0ffdb20e93755e832b7ea1eb6476bbdedfadbb4c5553b1f65c879#clause_0001,,,,mechanism_1e6ce495b7147017cf8b,,,pm_8fe5ab24f3c559f9996b,,duration_threshold_hour,8,小时,8.0,hour,,,,,,0.978119,True,True,,step7b_iterB_rulefix,strict_all
ParameterMention:pm_90023df9df4846fa5a1e,ParameterMention,,41eed2fc03a95dc30af898124e00962d37f00dd998abb5da87c6e10e209db169,41eed2fc03a95dc30af898124e00962d37f00dd998abb5da87c6e10e209db169#clause_0010,,,,mechanism_1e4ceab3488f9668d023,,,pm_90023df9df4846fa5a1e,,subsidy_amount,2000,元,2000.0,yuan,,,,,,0.950734,True,True,,step7b_iterB_rulefix,strict_all
ParameterMention:pm_902c00179cbadb7da37e,ParameterMention,,ca0ecafa5d9b0881a307250ed1dfb3f239da064ec327235d5f6bf4b0afde27d8,ca0ecafa5d9b0881a307250ed1dfb3f239da064ec327235d5f6bf4b0afde27d8#clause_0005,,,,mechanism_33bf71bf84d762743360,,,pm_902c00179cbadb7da37e,,ratio_target,90,％,90.0,percent,,,,,,0.878681,True,True,,step7b_iterB_rulefix,strict_all
ParameterMention:pm_905ebab06458cfd93e07,ParameterMention,,9f3a13c9638cc5c7deb8ecad47f6052f7b19aa02e4514ce8b2b5376c00e60c86,9f3a13c9638cc5c7deb8ecad47f6052f7b19aa02e4514ce8b2b5376c00e60c86#clause_0002,,,,mechanism_e1502cd58390969a8652,,,pm_905ebab06458cfd93e07,,price_value,0.5969,元/度,0.5969,yuan_per_kwh,,,,,,0.903784,True,True,,step7b_iterB_rulefix,strict_all
ParameterMention:pm_906636a1ac2a22195cc0,ParameterMention,,0463f8ab2dc0e54e2fd506618b80ede13670db6650cb659109835a35687dc141,0463f8ab2dc0e54e2fd506618b80ede13670db6650cb659109835a35687dc141#clause_0005,,,,mechanism_4343388f94c5e94bf27b,,,pm_906636a1ac2a22195cc0,,price_value,0.2,元/千瓦时,0.2,yuan_per_kwh,,,,,,0.946849,True,True,,step7b_iterB_rulefix,strict_all
ParameterMention:pm_90a4b01adaeebb03fc4f,ParameterMention,,4978300e5965b0d812a67eb9a07c584011b661c940c300faf4990fb8586e3a13,4978300e5965b0d812a67eb9a07c584011b661c940c300faf4990fb8586e3a13#clause_0004,,,,mechanism_4a7a3c7d5573b9c2f83c,,,pm_90a4b01adaeebb03fc4f,,ratio_target,15,%,15.0,percent,,,,,,0.554779,True,False,,step7b_iterB_rulefix,strict_all
ParameterMention:pm_90eb791cbdb3e1e11fb3,ParameterMention,,cb0c5b8b05cfdf3cf5e27c0081d86b7f45c5f12b09a9fa3f2da332bc102a849b,cb0c5b8b05cfdf3cf5e27c0081d86b7f45c5f12b09a9fa3f2da332bc102a849b#clause_0002,,,,mechanism_d6cb69c0fb641ecba74d,,,pm_90eb791cbdb3e1e11fb3,,price_delta_pct,20,%,20.0,percent,,,,,,0.990435,True,True,,step7b_iterB_rulefix,strict_all
ParameterMention:pm_9107173033737f24c586,ParameterMention,,ee74d273b781a2f2d3b7cdfadfe4c9a63e6e423f10874fba1e3c84a0a1f35295,ee74d273b781a2f2d3b7cdfadfe4c9a63e6e423f10874fba1e3c84a0a1f35295#clause_0000,,,,mechanism_c494352133f4b2a710bb,,,pm_9107173033737f24c586,,consumption_threshold_kwh,350,千瓦时,350.0,kwh,,,,,,0.999999,True,True,,step7b_iterB_rulefix,strict_all
ParameterMention:pm_915a87f78f191348cbc6,ParameterMention,,f777d830e8f61452b04215ca463bc25c9f5372e505858ce99c85b70800e0baec,f777d830e8f61452b04215ca463bc25c9f5372e505858ce99c85b70800e0baec#clause_0003,,,,mechanism_9b40b75c1cc854a5e37b,,,pm_915a87f78f191348cbc6,,ratio_target,30,%,30.0,percent,,,,,,0.694236,True,True,,step7b_iterB_rulefix,strict_all
ParameterMention:pm_9177857a32f9bb1a6974,ParameterMention,,41eed2fc03a95dc30af898124e00962d37f00dd998abb5da87c6e10e209db169,41eed2fc03a95dc30af898124e00962d37f00dd998abb5da87c6e10e209db169#clause_0023,,,,mechanism_05b21b14d7894255c83f,,,pm_9177857a32f9bb1a6974,,ratio_target,20,%,20.0,percent,,,,,,0.798991,True,True,,step7b_iterB_rulefix,strict_all
ParameterMention:pm_91a5f5ef7d01825045c3,ParameterMention,,c87c6c303d4ebe0bce627bed2792bac1dd9e89ad192d23b7144aa9570705b240,c87c6c303d4ebe0bce627bed2792bac1dd9e89ad192d23b7144aa9570705b240#clause_0001,,,,mechanism_434497cfb5191d390270,,,pm_91a5f5ef7d01825045c3,,subsidy_amount,180,元,180.0,yuan,,,,,,0.999574,True,True,,step7b_iterB_rulefix,strict_all
ParameterMention:pm_91e9f2a60f3dff781b59,ParameterMention,,6ed6029ec536fdcb1c28233730ac3cff649d9109667a7f16206c20af41b9b4dc,6ed6029ec536fdcb1c28233730ac3cff649d9109667a7f16206c20af41b9b4dc#clause_0000,,,,mechanism_1a9d1c42a89af57c2d16,,,pm_91e9f2a60f3dff781b59,,duration_threshold_hour,8,小时,8.0,hour,,,,,,0.978119,True,True,,step7b_iterB_rulefix,strict_all
ParameterMention:pm_91f803309222e80819dd,ParameterMention,,0f3400361f4f38388365c57c706fc464f0fa6aee962bdb434173380878f8c94b,0f3400361f4f38388365c57c706fc464f0fa6aee962bdb434173380878f8c94b#clause_0002,,,,mechanism_b00cdd1efa1f7c980608,,,pm_91f803309222e80819dd,,ratio_target,15,%,15.0,percent,,,,,,0.554779,True,False,,step7b_iterB_rulefix,strict_all
ParameterMention:pm_922076916afae60cc611,ParameterMention,,be6ae43a80945b2c12f24215ce25f2251d1063d21021b1879c021d8cbdc168d0,be6ae43a80945b2c12f24215ce25f2251d1063d21021b1879c021d8cbdc168d0#clause_0001,,,,mechanism_32fcbc3dd2c61cddf006,,,pm_922076916afae60cc611,,price_delta_pct,27,%,27.0,percent,,,,,,0.608259,True,True,,step7b_iterB_rulefix,strict_all
ParameterMention:pm_927980ee878c871bca9e,ParameterMention,,9b06cc894aac361e91193d1e2d076802b7d20c8895b79245d14a48f8ce5543ce,9b06cc894aac361e91193d1e2d076802b7d20c8895b79245d14a48f8ce5543ce#clause_0002,,,,mechanism_e3069941459be57a8937,,,pm_927980ee878c871bca9e,,ratio_target,1.71:1:0.36,%,0.36,percent,,,,,,0.916827,True,True,,step7b_iterB_rulefix,strict_all
ParameterMention:pm_92a54e0d9134bca3ea3e,ParameterMention,,88741f01ecfe3abf37bb1d0d44c17bad4304be617de9deefdeb893a60fd9290e,88741f01ecfe3abf37bb1d0d44c17bad4304be617de9deefdeb893a60fd9290e#clause_0012,,,,mechanism_d3d285aa29f810fb8a97,,,pm_92a54e0d9134bca3ea3e,,ratio_target,9.5,%,9.5,percent,,,,,,0.554779,True,False,,step7b_iterB_rulefix,strict_all
ParameterMention:pm_930786a511da2fa6c8cf,ParameterMention,,231f1eeb573e2b351f92117ef696b8d2077cec456aacd516232f031d673da137,231f1eeb573e2b351f92117ef696b8d2077cec456aacd516232f031d673da137#clause_0001,,,,mechanism_b0521b5a46cdb8cf2611,,,pm_930786a511da2fa6c8cf,,consumption_threshold_kwh,400,度,400.0,kwh,,,,,,0.984015,True,True,,step7b_iterB_rulefix,strict_all
ParameterMention:pm_93123f2f73d1c97a0c14,ParameterMention,,e5086c754f7ebfd84a885046912ad75054fcb20a8134c99886138a57a5d80ab7,e5086c754f7ebfd84a885046912ad75054fcb20a8134c99886138a57a5d80ab7#clause_0002,,,,mechanism_d6f16622f7c0be0c30ac,,,pm_93123f2f73d1c97a0c14,,subsidy_amount,1.5,万元,1.5,ten_thousand_yuan,,,,,,0.981293,True,True,,step7b_iterB_rulefix,strict_all
ParameterMention:pm_9384861121745c9fad9e,ParameterMention,,a841fd40884f65693f42fff950340f5c6e1dbdd734f6cb20bc5e15c9bbf474ec,a841fd40884f65693f42fff950340f5c6e1dbdd734f6cb20bc5e15c9bbf474ec#clause_0004,,,,mechanism_ead818d0694ebd444fbf,,,pm_9384861121745c9fad9e,,ratio_target,100,％,100.0,percent,,,,,,0.97288,True,True,,step7b_iterB_rulefix,strict_all
ParameterMention:pm_93a73e98cd434cf0985a,ParameterMention,,8892852e8071ae32c3725e87e81968070485fe999feb530a747dad8a040341e0,8892852e8071ae32c3725e87e81968070485fe999feb530a747dad8a040341e0#clause_0000,,,,mechanism_3dfcd95a946c067cbce7,,,pm_93a73e98cd434cf0985a,,subsidy_amount,3,万元,3.0,ten_thousand_yuan,,,,,,0.981293,True,True,,step7b_iterB_rulefix,strict_all
ParameterMention:pm_93b954bed4f9f5d8f1c1,ParameterMention,,6a7e111c32163a3064cb3a8b142ab699ba281a3113b7244d73979c6567c58c92,6a7e111c32163a3064cb3a8b142ab699ba281a3113b7244d73979c6567c58c92#clause_0002,,,,mechanism_8aa8d983ea27e502a0ed,,,pm_93b954bed4f9f5d8f1c1,,price_delta_pct,84.3,%,84.3,percent,,,,,,0.8966,True,True,,step7b_iterB_rulefix,strict_all
ParameterMention:pm_93c7d086875103e2db3a,ParameterMention,,41eed2fc03a95dc30af898124e00962d37f00dd998abb5da87c6e10e209db169,41eed2fc03a95dc30af898124e00962d37f00dd998abb5da87c6e10e209db169#clause_0014,,,,mechanism_df8478e08ab9f9a85f18,,,pm_93c7d086875103e2db3a,,ratio_target,80,%,80.0,percent,,,,,,0.993307,True,True,,step7b_iterB_rulefix,strict_all
ParameterMention:pm_940a486a885e9965fa4b,ParameterMention,,a7f3f83cc719dbd58fa3cba1078d11a8511ace91597d326e11375e817e2d73f6,a7f3f83cc719dbd58fa3cba1078d11a8511ace91597d326e11375e817e2d73f6#clause_0002,,,,mechanism_417bb2efd3fbbd4731d6,,,pm_940a486a885e9965fa4b,,consumption_threshold_kwh,4440,千瓦时,4440.0,kwh,,,,,,0.996731,True,True,,step7b_iterB_rulefix,strict_all
ParameterMention:pm_94497bfaa6ceeae8d781,ParameterMention,,41eed2fc03a95dc30af898124e00962d37f00dd998abb5da87c6e10e209db169,41eed2fc03a95dc30af898124e00962d37f00dd998abb5da87c6e10e209db169#clause_0019,,,,mechanism_06d738e2a5a3340b96b2,,,pm_94497bfaa6ceeae8d781,,subsidy_amount,16.2,万元,16.2,ten_thousand_yuan,,,,,,1.0,True,True,,step7b_iterB_rulefix,strict_all
ParameterMention:pm_9487cbcab90541a5f551,ParameterMention,,53906009b26dbd6a03fc9e0d1e2e8803aaa2f8962a209fca8210d39a5e278d65,53906009b26dbd6a03fc9e0d1e2e8803aaa2f8962a209fca8210d39a5e278d65#clause_0003,,,,mechanism_b74253c6a42ec65c3e27,,,pm_9487cbcab90541a5f551,,time_window,7:00,,07:00,time_window,,,,,,0.977246,True,True,,step7b_iterB_rulefix,strict_all
ParameterMention:pm_94d319bb3a22ee6795d8,ParameterMention,,9634a7cefdb8a7018741e8ef683bb7b815f1dbc1d60d42350574f3dd240e55b7,9634a7cefdb8a7018741e8ef683bb7b815f1dbc1d60d42350574f3dd240e55b7#clause_0002,,,,mechanism_1681c931271cc97ed480,,,pm_94d319bb3a22ee6795d8,,ratio_target,70,%,70.0,percent,,,,,,0.554779,True,False,,step7b_iterB_rulefix,strict_all
ParameterMention:pm_94d6ae318d4fa1f2c163,ParameterMention,,59fb420eead4837faf2f90b58927c9c874cd61e9cfbcb91d127cfeeb50f5be76,59fb420eead4837faf2f90b58927c9c874cd61e9cfbcb91d127cfeeb50f5be76#clause_0000,,,,mechanism_dd23d5104ee9b04725f1,,,pm_94d6ae318d4fa1f2c163,,ratio_target,18,%,18.0,percent,,,,,,0.860566,True,True,,step7b_iterB_rulefix,strict_all
ParameterMention:pm_94f146e063d3f0cd3836,ParameterMention,,8e6fda04dc4cc2a5dabc23280052ecf857f10f0630620fa83d268a2bad0818f2,8e6fda04dc4cc2a5dabc23280052ecf857f10f0630620fa83d268a2bad0818f2#clause_0000,,,,mechanism_cd5b1108305889b62123,,,pm_94f146e063d3f0cd3836,,time_window,4:00-8:00,时段,04:00-08:00,time_window,,,,,,0.999983,True,True,,step7b_iterB_rulefix,strict_all
ParameterMention:pm_95272254c2ccde7b9e27,ParameterMention,,cc7addf8ff4efe3409afac8915cc6b8df3283617d08af2da6658e58933736301,cc7addf8ff4efe3409afac8915cc6b8df3283617d08af2da6658e58933736301#clause_0003,,,,mechanism_1cbaef9a4c85f0cae388,,,pm_95272254c2ccde7b9e27,,time_window,21:00-22:00,时段,21:00-22:00,time_window,,,,,,0.997892,True,True,,step7b_iterB_rulefix,strict_all
ParameterMention:pm_953385f2aee54196dd0f,ParameterMention,,6970500b879273b0b83bb7a489716ace3a254448e313c9392b1c8d699aa8443a,6970500b879273b0b83bb7a489716ace3a254448e313c9392b1c8d699aa8443a#clause_0012,,,,mechanism_6afb27fdb231ebd6e518,,,pm_953385f2aee54196dd0f,,area_subsidy_amount,200,元,200.0,yuan_per_sqm,,,,,,0.997892,True,True,,step7b_iterB_rulefix,strict_all
ParameterMention:pm_9553e83e3482c17b59c1,ParameterMention,,eb659fbcd99dcc85f2745f39faae903578c8a5403a504ed63c81c4ca3987afc3,eb659fbcd99dcc85f2745f39faae903578c8a5403a504ed63c81c4ca3987afc3#clause_0002,,,,mechanism_bf90929b3d527d6da52e,,,pm_9553e83e3482c17b59c1,,ratio_target,20,%,20.0,percent,,,,,,0.554779,True,False,,step7b_iterB_rulefix,strict_all
ParameterMention:pm_9577c2caf93b3ac24797,ParameterMention,,609908d9bcfc33e3897206e5078e6cd00772ed380b661406f29cddfcd122f57d,609908d9bcfc33e3897206e5078e6cd00772ed380b661406f29cddfcd122f57d#clause_0002,,,,mechanism_48d0ebc301a70f7d8ff7,,,pm_9577c2caf93b3ac24797,,time_window,6:00-8:00,时段,06:00-08:00,time_window,,,,,,0.996859,True,True,,step7b_iterB_rulefix,strict_all
ParameterMention:pm_957e816197af8c630662,ParameterMention,,41eed2fc03a95dc30af898124e00962d37f00dd998abb5da87c6e10e209db169,41eed2fc03a95dc30af898124e00962d37f00dd998abb5da87c6e10e209db169#clause_0009,,,,mechanism_eb03db729efa471eaf2d,,,pm_957e816197af8c630662,,subsidy_amount,2000,元,2000.0,yuan,,,,,,0.999996,True,True,,step7b_iterB_rulefix,strict_all
ParameterMention:pm_95a3463a25d11f963efc,ParameterMention,,6970500b879273b0b83bb7a489716ace3a254448e313c9392b1c8d699aa8443a,6970500b879273b0b83bb7a489716ace3a254448e313c9392b1c8d699aa8443a#clause_0013,,,,mechanism_0ee34fa7882338fb70bf,,,pm_95a3463a25d11f963efc,,ratio_target,80,%,80.0,percent,,,,,,0.603483,True,True,,step7b_iterB_rulefix,strict_all
ParameterMention:pm_95e8fa387b60af328774,ParameterMention,,c87c6c303d4ebe0bce627bed2792bac1dd9e89ad192d23b7144aa9570705b240,c87c6c303d4ebe0bce627bed2792bac1dd9e89ad192d23b7144aa9570705b240#clause_0002,,,,mechanism_35e61ca458ea66ceba0d,,,pm_95e8fa387b60af328774,,subsidy_amount,180,元,180.0,yuan,,,,,,0.997892,True,True,,step7b_iterB_rulefix,strict_all
ParameterMention:pm_95f77064746b1e6303aa,ParameterMention,,19b81e147d4c1292e577c2e1ab84419e792b779d8e0a823ba5d99750039e25cd,19b81e147d4c1292e577c2e1ab84419e792b779d8e0a823ba5d99750039e25cd#clause_0001,,,,mechanism_62b4fbac7c27f9689536,,,pm_95f77064746b1e6303aa,,subsidy_amount,1040,元,1040.0,yuan,,,,,,0.999574,True,True,,step7b_iterB_rulefix,strict_all
ParameterMention:pm_9605a400eacabf60c734,ParameterMention,,9977a1b4a371e69cc97e07c3dc35c2f6e10314b35aaf7e35995468d3930cbcea,9977a1b4a371e69cc97e07c3dc35c2f6e10314b35aaf7e35995468d3930cbcea#clause_0003,,,,mechanism_8cf0a624e4c85a2f56d9,,,pm_9605a400eacabf60c734,,price_delta_pct,80,%,80.0,percent,,,,,,0.808455,True,True,,step7b_iterB_rulefix,strict_all
ParameterMention:pm_96637ae9ebc8d8e03469,ParameterMention,,6cb18e49eef7e01ce34c704b30e6ccb4c6e2697977a292460da68fe51b13ae6d,6cb18e49eef7e01ce34c704b30e6ccb4c6e2697977a292460da68fe51b13ae6d#clause_0002,,,,mechanism_90f783cf19d9b620b06c,,,pm_96637ae9ebc8d8e03469,,subsidy_amount,1200,元,1200.0,yuan,,,,,,0.999574,True,True,,step7b_iterB_rulefix,strict_all
ParameterMention:pm_96a848689cd6ba203859,ParameterMention,,509a0ad904c063d5cf05fca6cbf14e771fafd94288045c9c2d767dc19ec43ab5,509a0ad904c063d5cf05fca6cbf14e771fafd94288045c9c2d767dc19ec43ab5#clause_0001,,,,mechanism_cc5148f458d9cd9ed23c,,,pm_96a848689cd6ba203859,,duration_threshold_hour,10,小时,10.0,hour,,,,,,0.59,True,False,,step7b_iterB_rulefix,strict_all
ParameterMention:pm_96b60d29ec84e5fae2b1,ParameterMention,,f0504aae844e886a34041b00b27979b42a08612c461a8d553797330210658574,f0504aae844e886a34041b00b27979b42a08612c461a8d553797330210658574#clause_0000,,,,mechanism_be0638f92c5ba08a32c4,,,pm_96b60d29ec84e5fae2b1,,ratio_target,15,%,15.0,percent,,,,,,0.554779,True,False,,step7b_iterB_rulefix,strict_all
ParameterMention:pm_97233cfbfdbb826377c6,ParameterMention,,b6ac32394452c6d0ae0c24d7fb0f3da37e1c69cccd0cb1261cfbe06d98960bfe,b6ac32394452c6d0ae0c24d7fb0f3da37e1c69cccd0cb1261cfbe06d98960bfe#clause_0005,,,,mechanism_8bc11b8d2b9e1bf44744,,,pm_97233cfbfdbb826377c6,,consumption_threshold_kwh,6000,元/千瓦时,6000.0,kwh,,,,,,0.858149,True,True,,step7b_iterB_rulefix,strict_all
ParameterMention:pm_972d6c5f3a3a8c6b81ed,ParameterMention,,e5086c754f7ebfd84a885046912ad75054fcb20a8134c99886138a57a5d80ab7,e5086c754f7ebfd84a885046912ad75054fcb20a8134c99886138a57a5d80ab7#clause_0001,,,,mechanism_12f9c294d55669c9f205,,,pm_972d6c5f3a3a8c6b81ed,,subsidy_amount,3,万元,3.0,ten_thousand_yuan,,,,,,0.981293,True,True,,step7b_iterB_rulefix,strict_all
ParameterMention:pm_9742624627a3e3693bcb,ParameterMention,,8ff4be5e9f150c3bdbcf092c80c3c0b53be7375d0f00106ad6ada53c4e2294a5,8ff4be5e9f150c3bdbcf092c80c3c0b53be7375d0f00106ad6ada53c4e2294a5#clause_0003,,,,mechanism_712e31c3ed2ce9ca6fe2,,,pm_9742624627a3e3693bcb,,ratio_target,30,%,30.0,percent,,,,,,0.694236,True,True,,step7b_iterB_rulefix,strict_all
ParameterMention:pm_97a748b5834cdf08edfc,ParameterMention,,438c0392b9db32d7f7e7063819ff233da3aefc768abccbae0d8cebcf58748a29,438c0392b9db32d7f7e7063819ff233da3aefc768abccbae0d8cebcf58748a29#clause_0002,,,,mechanism_31e4048a8768776a0bfb,,,pm_97a748b5834cdf08edfc,,subsidy_amount,180,元,180.0,yuan,,,,,,0.997892,True,True,,step7b_iterB_rulefix,strict_all
ParameterMention:pm_98011c10aa729ac591c6,ParameterMention,,7b751605b49132dd141591500721a0a0aeef9413b412efd887a6985a4ada323a,7b751605b49132dd141591500721a0a0aeef9413b412efd887a6985a4ada323a#clause_0001,,,,mechanism_af82b4583eb2a08b7990,,,pm_98011c10aa729ac591c6,,ratio_target,40,％,40.0,percent,,,,,,0.999999,True,True,,step7b_iterB_rulefix,strict_all
ParameterMention:pm_989aea584c3fec0bdb4d,ParameterMention,,f6b0d052adf6d0a230e2a61659b671708d4098acae657910b3de04d53301f75a,f6b0d052adf6d0a230e2a61659b671708d4098acae657910b3de04d53301f75a#clause_0001,,,,mechanism_acd789bab267861d55c4,,,pm_989aea584c3fec0bdb4d,,price_delta_pct,1.9,%,1.9,percent,,,,,,0.608259,True,True,,step7b_iterB_rulefix,strict_all
ParameterMention:pm_99051e108570dd40fbf6,ParameterMention,,9b9dc731d84971b347984a61cebe82dfa99c5011c92f8e92ff5e8eae8821ced0,9b9dc731d84971b347984a61cebe82dfa99c5011c92f8e92ff5e8eae8821ced0#clause_0003,,,,mechanism_07368b2debd3a1bfeca3,,,pm_99051e108570dd40fbf6,,time_window,10:00-14:00,%,10:00-14:00,time_window,,,,,,0.723122,True,True,,step7b_iterB_rulefix,strict_all
ParameterMention:pm_9916b5620560d6debf79,ParameterMention,,a90ad1a3b708e8808bab56f3ff9155d788b100ae8fd28a759d636304a9fb6b03,a90ad1a3b708e8808bab56f3ff9155d788b100ae8fd28a759d636304a9fb6b03#clause_0003,,,,mechanism_30c8fce1fa561737a342,,,pm_9916b5620560d6debf79,,time_window,22:00-24:00,时段,22:00-24:00,time_window,,,,,,0.997892,True,True,,step7b_iterB_rulefix,strict_all
ParameterMention:pm_99228ac1cca620cb46cd,ParameterMention,,f7c1229055e5b5f8c595b6f108b78348c5aca9652ef3bf154140ac486cf0f78e,f7c1229055e5b5f8c595b6f108b78348c5aca9652ef3bf154140ac486cf0f78e#clause_0001,,,,mechanism_5aaefc5d76d43e14bef4,,,pm_99228ac1cca620cb46cd,,price_delta_pct,1.5,%,1.5,percent,,,,,,0.608259,True,True,,step7b_iterB_rulefix,strict_all
ParameterMention:pm_99361242feb244ee2a67,ParameterMention,,21a5c67e61e80e1324726c39e931d5faa3ef2db450f2e5421f7a10df4fe56b97,21a5c67e61e80e1324726c39e931d5faa3ef2db450f2e5421f7a10df4fe56b97#clause_0002,,,,mechanism_875c8ee91e78c895d76f,,,pm_99361242feb244ee2a67,,price_delta_pct,1.5:1:0.5,%,0.5,percent,,,,,,0.985797,True,True,,step7b_iterB_rulefix,strict_all
ParameterMention:pm_995a569e91331be72b1e,ParameterMention,,3c1392fd897f1d095efaa1ae2a1eaa5c0c3df313cd5a9a185aacffe05575b886,3c1392fd897f1d095efaa1ae2a1eaa5c0c3df313cd5a9a185aacffe05575b886#clause_0009,,,,mechanism_ec82851d9e393092e638,,,pm_995a569e91331be72b1e,,subsidy_amount,1500,元,1500.0,yuan,,,,,,0.999996,True,True,,step7b_iterB_rulefix,strict_all
ParameterMention:pm_997e5fd9884032dff89e,ParameterMention,,3e01f17b897c9feee5fc314db8aefdb21db1935f389688d626165886eda313fe,3e01f17b897c9feee5fc314db8aefdb21db1935f389688d626165886eda313fe#clause_0003,,,,mechanism_29a72930d3afde7a77a4,,,pm_997e5fd9884032dff89e,,ratio_target,10,%,10.0,percent,,,,,,0.968324,True,True,,step7b_iterB_rulefix,strict_all
ParameterMention:pm_997f150a63762f80d78b,ParameterMention,,0de53d8f7a3a1c2de8a8ce98c12216d63084f7e235dd8ddcc02f07760d36a17a,0de53d8f7a3a1c2de8a8ce98c12216d63084f7e235dd8ddcc02f07760d36a17a#clause_0000,,,,mechanism_48141ab6a3842b21a876,,,pm_997f150a63762f80d78b,,price_delta_pct,1.9,%,1.9,percent,,,,,,0.529964,True,False,,step7b_iterB_rulefix,strict_all
ParameterMention:pm_99d55d436223c13ab7f5,ParameterMention,,d093bca3315576388f93648eb80178c1d6231b42de0de86db5ead37b5950bf2c,d093bca3315576388f93648eb80178c1d6231b42de0de86db5ead37b5950bf2c#clause_0006,,,,mechanism_1c176ac8dd80412dce21,,,pm_99d55d436223c13ab7f5,,ratio_target,55,%,55.0,percent,,,,,,0.554779,True,False,,step7b_iterB_rulefix,strict_all
ParameterMention:pm_9a223afd22b37119e3d2,ParameterMention,,6970500b879273b0b83bb7a489716ace3a254448e313c9392b1c8d699aa8443a,6970500b879273b0b83bb7a489716ace3a254448e313c9392b1c8d699aa8443a#clause_0019,,,,mechanism_d799f1a0f9b26b3791d8,,,pm_9a223afd22b37119e3d2,,subsidy_amount,16.2,万元,16.2,ten_thousand_yuan,,,,,,1.0,True,True,,step7b_iterB_rulefix,strict_all
ParameterMention:pm_9a85cab3653f97c9eff6,ParameterMention,,632c503920a67e010e21ba8cc1bfddfd101d9f4a5981b038ab8e365c65c57b08,632c503920a67e010e21ba8cc1bfddfd101d9f4a5981b038ab8e365c65c57b08#clause_0004,,,,mechanism_945b6a873a0484746a9a,,,pm_9a85cab3653f97c9eff6,,price_value,0.04,元/千瓦时,0.04,yuan_per_kwh,,,,,,0.539915,True,False,,step7b_iterB_rulefix,strict_all
ParameterMention:pm_9a94dabc42de03693140,ParameterMention,,6ca5d9d44b93a3440cc8f24b4feda441563e6841021017b2c5db628a6976c9f5,6ca5d9d44b93a3440cc8f24b4feda441563e6841021017b2c5db628a6976c9f5#clause_0010,,,,mechanism_c28105b562f5ec483715,,,pm_9a94dabc42de03693140,,subsidy_amount,2000,元,2000.0,yuan,,,,,,0.950734,True,True,,step7b_iterB_rulefix,strict_all
ParameterMention:pm_9add98565c854a94bb69,ParameterMention,,40eaa271256c3f5b89ddb8760613b6fabdcf0efb295059429c972a9d9abc394a,40eaa271256c3f5b89ddb8760613b6fabdcf0efb295059429c972a9d9abc394a#clause_0002,,,,mechanism_1abd240e3c1259bd39d9,,,pm_9add98565c854a94bb69,,ratio_target,15,%,15.0,percent,,,,,,0.554779,True,False,,step7b_iterB_rulefix,strict_all
ParameterMention:pm_9affabedc1295b325492,ParameterMention,,e96954454202c06919fb26233a2f5743477ff62fe26d6f194b805da4176b5fcb,e96954454202c06919fb26233a2f5743477ff62fe26d6f194b805da4176b5fcb#clause_0004,,,,mechanism_0b6160ada7101831cf49,,,pm_9affabedc1295b325492,,price_value,0.825,度,0.825,yuan,,,,,,0.539915,True,False,,step7b_iterB_rulefix,strict_all
ParameterMention:pm_9b3eec6d5ed490b0b860,ParameterMention,,6970500b879273b0b83bb7a489716ace3a254448e313c9392b1c8d699aa8443a,6970500b879273b0b83bb7a489716ace3a254448e313c9392b1c8d699aa8443a#clause_0012,,,,mechanism_6afb27fdb231ebd6e518,,,pm_9b3eec6d5ed490b0b860,,area_subsidy_amount,100,元,0.0,yuan_per_sqm,,,,,,0.997892,True,True,,step7b_iterB_rulefix,strict_all
ParameterMention:pm_9b50b7ea835a23fc6499,ParameterMention,,eb659fbcd99dcc85f2745f39faae903578c8a5403a504ed63c81c4ca3987afc3,eb659fbcd99dcc85f2745f39faae903578c8a5403a504ed63c81c4ca3987afc3#clause_0005,,,,mechanism_5eadbbfdd29e29fac4a5,,,pm_9b50b7ea835a23fc6499,,tonnage_threshold,3000,吨,3000.0,ton,,,,,,0.990806,True,True,,step7b_iterB_rulefix,strict_all
ParameterMention:pm_9b6f9465f30830195471,ParameterMention,,693f3a55fe86330e400962dd0b43476d41023ad39e89f0254b4f9e2651efaca2,693f3a55fe86330e400962dd0b43476d41023ad39e89f0254b4f9e2651efaca2#clause_0001,,,,mechanism_9c7e0f03846f9d46fa6f,,,pm_9b6f9465f30830195471,,consumption_threshold_kwh,180,度,180.0,kwh,,,,,,0.880797,True,True,,step7b_iterB_rulefix,strict_all
ParameterMention:pm_9be0bb5739050b2d964d,ParameterMention,,2f9184a72b1488e94b2de32d7d9489e5d523b09268cd7142f059723054a93828,2f9184a72b1488e94b2de32d7d9489e5d523b09268cd7142f059723054a93828#clause_0003,,,,mechanism_cbedd9473edad25230f5,,,pm_9be0bb5739050b2d964d,,ratio_target,1.7:1:0.38,峰平谷比价,1.7:1:0.38,none,,,,,,0.5,True,False,,step7b_iterB_rulefix,strict_all
ParameterMention:pm_9be3edb5941497c7a092,ParameterMention,,62f668d2db29a9b35b4e6b01f6064c10ad77ad238436d5b7314a37cbf4824821,62f668d2db29a9b35b4e6b01f6064c10ad77ad238436d5b7314a37cbf4824821#clause_0002,,,,mechanism_350301622fb30b399168,,,pm_9be3edb5941497c7a092,,subsidy_amount,180,元,180.0,yuan,,,,,,0.997892,True,True,,step7b_iterB_rulefix,strict_all
ParameterMention:pm_9cf5a4960bb7a561c779,ParameterMention,,53fc822864624a590cef5b5fa21ff00698716adde9cef0962459c0216e2b8855,53fc822864624a590cef5b5fa21ff00698716adde9cef0962459c0216e2b8855#clause_0009,,,,mechanism_40593f1eeb7a15ff4882,,,pm_9cf5a4960bb7a561c779,,ratio_target,70,%,70.0,percent,,,,,,0.554779,True,False,,step7b_iterB_rulefix,strict_all
ParameterMention:pm_9cf6ac5a3d1b2b2596b6,ParameterMention,,8a38fc0ed229ca59f4e8c0338588ed972cd97c0a52ee067064d2d696dd9021bd,8a38fc0ed229ca59f4e8c0338588ed972cd97c0a52ee067064d2d696dd9021bd#clause_0001,,,,mechanism_24c912014584636d4669,,,pm_9cf6ac5a3d1b2b2596b6,,subsidy_amount,10,万元,10.0,ten_thousand_yuan,,,,,,0.999996,True,True,,step7b_iterB_rulefix,strict_all
ParameterMention:pm_9cfa767322e7edbc8a3b,ParameterMention,,1fa29c73a41d6d62bb74e065c64724a1eb5075621c22e96288682d2c4c141f5d,1fa29c73a41d6d62bb74e065c64724a1eb5075621c22e96288682d2c4c141f5d#clause_0007,,,,mechanism_2cda5b49ad9ddfe6d7a4,,,pm_9cfa767322e7edbc8a3b,,price_value,0.05,元,0.05,yuan,,,,,,0.823465,True,True,,step7b_iterB_rulefix,strict_all
ParameterMention:pm_9d58b0072e5a98a26f5e,ParameterMention,,6618b31ad2d2553801e75f1d42256338782cda332eb141a7fea6466fee1dccfd,6618b31ad2d2553801e75f1d42256338782cda332eb141a7fea6466fee1dccfd#clause_0010,,,,mechanism_6121140aa1f10b089a67,,,pm_9d58b0072e5a98a26f5e,,subsidy_amount,300,元,300.0,yuan,,,,,,0.999574,True,True,,step7b_iterB_rulefix,strict_all
ParameterMention:pm_9dc555531f4fd1e52949,ParameterMention,,0de53d8f7a3a1c2de8a8ce98c12216d63084f7e235dd8ddcc02f07760d36a17a,0de53d8f7a3a1c2de8a8ce98c12216d63084f7e235dd8ddcc02f07760d36a17a#clause_0000,,,,mechanism_48141ab6a3842b21a876,,,pm_9dc555531f4fd1e52949,,price_delta_pct,1.5,%,1.5,percent,,,,,,0.529964,True,False,,step7b_iterB_rulefix,strict_all
ParameterMention:pm_9e13b3e819d03ad4f057,ParameterMention,,438c0392b9db32d7f7e7063819ff233da3aefc768abccbae0d8cebcf58748a29,438c0392b9db32d7f7e7063819ff233da3aefc768abccbae0d8cebcf58748a29#clause_0001,,,,mechanism_fb1d42257ed6be368c4f,,,pm_9e13b3e819d03ad4f057,,subsidy_amount,180,元,180.0,yuan,,,,,,0.999574,True,True,,step7b_iterB_rulefix,strict_all
ParameterMention:pm_9e950cde92f8797d9cdb,ParameterMention,,3c1392fd897f1d095efaa1ae2a1eaa5c0c3df313cd5a9a185aacffe05575b886,3c1392fd897f1d095efaa1ae2a1eaa5c0c3df313cd5a9a185aacffe05575b886#clause_0022,,,,mechanism_ea7ac7fff0dc22d4630d,,,pm_9e950cde92f8797d9cdb,,subsidy_amount,15,万元,16.2,ten_thousand_yuan,,,,,,0.999983,True,True,,step7b_iterB_rulefix,strict_all
ParameterMention:pm_9ee5b7d67b47b98727eb,ParameterMention,,856652d4d7364977a05a7a183b892b5d146cb65bbc1a45dd030bcf53c76f25b3,856652d4d7364977a05a7a183b892b5d146cb65bbc1a45dd030bcf53c76f25b3#clause_0004,,,,mechanism_228c52eca0369749d680,,,pm_9ee5b7d67b47b98727eb,,consumption_threshold_kwh,4200,千瓦时,4200.0,kwh,,,,,,0.9995,True,True,,step7b_iterB_rulefix,strict_all
ParameterMention:pm_9f5101d0306fd1fae798,ParameterMention,,8892852e8071ae32c3725e87e81968070485fe999feb530a747dad8a040341e0,8892852e8071ae32c3725e87e81968070485fe999feb530a747dad8a040341e0#clause_0002,,,,mechanism_e3a263095fb55ce715f0,,,pm_9f5101d0306fd1fae798,,subsidy_amount,1.5,万元,1.5,ten_thousand_yuan,,,,,,0.981293,True,True,,step7b_iterB_rulefix,strict_all
ParameterMention:pm_9f563553e717ecbcffc4,ParameterMention,,cc7addf8ff4efe3409afac8915cc6b8df3283617d08af2da6658e58933736301,cc7addf8ff4efe3409afac8915cc6b8df3283617d08af2da6658e58933736301#clause_0001,,,,mechanism_9cd9ab8742ecdffff267,,,pm_9f563553e717ecbcffc4,,time_window,8:00-15:00,时段,08:00-15:00,time_window,,,,,,0.997892,True,True,,step7b_iterB_rulefix,strict_all
ParameterMention:pm_9f7afc8bd3a6ae86546d,ParameterMention,,ef37ae60155da7c864e6bbcd497682534bd9bff051369c9d8862797716ff8af2,ef37ae60155da7c864e6bbcd497682534bd9bff051369c9d8862797716ff8af2#clause_0000,,,,mechanism_2d8bd71ab3d7d228954e,,,pm_9f7afc8bd3a6ae86546d,,time_window,17:00-19:00,%,17:00-19:00,time_window,,,,,,0.998586,True,True,,step7b_iterB_rulefix,strict_all
ParameterMention:pm_9f9950367059e50b105f,ParameterMention,,3aadd2a404bd555714a18eb3488f76d8c7aecef9b833da8698eff658fb12e0e3,3aadd2a404bd555714a18eb3488f76d8c7aecef9b833da8698eff658fb12e0e3#clause_0002,,,,mechanism_bf6f47f9c80ba0e86895,,,pm_9f9950367059e50b105f,,subsidy_amount,1.5,万元,1.5,ten_thousand_yuan,,,,,,0.981293,True,True,,step7b_iterB_rulefix,strict_all
ParameterMention:pm_a0388f879e87afeab949,ParameterMention,,6970500b879273b0b83bb7a489716ace3a254448e313c9392b1c8d699aa8443a,6970500b879273b0b83bb7a489716ace3a254448e313c9392b1c8d699aa8443a#clause_0025,,,,mechanism_a7d7e0cd291382238ba2,,,pm_a0388f879e87afeab949,,subsidy_amount,2000,元,2000.0,yuan,,,,,,0.989646,True,True,,step7b_iterB_rulefix,strict_all
ParameterMention:pm_a044c5eac9f01949b954,ParameterMention,,34de2093bea75d704c113e23bf49b9018637efa1841e90bf224a6566684fd8df,34de2093bea75d704c113e23bf49b9018637efa1841e90bf224a6566684fd8df#clause_0001,,,,mechanism_68b54d92a1f0539c4203,,,pm_a044c5eac9f01949b954,,ratio_target,40,％,40.0,percent,,,,,,0.999999,True,True,,step7b_iterB_rulefix,strict_all
ParameterMention:pm_a072ff1721248e1cdaf3,ParameterMention,,d171f5c9ffcc84e6c44576635c6bf0c74d7a441eb935c00257be34cfe5ace627,d171f5c9ffcc84e6c44576635c6bf0c74d7a441eb935c00257be34cfe5ace627#clause_0001,,,,mechanism_641977c37a99112b5fc5,,,pm_a072ff1721248e1cdaf3,,consumption_threshold_kwh,180,度,180.0,kwh,,,,,,0.985226,True,True,,step7b_iterB_rulefix,strict_all
ParameterMention:pm_a082dacee89fab4da6bc,ParameterMention,,b5738e1db12f50b7e6a3416bacdba11f06c5373d2cb3d80d31a90bdf09b3ddb1,b5738e1db12f50b7e6a3416bacdba11f06c5373d2cb3d80d31a90bdf09b3ddb1#clause_0003,,,,mechanism_cf39fdfa1564950bf413,,,pm_a082dacee89fab4da6bc,,time_window,6:00-12:00,时段,06:00-12:00,time_window,,,,,,0.984632,True,True,,step7b_iterB_rulefix,strict_all
ParameterMention:pm_a0eb2b4b1ad8f6413da7,ParameterMention,,40589565082dc74e8463d8e9c6ea201603035cfd7520a8ee3df916591204894b,40589565082dc74e8463d8e9c6ea201603035cfd7520a8ee3df916591204894b#clause_0002,,,,mechanism_2a4b7281c08ceb4695da,,,pm_a0eb2b4b1ad8f6413da7,,price_delta_pct,1.9,%,1.9,percent,,,,,,0.608259,True,True,,step7b_iterB_rulefix,strict_all
ParameterMention:pm_a150cf7f65acd3c7ffcd,ParameterMention,,00a12958eaee9a105dcc89c19bd002fa5ac8761a4154324faee32237e8364fec,00a12958eaee9a105dcc89c19bd002fa5ac8761a4154324faee32237e8364fec#clause_0004,,,,mechanism_af91596153d51bc45ad8,,,pm_a150cf7f65acd3c7ffcd,,ratio_target,90,%,90.0,percent,,,,,,0.554779,True,False,,step7b_iterB_rulefix,strict_all
ParameterMention:pm_a1578e849b37a08d10c3,ParameterMention,,a90ad1a3b708e8808bab56f3ff9155d788b100ae8fd28a759d636304a9fb6b03,a90ad1a3b708e8808bab56f3ff9155d788b100ae8fd28a759d636304a9fb6b03#clause_0001,,,,mechanism_da927f7f624784229bcb,,,pm_a1578e849b37a08d10c3,,price_value,0.10,元/千瓦时,0.1,yuan_per_kwh,,,,,,0.73885,True,True,,step7b_iterB_rulefix,strict_all
ParameterMention:pm_a15aca173d608e747dfb,ParameterMention,,0ae95f60cf40ef3dbcc874d7e32a0ed5a3d91c7d587ec5cae592c8064a14b8f8,0ae95f60cf40ef3dbcc874d7e32a0ed5a3d91c7d587ec5cae592c8064a14b8f8#clause_0002,,,,mechanism_f2ef0b71c6c31334e07e,,,pm_a15aca173d608e747dfb,,ratio_target,10,%,10.0,percent,,,,,,0.960834,True,True,,step7b_iterB_rulefix,strict_all
ParameterMention:pm_a16fc7edd9d001d5d93c,ParameterMention,,869f1167336d179cdaad4a6fe47e4b0f5ad79fa8075d3bd91d28203f0c8b3282,869f1167336d179cdaad4a6fe47e4b0f5ad79fa8075d3bd91d28203f0c8b3282#clause_0001,,,,mechanism_526b19ea34664bafff5a,,,pm_a16fc7edd9d001d5d93c,,price_delta_pct,1.9,%,1.9,percent,,,,,,0.608259,True,True,,step7b_iterB_rulefix,strict_all
ParameterMention:pm_a1bfaeee1bd40507af4c,ParameterMention,,83348a380b3b3d6a053a6b89707affb993adc6db4dd70aed9d2fc76779e202b5,83348a380b3b3d6a053a6b89707affb993adc6db4dd70aed9d2fc76779e202b5#clause_0006,,,,mechanism_cd5f98861a494921959b,,,pm_a1bfaeee1bd40507af4c,,duration_threshold_month,不少于两,,2.0,month,,,,,,0.706822,True,False,,step7b_iterB_rulefix,strict_all
ParameterMention:pm_a278fdf634ab97066fa0,ParameterMention,,34de2093bea75d704c113e23bf49b9018637efa1841e90bf224a6566684fd8df,34de2093bea75d704c113e23bf49b9018637efa1841e90bf224a6566684fd8df#clause_0004,,,,mechanism_05f35ada818e6b84ed06,,,pm_a278fdf634ab97066fa0,,ratio_target,100,％,100.0,percent,,,,,,0.97288,True,True,,step7b_iterB_rulefix,strict_all
ParameterMention:pm_a2aa39cb5281326323d3,ParameterMention,,a63aaa1b99aae78cd58b5beb8c271e538c4b10b43ff4aff7312d6e081dd79eed,a63aaa1b99aae78cd58b5beb8c271e538c4b10b43ff4aff7312d6e081dd79eed#clause_0019,,,,mechanism_02b9899473cc4c31172c,,,pm_a2aa39cb5281326323d3,,ratio_target,20,%,20.0,percent,,,,,,0.798991,True,True,,step7b_iterB_rulefix,strict_all
ParameterMention:pm_a2b2b08bbf9112b3adce,ParameterMention,,8b20b8b5d683f19fe69f3fa1ec0f3272c5e99b10590f82cf4e238232ec7ee7fa,8b20b8b5d683f19fe69f3fa1ec0f3272c5e99b10590f82cf4e238232ec7ee7fa#clause_0000,,,,mechanism_a58fea38cdb1f4818289,,,pm_a2b2b08bbf9112b3adce,,price_value,0.17,元,0.17,yuan,,,,,,0.999988,True,True,,step7b_iterB_rulefix,strict_all
ParameterMention:pm_a2c7f6c9aaf6b2e4647b,ParameterMention,,21a5c67e61e80e1324726c39e931d5faa3ef2db450f2e5421f7a10df4fe56b97,21a5c67e61e80e1324726c39e931d5faa3ef2db450f2e5421f7a10df4fe56b97#clause_0001,,,,mechanism_efb85770b167dcadf8f5,,,pm_a2c7f6c9aaf6b2e4647b,,time_window,11:00-12:00,时段,11:00-12:00,time_window,,,,,,0.999574,True,True,,step7b_iterB_rulefix,strict_all
ParameterMention:pm_a2dba0cafe49122669b7,ParameterMention,,ad8d0971d97051367bf7e78a6885dd89b83772d35f94aaff8c56c77398caa167,ad8d0971d97051367bf7e78a6885dd89b83772d35f94aaff8c56c77398caa167#clause_0010,,,,mechanism_769116cb80944380dae0,,,pm_a2dba0cafe49122669b7,,subsidy_amount,600,元,600.0,yuan,,,,,,0.999142,True,True,,step7b_iterB_rulefix,strict_all
ParameterMention:pm_a2f773f937d13323868f,ParameterMention,,18aede9bc4a893e4dc4dcc46a9c6800761d8d391b46ad5d676d183b8aebaa183,18aede9bc4a893e4dc4dcc46a9c6800761d8d391b46ad5d676d183b8aebaa183#clause_0003,,,,mechanism_05a5d66a08f1546032d5,,,pm_a2f773f937d13323868f,,consumption_threshold_kwh,10,度,10.0,kwh,,,,,,0.832018,True,True,,step7b_iterB_rulefix,strict_all
ParameterMention:pm_a3ad72e6b53f8dc0bcbd,ParameterMention,,ee74d273b781a2f2d3b7cdfadfe4c9a63e6e423f10874fba1e3c84a0a1f35295,ee74d273b781a2f2d3b7cdfadfe4c9a63e6e423f10874fba1e3c84a0a1f35295#clause_0001,,,,mechanism_adf8e329fb2f48f92898,,,pm_a3ad72e6b53f8dc0bcbd,,consumption_threshold_kwh,200,千瓦时,200.0,kwh,,,,,,0.9995,True,True,,step7b_iterB_rulefix,strict_all
ParameterMention:pm_a3bf3776feb2c8c37b07,ParameterMention,,f6b0d052adf6d0a230e2a61659b671708d4098acae657910b3de04d53301f75a,f6b0d052adf6d0a230e2a61659b671708d4098acae657910b3de04d53301f75a#clause_0001,,,,mechanism_acd789bab267861d55c4,,,pm_a3bf3776feb2c8c37b07,,price_delta_pct,27,%,27.0,percent,,,,,,0.608259,True,True,,step7b_iterB_rulefix,strict_all
ParameterMention:pm_a405aff5e6eea2e2f774,ParameterMention,,9f3a13c9638cc5c7deb8ecad47f6052f7b19aa02e4514ce8b2b5376c00e60c86,9f3a13c9638cc5c7deb8ecad47f6052f7b19aa02e4514ce8b2b5376c00e60c86#clause_0001,,,,mechanism_76572fa89aeace723f5e,,,pm_a405aff5e6eea2e2f774,,consumption_threshold_kwh,210,度,210.0,kwh,,,,,,0.996982,True,True,,step7b_iterB_rulefix,strict_all
ParameterMention:pm_a45e2f2e02236c4c1563,ParameterMention,,83348a380b3b3d6a053a6b89707affb993adc6db4dd70aed9d2fc76779e202b5,83348a380b3b3d6a053a6b89707affb993adc6db4dd70aed9d2fc76779e202b5#clause_0002,,,,mechanism_b65181ad984a4e5dfdf3,,,pm_a45e2f2e02236c4c1563,,subsidy_amount,180,元,180.0,yuan,,,,,,0.997892,True,True,,step7b_iterB_rulefix,strict_all
ParameterMention:pm_a499a3829b9513d7e4e9,ParameterMention,,b7970415004e18258dafe12d1a8aab2812448cb5c877684915b31d587b891911,b7970415004e18258dafe12d1a8aab2812448cb5c877684915b31d587b891911#clause_0003,,,,mechanism_58e9b003e679bf3a311d,,,pm_a499a3829b9513d7e4e9,,price_value,0.6771,元,0.6771,yuan,,,,,,0.903784,True,True,,step7b_iterB_rulefix,strict_all
ParameterMention:pm_a4f71279a28dae3c6b54,ParameterMention,,9842b76e12450c90ad9c0680b04217082b8a8fafe2cef53d19367fc9dd8179c2,9842b76e12450c90ad9c0680b04217082b8a8fafe2cef53d19367fc9dd8179c2#clause_0003,,,,mechanism_b30b52bb7f8f83cba697,,,pm_a4f71279a28dae3c6b54,,price_value,0.2862,元/千瓦时,0.2862,yuan_per_kwh,,,,,,0.85321,True,True,,step7b_iterB_rulefix,strict_all
ParameterMention:pm_a57a4b6edb2582d784b5,ParameterMention,,6cb18e49eef7e01ce34c704b30e6ccb4c6e2697977a292460da68fe51b13ae6d,6cb18e49eef7e01ce34c704b30e6ccb4c6e2697977a292460da68fe51b13ae6d#clause_0000,,,,mechanism_0aa2ea57eb551e921f74,,,pm_a57a4b6edb2582d784b5,,subsidy_amount,0.1,元,0.1,yuan,,,,,,0.989646,True,True,,step7b_iterB_rulefix,strict_all
ParameterMention:pm_a57f5453b1162ebf148f,ParameterMention,,22683cdc818adbda88476b2ce5ef07bfd17154e8f751efbcf70c4b68e9dd70ba,22683cdc818adbda88476b2ce5ef07bfd17154e8f751efbcf70c4b68e9dd70ba#clause_0001,,,,mechanism_f692896ac3d42b576dbc,,,pm_a57f5453b1162ebf148f,,ratio_target,90,％,90.0,percent,,,,,,0.999999,True,True,,step7b_iterB_rulefix,strict_all
ParameterMention:pm_a58cb8adc3319f53e96f,ParameterMention,,a69f4fada444fbf3a5477b252309fb00555c6f7cb1797785c73b753cdaf02622,a69f4fada444fbf3a5477b252309fb00555c6f7cb1797785c73b753cdaf02622#clause_0002,,,,mechanism_122dcef34077afebf1ad,,,pm_a58cb8adc3319f53e96f,,subsidy_amount,0.1,元,0.1,yuan,,,,,,0.989646,True,True,,step7b_iterB_rulefix,strict_all
ParameterMention:pm_a59aeccde7098b840043,ParameterMention,,6ed6029ec536fdcb1c28233730ac3cff649d9109667a7f16206c20af41b9b4dc,6ed6029ec536fdcb1c28233730ac3cff649d9109667a7f16206c20af41b9b4dc#clause_0000,,,,mechanism_1a9d1c42a89af57c2d16,,,pm_a59aeccde7098b840043,,duration_threshold_hour,8,小时,8.0,hour,,,,,,0.978119,True,True,,step7b_iterB_rulefix,strict_all
ParameterMention:pm_a640547041360d8d65ed,ParameterMention,,6c3f38914bf7d624cb58e0b3fc02c0ffc21ee712e07549dd930cb57858df5ee7,6c3f38914bf7d624cb58e0b3fc02c0ffc21ee712e07549dd930cb57858df5ee7#clause_0001,,,,mechanism_fb51d114de685a38544e,,,pm_a640547041360d8d65ed,,target_household_count,13838,户,13838.0,household,,,,,,0.731059,True,True,,step7b_iterB_rulefix,strict_all
ParameterMention:pm_a6a95bb09992e71cc41d,ParameterMention,,7b751605b49132dd141591500721a0a0aeef9413b412efd887a6985a4ada323a,7b751605b49132dd141591500721a0a0aeef9413b412efd887a6985a4ada323a#clause_0003,,,,mechanism_5b18051513ae7b941f1c,,,pm_a6a95bb09992e71cc41d,,ratio_target,40,％,40.0,percent,,,,,,0.59,True,False,,step7b_iterB_rulefix,strict_all
ParameterMention:pm_a6bf64b14f04d89e0066,ParameterMention,,ebba22b0a7b7a9a06ccf6dfbe862a330eb615359451c4ccb8bff79fd2d9bd1ad,ebba22b0a7b7a9a06ccf6dfbe862a330eb615359451c4ccb8bff79fd2d9bd1ad#clause_0005,,,,mechanism_b0d9d409cc67046a7ccb,,,pm_a6bf64b14f04d89e0066,,ratio_target,90,%,90.0,percent,,,,,,0.554779,True,False,,step7b_iterB_rulefix,strict_all
ParameterMention:pm_a6cb6ed35fbc07c7f330,ParameterMention,,9b06cc894aac361e91193d1e2d076802b7d20c8895b79245d14a48f8ce5543ce,9b06cc894aac361e91193d1e2d076802b7d20c8895b79245d14a48f8ce5543ce#clause_0001,,,,mechanism_b876088018a0efb9bdec,,,pm_a6cb6ed35fbc07c7f330,,duration_threshold_hour,24,小时,24.0,hour,,,,,,0.999254,True,True,,step7b_iterB_rulefix,strict_all
ParameterMention:pm_a781649ca1d17ed21d42,ParameterMention,,ad8d0971d97051367bf7e78a6885dd89b83772d35f94aaff8c56c77398caa167,ad8d0971d97051367bf7e78a6885dd89b83772d35f94aaff8c56c77398caa167#clause_0005,,,,mechanism_c2e0fad79ba020bd9a80,,,pm_a781649ca1d17ed21d42,,subsidy_amount,5000,元,5000.0,yuan,,,,,,0.999993,True,True,,step7b_iterB_rulefix,strict_all
ParameterMention:pm_a7872545198d4604d43e,ParameterMention,,c2a4e02e4cd2e0f22c6b14e2826b94e5c6662dcc9e7b29844165f14d4e30aceb,c2a4e02e4cd2e0f22c6b14e2826b94e5c6662dcc9e7b29844165f14d4e30aceb#clause_0001,,,,mechanism_3cbb8f4de9aef7ee89b7,,,pm_a7872545198d4604d43e,,price_delta_pct,1.5,%,1.5,percent,,,,,,0.608259,True,True,,step7b_iterB_rulefix,strict_all
ParameterMention:pm_a7c7b5618d9ca04474dd,ParameterMention,,eb659fbcd99dcc85f2745f39faae903578c8a5403a504ed63c81c4ca3987afc3,eb659fbcd99dcc85f2745f39faae903578c8a5403a504ed63c81c4ca3987afc3#clause_0006,,,,mechanism_6d25d72867da894176f4,,,pm_a7c7b5618d9ca04474dd,,ratio_target,10,%,10.0,percent,,,,,,0.554779,True,False,,step7b_iterB_rulefix,strict_all
ParameterMention:pm_a7daff96812227902d04,ParameterMention,,e15bd62111869ef28d319c4782660d56e7d6f9284bf4198ae86a54d79d2940fe,e15bd62111869ef28d319c4782660d56e7d6f9284bf4198ae86a54d79d2940fe#clause_0001,,,,mechanism_fcc16d42aa6946a12da4,,,pm_a7daff96812227902d04,,price_delta_pct,27,%,27.0,percent,,,,,,0.608259,True,True,,step7b_iterB_rulefix,strict_all
ParameterMention:pm_a7e1e5fa6d52a23b234f,ParameterMention,,6f9e11a2d7c04d1e2e70825dcb404052e1219052d6c99430f5f25ebd988c1a72,6f9e11a2d7c04d1e2e70825dcb404052e1219052d6c99430f5f25ebd988c1a72#clause_0005,,,,mechanism_243da51d9228938a09ed,,,pm_a7e1e5fa6d52a23b234f,,consumption_threshold_kwh,10,千瓦时,10.0,kwh,,,,,,0.832018,True,True,,step7b_iterB_rulefix,strict_all
ParameterMention:pm_a8799cffc7974f36a2ea,ParameterMention,,6970500b879273b0b83bb7a489716ace3a254448e313c9392b1c8d699aa8443a,6970500b879273b0b83bb7a489716ace3a254448e313c9392b1c8d699aa8443a#clause_0014,,,,mechanism_2497eaa6fc0e2759dcb9,,,pm_a8799cffc7974f36a2ea,,ratio_target,80,%,80.0,percent,,,,,,0.993307,True,True,,step7b_iterB_rulefix,strict_all
ParameterMention:pm_a8a07e1dbe49a11a2e67,ParameterMention,,9f3a13c9638cc5c7deb8ecad47f6052f7b19aa02e4514ce8b2b5376c00e60c86,9f3a13c9638cc5c7deb8ecad47f6052f7b19aa02e4514ce8b2b5376c00e60c86#clause_0003,,,,mechanism_9b18830935bc0467a2f3,,,pm_a8a07e1dbe49a11a2e67,,price_value,0.8469,元/度,0.8469,yuan_per_kwh,,,,,,0.903784,True,True,,step7b_iterB_rulefix,strict_all
ParameterMention:pm_a8b032ae5ca54de68e15,ParameterMention,,6ca5d9d44b93a3440cc8f24b4feda441563e6841021017b2c5db628a6976c9f5,6ca5d9d44b93a3440cc8f24b4feda441563e6841021017b2c5db628a6976c9f5#clause_0009,,,,mechanism_5412f5f934062b0ac968,,,pm_a8b032ae5ca54de68e15,,subsidy_amount,1500,元,1500.0,yuan,,,,,,0.999996,True,True,,step7b_iterB_rulefix,strict_all
ParameterMention:pm_a8c3adec9ba11f03cdc7,ParameterMention,,6ca5d9d44b93a3440cc8f24b4feda441563e6841021017b2c5db628a6976c9f5,6ca5d9d44b93a3440cc8f24b4feda441563e6841021017b2c5db628a6976c9f5#clause_0021,,,,mechanism_0da0afe6ab689a9d353e,,,pm_a8c3adec9ba11f03cdc7,,target_household_count,500,户,500.0,household,,,,,,0.645656,True,True,,step7b_iterB_rulefix,strict_all
ParameterMention:pm_a8f24233930a8a212467,ParameterMention,,1fa29c73a41d6d62bb74e065c64724a1eb5075621c22e96288682d2c4c141f5d,1fa29c73a41d6d62bb74e065c64724a1eb5075621c22e96288682d2c4c141f5d#clause_0009,,,,mechanism_c78ec660b1b0ad33d3c7,,,pm_a8f24233930a8a212467,,price_value,0.52,元,0.52,yuan,,,,,,0.966431,True,True,,step7b_iterB_rulefix,strict_all
ParameterMention:pm_a91261987817796cd5f6,ParameterMention,,37057c32932e956503eb1ad05c772ba2cd53e2bba30c2a5b23eb9c15e6a785de,37057c32932e956503eb1ad05c772ba2cd53e2bba30c2a5b23eb9c15e6a785de#clause_0001,,,,mechanism_b86c72cbd4913c9cba0d,,,pm_a91261987817796cd5f6,,price_value,0.52,元,0.52,yuan,,,,,,0.978959,True,True,,step7b_iterB_rulefix,strict_all
ParameterMention:pm_a922630dc2cc8dd763a1,ParameterMention,,438c0392b9db32d7f7e7063819ff233da3aefc768abccbae0d8cebcf58748a29,438c0392b9db32d7f7e7063819ff233da3aefc768abccbae0d8cebcf58748a29#clause_0001,,,,mechanism_fb1d42257ed6be368c4f,,,pm_a922630dc2cc8dd763a1,,subsidy_amount,600,元,600.0,yuan,,,,,,0.999574,True,True,,step7b_iterB_rulefix,strict_all
ParameterMention:pm_a9327bc49174fa05bc66,ParameterMention,,693f3a55fe86330e400962dd0b43476d41023ad39e89f0254b4f9e2651efaca2,693f3a55fe86330e400962dd0b43476d41023ad39e89f0254b4f9e2651efaca2#clause_0005,,,,mechanism_a229f50741d63a8545b4,,,pm_a9327bc49174fa05bc66,,consumption_threshold_kwh,15,度,15.0,kwh,,,,,,0.598688,True,False,,step7b_iterB_rulefix,strict_all
ParameterMention:pm_a944c010b6bf6c70d909,ParameterMention,,15d322df36604ef5082b3cbb152c1ae45bda6ad3f5d941b024f5371b4210c4d8,15d322df36604ef5082b3cbb152c1ae45bda6ad3f5d941b024f5371b4210c4d8#clause_0004,,,,mechanism_c8ac1d2abe974aac7d66,,,pm_a944c010b6bf6c70d909,,price_delta_pct,20,%,20.0,percent,,,,,,0.999976,True,True,,step7b_iterB_rulefix,strict_all
ParameterMention:pm_a9ecd556d181cfb0260f,ParameterMention,,bd51cc43b481bc63bc7d269674f0a2f4518f280c59a782356bbaab35e7c9725c,bd51cc43b481bc63bc7d269674f0a2f4518f280c59a782356bbaab35e7c9725c#clause_0001,,,,mechanism_c3420540a40054b0e4bf,,,pm_a9ecd556d181cfb0260f,,consumption_threshold_kwh,20,千瓦时,20.0,kwh,,,,,,0.997806,True,True,,step7b_iterB_rulefix,strict_all
ParameterMention:pm_aa174660aa0c29ae9b8d,ParameterMention,,7ed0773389be1fab4cf4b39fd715e035135ac2f3585caf8e1b63b0017de0c7c9,7ed0773389be1fab4cf4b39fd715e035135ac2f3585caf8e1b63b0017de0c7c9#clause_0002,,,,mechanism_55e7a78a5eb5569d0012,,,pm_aa174660aa0c29ae9b8d,,consumption_threshold_kwh,13650,千瓦时,13650.0,kwh,,,,,,0.984015,True,True,,step7b_iterB_rulefix,strict_all
ParameterMention:pm_aa652761aca47c2c0ce6,ParameterMention,,194967a19fd4314cba42620eb15e046479532e091b0d5d6272bac1743b6debfe,194967a19fd4314cba42620eb15e046479532e091b0d5d6272bac1743b6debfe#clause_0000,,,,mechanism_73f8bd9aae7831205914,,,pm_aa652761aca47c2c0ce6,,ratio_target,50,%,50.0,percent,,,,,,0.981657,True,True,,step7b_iterB_rulefix,strict_all
ParameterMention:pm_aa673dce1d493e19d003,ParameterMention,,856652d4d7364977a05a7a183b892b5d146cb65bbc1a45dd030bcf53c76f25b3,856652d4d7364977a05a7a183b892b5d146cb65bbc1a45dd030bcf53c76f25b3#clause_0002,,,,mechanism_627353baf3e8e9923cb5,,,pm_aa673dce1d493e19d003,,consumption_threshold_kwh,181-350,千瓦时,350.0,kwh,,,,,,0.996982,True,True,,step7b_iterB_rulefix,strict_all
ParameterMention:pm_aa9ab67eb8b463904a6d,ParameterMention,,95f6ba6c18bedd1be1da79aa08a7d72056b883f00acb9c39d5361b880a4dd595,95f6ba6c18bedd1be1da79aa08a7d72056b883f00acb9c39d5361b880a4dd595#clause_0004,,,,mechanism_fa00683198b1432eb50d,,,pm_aa9ab67eb8b463904a6d,,price_value,0.0212,元,0.0212,yuan,,,,,,0.903784,True,True,,step7b_iterB_rulefix,strict_all
ParameterMention:pm_aac1a90dd829bf6f3bac,ParameterMention,,bd9a5debe3e285290408196ff9a61cc7d1acd325eab100746bcd7562b196b7dd,bd9a5debe3e285290408196ff9a61cc7d1acd325eab100746bcd7562b196b7dd#clause_0002,,,,mechanism_a65ebf625b34d8993a85,,,pm_aac1a90dd829bf6f3bac,,subsidy_amount,180,元,180.0,yuan,,,,,,0.997892,True,True,,step7b_iterB_rulefix,strict_all
ParameterMention:pm_aad29a18f1d709f5905b,ParameterMention,,1df67c120b894f41fc1540eadf6f7318a0e4032ff1bae8a444612d07944ef7b9,1df67c120b894f41fc1540eadf6f7318a0e4032ff1bae8a444612d07944ef7b9#clause_0000,,,,mechanism_024e2ec25f4642be6c57,,,pm_aad29a18f1d709f5905b,,ratio_target,50,%,50.0,percent,,,,,,0.981657,True,True,,step7b_iterB_rulefix,strict_all
ParameterMention:pm_aadd0b3cad6bf30dd717,ParameterMention,,5d785886820a3ef835d86f0d4c5e3aedb76c51572c87d6f5228dd8e042fa93a4,5d785886820a3ef835d86f0d4c5e3aedb76c51572c87d6f5228dd8e042fa93a4#clause_0046,,,,mechanism_e3514157eb6c69a15b93,,,pm_aadd0b3cad6bf30dd717,,price_delta_pct,27,%,27.0,percent,,,,,,0.608259,True,True,,step7b_iterB_rulefix,strict_all
ParameterMention:pm_aaf72acfa12ee48726c0,ParameterMention,,693f3a55fe86330e400962dd0b43476d41023ad39e89f0254b4f9e2651efaca2,693f3a55fe86330e400962dd0b43476d41023ad39e89f0254b4f9e2651efaca2#clause_0002,,,,mechanism_86b6ea5269fcc2487f1b,,,pm_aaf72acfa12ee48726c0,,consumption_threshold_kwh,280,元,280.0,kwh,,,,,,0.948826,True,True,,step7b_iterB_rulefix,strict_all
ParameterMention:pm_ab389d03dd62ddbd7a78,ParameterMention,,4d9e424e89d20d90f83d0086d46ae685d20198da6a5b716333623c8288b3d66e,4d9e424e89d20d90f83d0086d46ae685d20198da6a5b716333623c8288b3d66e#clause_0003,,,,mechanism_418d3edf4c8ce4b6b305,,,pm_ab389d03dd62ddbd7a78,,time_window,19:30-21:30,时段,19:30-21:30,time_window,,,,,,0.997892,True,True,,step7b_iterB_rulefix,strict_all
ParameterMention:pm_abb3a1b5467b468b019d,ParameterMention,,fa8247ce8a15e7fa9b0253eda7960d3595374d0fe35b3c360fc07635c4aac219,fa8247ce8a15e7fa9b0253eda7960d3595374d0fe35b3c360fc07635c4aac219#clause_0001,,,,mechanism_a049321b100a3d9c5a2a,,,pm_abb3a1b5467b468b019d,,time_window,10:00-16:00,时段,10:00-16:00,time_window,,,,,,0.999983,True,True,,step7b_iterB_rulefix,strict_all
ParameterMention:pm_abc2b9a9752a65465523,ParameterMention,,41eed2fc03a95dc30af898124e00962d37f00dd998abb5da87c6e10e209db169,41eed2fc03a95dc30af898124e00962d37f00dd998abb5da87c6e10e209db169#clause_0022,,,,mechanism_610817c963c7fad38960,,,pm_abc2b9a9752a65465523,,subsidy_amount,1.2,万元,16.2,ten_thousand_yuan,,,,,,0.999983,True,True,,step7b_iterB_rulefix,strict_all
ParameterMention:pm_abefbf68ee078ba23bb4,ParameterMention,,4d9e424e89d20d90f83d0086d46ae685d20198da6a5b716333623c8288b3d66e,4d9e424e89d20d90f83d0086d46ae685d20198da6a5b716333623c8288b3d66e#clause_0003,,,,mechanism_418d3edf4c8ce4b6b305,,,pm_abefbf68ee078ba23bb4,,time_window,18:30-20:30,时段,18:30-20:30,time_window,,,,,,0.997892,True,True,,step7b_iterB_rulefix,strict_all
ParameterMention:pm_ac10983fd14ed1bfdc6a,ParameterMention,,b7970415004e18258dafe12d1a8aab2812448cb5c877684915b31d587b891911,b7970415004e18258dafe12d1a8aab2812448cb5c877684915b31d587b891911#clause_0002,,,,mechanism_fbea0bf2f270325a50ea,,,pm_ac10983fd14ed1bfdc6a,,consumption_threshold_kwh,151-230,度,230.0,kwh,,,,,,0.985226,True,True,,step7b_iterB_rulefix,strict_all
ParameterMention:pm_ac52da0c49d046bfcd7f,ParameterMention,,46aeda327382be20c6e9193f467559190ede76fd4a1139b73f56b328478ca8ca,46aeda327382be20c6e9193f467559190ede76fd4a1139b73f56b328478ca8ca#clause_0001,,,,mechanism_cd91b75620370d05b9de,,,pm_ac52da0c49d046bfcd7f,,target_household_count,13838,户,13838.0,household,,,,,,0.731059,True,True,,step7b_iterB_rulefix,strict_all
ParameterMention:pm_ac559a9646b023082ba9,ParameterMention,,609908d9bcfc33e3897206e5078e6cd00772ed380b661406f29cddfcd122f57d,609908d9bcfc33e3897206e5078e6cd00772ed380b661406f29cddfcd122f57d#clause_0002,,,,mechanism_48d0ebc301a70f7d8ff7,,,pm_ac559a9646b023082ba9,,time_window,21:00-22:00,时段,21:00-22:00,time_window,,,,,,0.996859,True,True,,step7b_iterB_rulefix,strict_all
ParameterMention:pm_ac61db74de771af19379,ParameterMention,,00a12958eaee9a105dcc89c19bd002fa5ac8761a4154324faee32237e8364fec,00a12958eaee9a105dcc89c19bd002fa5ac8761a4154324faee32237e8364fec#clause_0004,,,,mechanism_af91596153d51bc45ad8,,,pm_ac61db74de771af19379,,ratio_target,25,%,25.0,percent,,,,,,0.554779,True,False,,step7b_iterB_rulefix,strict_all
ParameterMention:pm_aca37b594464660879dd,ParameterMention,,b226c20a65783d1f8db7b2363b213e14f1e34d6b8e5e8bdb96566bb70d6c687a,b226c20a65783d1f8db7b2363b213e14f1e34d6b8e5e8bdb96566bb70d6c687a#clause_0001,,,,mechanism_69a3ce124b3d572ea62a,,,pm_aca37b594464660879dd,,subsidy_amount,10,万元,10.0,ten_thousand_yuan,,,,,,0.999996,True,True,,step7b_iterB_rulefix,strict_all
ParameterMention:pm_acade4e348530837bac5,ParameterMention,,6cb18e49eef7e01ce34c704b30e6ccb4c6e2697977a292460da68fe51b13ae6d,6cb18e49eef7e01ce34c704b30e6ccb4c6e2697977a292460da68fe51b13ae6d#clause_0001,,,,mechanism_cc43f1acb5557dbd7806,,,pm_acade4e348530837bac5,,subsidy_amount,1040,元,1040.0,yuan,,,,,,0.999574,True,True,,step7b_iterB_rulefix,strict_all
ParameterMention:pm_acc231c5b7d9d1cc59d5,ParameterMention,,7ed0773389be1fab4cf4b39fd715e035135ac2f3585caf8e1b63b0017de0c7c9,7ed0773389be1fab4cf4b39fd715e035135ac2f3585caf8e1b63b0017de0c7c9#clause_0003,,,,mechanism_8d45a3959cb79cb8490f,,,pm_acc231c5b7d9d1cc59d5,,consumption_threshold_kwh,20,千瓦时,20.0,kwh,,,,,,0.880797,True,True,,step7b_iterB_rulefix,strict_all
ParameterMention:pm_acc243e0e1fd486fcaa3,ParameterMention,,ad8d0971d97051367bf7e78a6885dd89b83772d35f94aaff8c56c77398caa167,ad8d0971d97051367bf7e78a6885dd89b83772d35f94aaff8c56c77398caa167#clause_0020,,,,mechanism_0eef3b51103e8f296933,,,pm_acc243e0e1fd486fcaa3,,area_subsidy_amount,55,元,55.0,yuan_per_sqm,,,,,,0.997892,True,True,,step7b_iterB_rulefix,strict_all
ParameterMention:pm_ace2563582c16873eeb9,ParameterMention,,6ca5d9d44b93a3440cc8f24b4feda441563e6841021017b2c5db628a6976c9f5,6ca5d9d44b93a3440cc8f24b4feda441563e6841021017b2c5db628a6976c9f5#clause_0013,,,,mechanism_b916644f63f147af0f17,,,pm_ace2563582c16873eeb9,,ratio_target,80,%,80.0,percent,,,,,,0.603483,True,True,,step7b_iterB_rulefix,strict_all
ParameterMention:pm_acfefbdc1fd3ba8224fe,ParameterMention,,609908d9bcfc33e3897206e5078e6cd00772ed380b661406f29cddfcd122f57d,609908d9bcfc33e3897206e5078e6cd00772ed380b661406f29cddfcd122f57d#clause_0003,,,,mechanism_a01759a1b5a3d57a2ef5,,,pm_acfefbdc1fd3ba8224fe,,price_delta_pct,20,%,20.0,percent,,,,,,0.79576,True,True,,step7b_iterB_rulefix,strict_all
ParameterMention:pm_ad06cc86bb6e312def7b,ParameterMention,,a69f4fada444fbf3a5477b252309fb00555c6f7cb1797785c73b753cdaf02622,a69f4fada444fbf3a5477b252309fb00555c6f7cb1797785c73b753cdaf02622#clause_0001,,,,mechanism_45c4581c74265a157b18,,,pm_ad06cc86bb6e312def7b,,subsidy_amount,1040,元,1040.0,yuan,,,,,,0.997892,True,True,,step7b_iterB_rulefix,strict_all
ParameterMention:pm_ad0806f6fc0948ecb906,ParameterMention,,dd9a9eb2e30794eb0e1e14b97aa3b8c9f5e1a04a0f9314704d4ad57223432c5c,dd9a9eb2e30794eb0e1e14b97aa3b8c9f5e1a04a0f9314704d4ad57223432c5c#clause_0001,,,,mechanism_b9bf2fac910190bd47de,,,pm_ad0806f6fc0948ecb906,,time_window,18:00,,18:00,time_window,,,,,,0.996859,True,True,,step7b_iterB_rulefix,strict_all
ParameterMention:pm_ad449e180267924972b8,ParameterMention,,872f329b829fabeae485580e6ea8ffc598cb678cf546ae789f8ed60a40bf8ae6,872f329b829fabeae485580e6ea8ffc598cb678cf546ae789f8ed60a40bf8ae6#clause_0003,,,,mechanism_42eb142e243c48fc53a5,,,pm_ad449e180267924972b8,,price_value,0.54,元,0.54,yuan,,,,,,0.978959,True,True,,step7b_iterB_rulefix,strict_all
ParameterMention:pm_adb2ab93ea04b9945bab,ParameterMention,,6618b31ad2d2553801e75f1d42256338782cda332eb141a7fea6466fee1dccfd,6618b31ad2d2553801e75f1d42256338782cda332eb141a7fea6466fee1dccfd#clause_0009,,,,mechanism_7e57dff149c2476197fc,,,pm_adb2ab93ea04b9945bab,,subsidy_amount,300,元,300.0,yuan,,,,,,0.997892,True,True,,step7b_iterB_rulefix,strict_all
ParameterMention:pm_adf23d8a749b31958652,ParameterMention,,41eed2fc03a95dc30af898124e00962d37f00dd998abb5da87c6e10e209db169,41eed2fc03a95dc30af898124e00962d37f00dd998abb5da87c6e10e209db169#clause_0013,,,,mechanism_96810b659c23c08f6d8e,,,pm_adf23d8a749b31958652,,subsidy_amount,24000,元,24000.0,yuan,,,,,,0.974913,True,True,,step7b_iterB_rulefix,strict_all
ParameterMention:pm_ae2fbd339b905e8e8753,ParameterMention,,92e84b72ef2f5a11bbc950bceb47099d119cfe6635c2b8757f6582b673168bf0,92e84b72ef2f5a11bbc950bceb47099d119cfe6635c2b8757f6582b673168bf0#clause_0001,,,,mechanism_61cbb66c463bb0213d79,,,pm_ae2fbd339b905e8e8753,,time_window,9:00-12:00,时段,09:00-12:00,time_window,,,,,,0.999983,True,True,,step7b_iterB_rulefix,strict_all
ParameterMention:pm_aef207beda4ed95e16ab,ParameterMention,,59fb420eead4837faf2f90b58927c9c874cd61e9cfbcb91d127cfeeb50f5be76,59fb420eead4837faf2f90b58927c9c874cd61e9cfbcb91d127cfeeb50f5be76#clause_0002,,,,mechanism_d37250f8b1d35c395b16,,,pm_aef207beda4ed95e16ab,,ratio_target,70,%,70.0,percent,,,,,,0.554779,True,False,,step7b_iterB_rulefix,strict_all
ParameterMention:pm_af02b13e1a0d71f8ea11,ParameterMention,,2ece22a4f07f639ee9f6b14d9a999b5ec8ce9a982e248ec2c4350d49c32a2ec3,2ece22a4f07f639ee9f6b14d9a999b5ec8ce9a982e248ec2c4350d49c32a2ec3#clause_0002,,,,mechanism_4b6baa35c46b39e87168,,,pm_af02b13e1a0d71f8ea11,,price_value,0.527,元/千瓦时,0.527,yuan_per_kwh,,,,,,0.903784,True,True,,step7b_iterB_rulefix,strict_all
ParameterMention:pm_af3dedddae76806e62d8,ParameterMention,,cb0c5b8b05cfdf3cf5e27c0081d86b7f45c5f12b09a9fa3f2da332bc102a849b,cb0c5b8b05cfdf3cf5e27c0081d86b7f45c5f12b09a9fa3f2da332bc102a849b#clause_0002,,,,mechanism_d6cb69c0fb641ecba74d,,,pm_af3dedddae76806e62d8,,ratio_target,1.6:1:0.4,%,0.4,percent,,,,,,0.987872,True,True,,step7b_iterB_rulefix,strict_all
ParameterMention:pm_af4261f9bae70d34f709,ParameterMention,,635192af8baf11262c4e886f015d6f452a5241a0a6d153db4c730e4108cbf7f3,635192af8baf11262c4e886f015d6f452a5241a0a6d153db4c730e4108cbf7f3#clause_0026,,,,mechanism_f45c0cfe26ded225dfe6,,,pm_af4261f9bae70d34f709,,price_delta_pct,1.5,%,1.5,percent,,,,,,0.608259,True,True,,step7b_iterB_rulefix,strict_all
ParameterMention:pm_af83c855b4bf13ea4e77,ParameterMention,,8293b970f4e2ac1c39653b3e5937d089fbcd1b69315da4d962c2e805f3a1ca2e,8293b970f4e2ac1c39653b3e5937d089fbcd1b69315da4d962c2e805f3a1ca2e#clause_0004,,,,mechanism_c1da66b13adec09435aa,,,pm_af83c855b4bf13ea4e77,,consumption_threshold_kwh,10,千瓦时,10.0,kwh,,,,,,0.832018,True,True,,step7b_iterB_rulefix,strict_all
ParameterMention:pm_afc8c51c3c303fb507a8,ParameterMention,,53906009b26dbd6a03fc9e0d1e2e8803aaa2f8962a209fca8210d39a5e278d65,53906009b26dbd6a03fc9e0d1e2e8803aaa2f8962a209fca8210d39a5e278d65#clause_0003,,,,mechanism_b74253c6a42ec65c3e27,,,pm_afc8c51c3c303fb507a8,,time_window,22:00,,22:00,time_window,,,,,,0.977246,True,True,,step7b_iterB_rulefix,strict_all
ParameterMention:pm_b01f803e7aa99ac1313c,ParameterMention,,60a8d6c66d757ef90db55edf809fb9816c710a1021f9df39aba80b9949b9a6f7,60a8d6c66d757ef90db55edf809fb9816c710a1021f9df39aba80b9949b9a6f7#clause_0002,,,,mechanism_c1af81c8290dc353e2ab,,,pm_b01f803e7aa99ac1313c,,ratio_target,10,%,10.0,percent,,,,,,0.981657,True,True,,step7b_iterB_rulefix,strict_all
ParameterMention:pm_b0352f74fdfa0dd16eeb,ParameterMention,,c87c6c303d4ebe0bce627bed2792bac1dd9e89ad192d23b7144aa9570705b240,c87c6c303d4ebe0bce627bed2792bac1dd9e89ad192d23b7144aa9570705b240#clause_0006,,,,mechanism_16fbf04066f27a10b798,,,pm_b0352f74fdfa0dd16eeb,,duration_threshold_month,不少于两,,2.0,month,,,,,,0.706822,True,False,,step7b_iterB_rulefix,strict_all
ParameterMention:pm_b041200551c459dc3cf7,ParameterMention,,ffc68a35eb1e5ce2437cbe847fb6902e01371194247d63f6245170f1a6d8442f,ffc68a35eb1e5ce2437cbe847fb6902e01371194247d63f6245170f1a6d8442f#clause_0001,,,,mechanism_7a19a39f999b21d19925,,,pm_b041200551c459dc3cf7,,consumption_threshold_kwh,3000,千瓦时,3000.0,kwh,,,,,,0.987872,True,True,,step7b_iterB_rulefix,strict_all
ParameterMention:pm_b07dfe7a46fdaaadcde0,ParameterMention,,18aede9bc4a893e4dc4dcc46a9c6800761d8d391b46ad5d676d183b8aebaa183,18aede9bc4a893e4dc4dcc46a9c6800761d8d391b46ad5d676d183b8aebaa183#clause_0001,,,,mechanism_4ca40a6f0b47a2d215f1,,,pm_b07dfe7a46fdaaadcde0,,consumption_threshold_kwh,200,度,200.0,kwh,,,,,,0.997806,True,True,,step7b_iterB_rulefix,strict_all
ParameterMention:pm_b0923b8d55c7624b53e0,ParameterMention,,10695560c26cc67b7a3e26b8dbcd7b856b0b17ef49c31ba529efd3caf059a1de,10695560c26cc67b7a3e26b8dbcd7b856b0b17ef49c31ba529efd3caf059a1de#clause_0005,,,,mechanism_d0d5304bb9d580767832,,,pm_b0923b8d55c7624b53e0,,price_value,0.2,元,0.2,yuan,,,,,,0.509999,True,False,,step7b_iterB_rulefix,strict_all
ParameterMention:pm_b0ced94fef0d187df3a0,ParameterMention,,cc7addf8ff4efe3409afac8915cc6b8df3283617d08af2da6658e58933736301,cc7addf8ff4efe3409afac8915cc6b8df3283617d08af2da6658e58933736301#clause_0001,,,,mechanism_9cd9ab8742ecdffff267,,,pm_b0ced94fef0d187df3a0,,time_window,18:00-21:00,时段,18:00-21:00,time_window,,,,,,0.997892,True,True,,step7b_iterB_rulefix,strict_all
ParameterMention:pm_b164ab4cdea21393cef9,ParameterMention,,83348a380b3b3d6a053a6b89707affb993adc6db4dd70aed9d2fc76779e202b5,83348a380b3b3d6a053a6b89707affb993adc6db4dd70aed9d2fc76779e202b5#clause_0001,,,,mechanism_b8c70d831497b8c06aa2,,,pm_b164ab4cdea21393cef9,,subsidy_amount,600,元,600.0,yuan,,,,,,0.997892,True,True,,step7b_iterB_rulefix,strict_all
ParameterMention:pm_b1c1bbf00148204590e2,ParameterMention,,609908d9bcfc33e3897206e5078e6cd00772ed380b661406f29cddfcd122f57d,609908d9bcfc33e3897206e5078e6cd00772ed380b661406f29cddfcd122f57d#clause_0004,,,,mechanism_e8505c9219ec7c545ffa,,,pm_b1c1bbf00148204590e2,,time_window,11:00-15:00,时段,11:00-15:00,time_window,,,,,,0.966431,True,True,,step7b_iterB_rulefix,strict_all
ParameterMention:pm_b1ee37b30d54413f5bbc,ParameterMention,,a7f3f83cc719dbd58fa3cba1078d11a8511ace91597d326e11375e817e2d73f6,a7f3f83cc719dbd58fa3cba1078d11a8511ace91597d326e11375e817e2d73f6#clause_0002,,,,mechanism_417bb2efd3fbbd4731d6,,,pm_b1ee37b30d54413f5bbc,,consumption_threshold_kwh,2760,千瓦时,2760.0,kwh,,,,,,0.996731,True,True,,step7b_iterB_rulefix,strict_all
ParameterMention:pm_b2c100f9bd32fad537c2,ParameterMention,,99dce90179e84c5da237d3a228a84ba994f4c04a9a167533654c0cfcdc8d9686,99dce90179e84c5da237d3a228a84ba994f4c04a9a167533654c0cfcdc8d9686#clause_0000,,,,mechanism_d86c1d404e03ecb952b6,,,pm_b2c100f9bd32fad537c2,,target_household_count,3041,户,3041.0,household,,,,,,0.689974,True,True,,step7b_iterB_rulefix,strict_all
ParameterMention:pm_b2ddb5c7812ae64b0576,ParameterMention,,0de53d8f7a3a1c2de8a8ce98c12216d63084f7e235dd8ddcc02f07760d36a17a,0de53d8f7a3a1c2de8a8ce98c12216d63084f7e235dd8ddcc02f07760d36a17a#clause_0026,,,,mechanism_6dc8302dcb64a0639fec,,,pm_b2ddb5c7812ae64b0576,,price_delta_pct,27,%,27.0,percent,,,,,,0.608259,True,True,,step7b_iterB_rulefix,strict_all
ParameterMention:pm_b366799b18bc159de373,ParameterMention,,6970500b879273b0b83bb7a489716ace3a254448e313c9392b1c8d699aa8443a,6970500b879273b0b83bb7a489716ace3a254448e313c9392b1c8d699aa8443a#clause_0015,,,,mechanism_e35d9c602f4df192c7cc,,,pm_b366799b18bc159de373,,ratio_target,80,%,80.0,percent,,,,,,0.960834,True,True,,step7b_iterB_rulefix,strict_all
ParameterMention:pm_b3870ea68075bf9511a9,ParameterMention,,3c1392fd897f1d095efaa1ae2a1eaa5c0c3df313cd5a9a185aacffe05575b886,3c1392fd897f1d095efaa1ae2a1eaa5c0c3df313cd5a9a185aacffe05575b886#clause_0025,,,,mechanism_62c38faf43c3f1af5676,,,pm_b3870ea68075bf9511a9,,subsidy_amount,2000,元,2000.0,yuan,,,,,,0.989646,True,True,,step7b_iterB_rulefix,strict_all
ParameterMention:pm_b5485e08a65f17f4cc2e,ParameterMention,,37057c32932e956503eb1ad05c772ba2cd53e2bba30c2a5b23eb9c15e6a785de,37057c32932e956503eb1ad05c772ba2cd53e2bba30c2a5b23eb9c15e6a785de#clause_0003,,,,mechanism_b78002229fc34f57c1f6,,,pm_b5485e08a65f17f4cc2e,,price_value,0.30,元,0.3,yuan,,,,,,0.903784,True,True,,step7b_iterB_rulefix,strict_all
ParameterMention:pm_b55b63273e97a9fba74a,ParameterMention,,8cbf9d571e472404e9b79d5a7ebb488d70af5040f4c4a6f056ba9491f738d6fb,8cbf9d571e472404e9b79d5a7ebb488d70af5040f4c4a6f056ba9491f738d6fb#clause_0002,,,,mechanism_88f831ba61c949c86f43,,,pm_b55b63273e97a9fba74a,,subsidy_amount,4600,元,4600.0,yuan,,,,,,0.999574,True,True,,step7b_iterB_rulefix,strict_all
ParameterMention:pm_b5b19b620c5be7e458b2,ParameterMention,,693f3a55fe86330e400962dd0b43476d41023ad39e89f0254b4f9e2651efaca2,693f3a55fe86330e400962dd0b43476d41023ad39e89f0254b4f9e2651efaca2#clause_0002,,,,mechanism_86b6ea5269fcc2487f1b,,,pm_b5b19b620c5be7e458b2,,price_value,0.1,元,0.6224,yuan_per_kwh,,,,,,0.654753,True,True,,step7b_iterB_rulefix,strict_all
ParameterMention:pm_b5c43eb8a73367970e3d,ParameterMention,,99dce90179e84c5da237d3a228a84ba994f4c04a9a167533654c0cfcdc8d9686,99dce90179e84c5da237d3a228a84ba994f4c04a9a167533654c0cfcdc8d9686#clause_0004,,,,mechanism_45bce995974f7f10830e,,,pm_b5c43eb8a73367970e3d,,consumption_threshold_kwh,2600,千瓦时,2600.0,kwh,,,,,,0.872138,True,True,,step7b_iterB_rulefix,strict_all
ParameterMention:pm_b5e9a1494aade57561bb,ParameterMention,,4dac8070bab7fdf62958e23b15689a48aa5f7c73b4b06deab4d30f0ce35cda18,4dac8070bab7fdf62958e23b15689a48aa5f7c73b4b06deab4d30f0ce35cda18#clause_0001,,,,mechanism_bbac7ab3609cfc9b0aa4,,,pm_b5e9a1494aade57561bb,,time_window,18:00-23:00,时段,18:00-23:00,time_window,,,,,,0.984632,True,True,,step7b_iterB_rulefix,strict_all
ParameterMention:pm_b608c1592e504de9366e,ParameterMention,,62f668d2db29a9b35b4e6b01f6064c10ad77ad238436d5b7314a37cbf4824821,62f668d2db29a9b35b4e6b01f6064c10ad77ad238436d5b7314a37cbf4824821#clause_0001,,,,mechanism_38d2381a5a5be9871b64,,,pm_b608c1592e504de9366e,,subsidy_amount,600,元,600.0,yuan,,,,,,0.999574,True,True,,step7b_iterB_rulefix,strict_all
ParameterMention:pm_b6514d884f9c1af4b8f2,ParameterMention,,40eaa271256c3f5b89ddb8760613b6fabdcf0efb295059429c972a9d9abc394a,40eaa271256c3f5b89ddb8760613b6fabdcf0efb295059429c972a9d9abc394a#clause_0002,,,,mechanism_1abd240e3c1259bd39d9,,,pm_b6514d884f9c1af4b8f2,,ratio_target,20,%,20.0,percent,,,,,,0.554779,True,False,,step7b_iterB_rulefix,strict_all
ParameterMention:pm_b661fb22f76a695304fd,ParameterMention,,ec04d88813b018d570d36f88e39cafafcdea9a884900156145f7f25c3149ea28,ec04d88813b018d570d36f88e39cafafcdea9a884900156145f7f25c3149ea28#clause_0003,,,,mechanism_e047fa65e6fe6e857584,,,pm_b661fb22f76a695304fd,,price_value,0.3,元,0.3,yuan,,,,,,0.848129,True,True,,step7b_iterB_rulefix,strict_all
ParameterMention:pm_b6b8c2855c6a5ec4e964,ParameterMention,,19b81e147d4c1292e577c2e1ab84419e792b779d8e0a823ba5d99750039e25cd,19b81e147d4c1292e577c2e1ab84419e792b779d8e0a823ba5d99750039e25cd#clause_0000,,,,mechanism_be3ea57dac8018dfbf70,,,pm_b6b8c2855c6a5ec4e964,,subsidy_amount,1040,元,1040.0,yuan,,,,,,0.950734,True,True,,step7b_iterB_rulefix,strict_all
ParameterMention:pm_b6ce730e151d7fdd490f,ParameterMention,,438c0392b9db32d7f7e7063819ff233da3aefc768abccbae0d8cebcf58748a29,438c0392b9db32d7f7e7063819ff233da3aefc768abccbae0d8cebcf58748a29#clause_0000,,,,mechanism_8973f00feefb24d3eb31,,,pm_b6ce730e151d7fdd490f,,subsidy_amount,600,元,600.0,yuan,,,,,,0.989646,True,True,,step7b_iterB_rulefix,strict_all
ParameterMention:pm_b6e95fe88fd5b8824676,ParameterMention,,c32ed07b1f8848d45dcf196616c7064ebdf5a10f0ce328b277c662ee5197f29b,c32ed07b1f8848d45dcf196616c7064ebdf5a10f0ce328b277c662ee5197f29b#clause_0010,,,,mechanism_ad38b4c379337cfa5b7e,,,pm_b6e95fe88fd5b8824676,,subsidy_amount,1000,元,1000.0,yuan_per_ton,,,,,,0.999574,True,True,,step7b_iterB_rulefix,strict_all
ParameterMention:pm_b7332d79db21958aaf8c,ParameterMention,,8293b970f4e2ac1c39653b3e5937d089fbcd1b69315da4d962c2e805f3a1ca2e,8293b970f4e2ac1c39653b3e5937d089fbcd1b69315da4d962c2e805f3a1ca2e#clause_0002,,,,mechanism_0a3cd702a42baf678189,,,pm_b7332d79db21958aaf8c,,consumption_threshold_kwh,260,千瓦时,260.0,kwh,,,,,,0.948826,True,True,,step7b_iterB_rulefix,strict_all
ParameterMention:pm_b73dcbdcfbab451b524f,ParameterMention,,9f3a13c9638cc5c7deb8ecad47f6052f7b19aa02e4514ce8b2b5376c00e60c86,9f3a13c9638cc5c7deb8ecad47f6052f7b19aa02e4514ce8b2b5376c00e60c86#clause_0002,,,,mechanism_e1502cd58390969a8652,,,pm_b73dcbdcfbab451b524f,,consumption_threshold_kwh,210-400,度,400.0,kwh,,,,,,0.985226,True,True,,step7b_iterB_rulefix,strict_all
ParameterMention:pm_b746d960e2378bd77406,ParameterMention,,6618b31ad2d2553801e75f1d42256338782cda332eb141a7fea6466fee1dccfd,6618b31ad2d2553801e75f1d42256338782cda332eb141a7fea6466fee1dccfd#clause_0003,,,,mechanism_4ab5746c700806a4f75f,,,pm_b746d960e2378bd77406,,ratio_target,15,%,15.0,percent,,,,,,0.832018,True,True,,step7b_iterB_rulefix,strict_all
ParameterMention:pm_b767ac12652a5652f112,ParameterMention,,55486d5eaf1202de357651355eea469df92d887e1b388dd7c1a3fcd9b75286cb,55486d5eaf1202de357651355eea469df92d887e1b388dd7c1a3fcd9b75286cb#clause_0005,,,,mechanism_17df4e793d177383fecb,,,pm_b767ac12652a5652f112,,ratio_target,90,%,90.0,percent,,,,,,0.554779,True,False,,step7b_iterB_rulefix,strict_all
ParameterMention:pm_b7730361c3d2258545a7,ParameterMention,,6970500b879273b0b83bb7a489716ace3a254448e313c9392b1c8d699aa8443a,6970500b879273b0b83bb7a489716ace3a254448e313c9392b1c8d699aa8443a#clause_0009,,,,mechanism_1bbec1f90f8070e1e0cd,,,pm_b7730361c3d2258545a7,,area_subsidy_amount,200,元,200.0,yuan_per_sqm,,,,,,0.999996,True,True,,step7b_iterB_rulefix,strict_all
ParameterMention:pm_b7a298e3cefe0a2fa1c2,ParameterMention,,dc812e8b13d03ff73b79b4b814a56ec987458e2b4ac3147020283904460efdc9,dc812e8b13d03ff73b79b4b814a56ec987458e2b4ac3147020283904460efdc9#clause_0003,,,,mechanism_94a39e061f9d692f7fe1,,,pm_b7a298e3cefe0a2fa1c2,,price_delta_pct,50,%,50.0,percent,,,,,,0.985797,True,True,,step7b_iterB_rulefix,strict_all
ParameterMention:pm_b8133233604d98a9f0bc,ParameterMention,,37057c32932e956503eb1ad05c772ba2cd53e2bba30c2a5b23eb9c15e6a785de,37057c32932e956503eb1ad05c772ba2cd53e2bba30c2a5b23eb9c15e6a785de#clause_0003,,,,mechanism_b78002229fc34f57c1f6,,,pm_b8133233604d98a9f0bc,,consumption_threshold_kwh,281,度,281.0,kwh,,,,,,0.989228,True,True,,step7b_iterB_rulefix,strict_all
ParameterMention:pm_b843849f3da934dcf271,ParameterMention,,a7f3f83cc719dbd58fa3cba1078d11a8511ace91597d326e11375e817e2d73f6,a7f3f83cc719dbd58fa3cba1078d11a8511ace91597d326e11375e817e2d73f6#clause_0001,,,,mechanism_666a886762d91b038497,,,pm_b843849f3da934dcf271,,consumption_threshold_kwh,2760,千瓦时,2760.0,kwh,,,,,,0.9995,True,True,,step7b_iterB_rulefix,strict_all
ParameterMention:pm_b8a092ed4d5dc9c56758,ParameterMention,,dc812e8b13d03ff73b79b4b814a56ec987458e2b4ac3147020283904460efdc9,dc812e8b13d03ff73b79b4b814a56ec987458e2b4ac3147020283904460efdc9#clause_0001,,,,mechanism_09b7d28037f2cd80c617,,,pm_b8a092ed4d5dc9c56758,,time_window,07:30-10:30,时段,07:30-10:30,time_window,,,,,,0.996859,True,True,,step7b_iterB_rulefix,strict_all
ParameterMention:pm_b8a8aac7e51aeed98b9e,ParameterMention,,19b81e147d4c1292e577c2e1ab84419e792b779d8e0a823ba5d99750039e25cd,19b81e147d4c1292e577c2e1ab84419e792b779d8e0a823ba5d99750039e25cd#clause_0000,,,,mechanism_be3ea57dac8018dfbf70,,,pm_b8a8aac7e51aeed98b9e,,subsidy_amount,0.1,元,0.1,yuan,,,,,,0.950734,True,True,,step7b_iterB_rulefix,strict_all
ParameterMention:pm_b8bff9a58a0090b691af,ParameterMention,,34de2093bea75d704c113e23bf49b9018637efa1841e90bf224a6566684fd8df,34de2093bea75d704c113e23bf49b9018637efa1841e90bf224a6566684fd8df#clause_0005,,,,mechanism_adb45b3f1124461770df,,,pm_b8bff9a58a0090b691af,,ratio_target,90,％,90.0,percent,,,,,,0.878681,True,True,,step7b_iterB_rulefix,strict_all
ParameterMention:pm_b8f21a638d2067088996,ParameterMention,,58335d90e96cc5b4211b57e5ba68639ec110997e34daf85e547cbcf39bcc1906,58335d90e96cc5b4211b57e5ba68639ec110997e34daf85e547cbcf39bcc1906#clause_0003,,,,mechanism_5493d73727c945494097,,,pm_b8f21a638d2067088996,,time_window,19:00-21:00,%,19:00-21:00,time_window,,,,,,0.993036,True,True,,step7b_iterB_rulefix,strict_all
ParameterMention:pm_b92b8e2b7d298f48fcf5,ParameterMention,,eb659fbcd99dcc85f2745f39faae903578c8a5403a504ed63c81c4ca3987afc3,eb659fbcd99dcc85f2745f39faae903578c8a5403a504ed63c81c4ca3987afc3#clause_0002,,,,mechanism_bf90929b3d527d6da52e,,,pm_b92b8e2b7d298f48fcf5,,ratio_target,30,%,30.0,percent,,,,,,0.554779,True,False,,step7b_iterB_rulefix,strict_all
ParameterMention:pm_b94134dd714b86673168,ParameterMention,,872f329b829fabeae485580e6ea8ffc598cb678cf546ae789f8ed60a40bf8ae6,872f329b829fabeae485580e6ea8ffc598cb678cf546ae789f8ed60a40bf8ae6#clause_0004,,,,mechanism_8b1e3960f2418cf363c1,,,pm_b94134dd714b86673168,,consumption_threshold_kwh,400,度,400.0,kwh,,,,,,0.999389,True,True,,step7b_iterB_rulefix,strict_all
ParameterMention:pm_b97a02843839859cfb3f,ParameterMention,,0c6f09a25dd67445d4329a19b7c075e48243ee2db53c7faa02f8ad5296257722,0c6f09a25dd67445d4329a19b7c075e48243ee2db53c7faa02f8ad5296257722#clause_0000,,,,mechanism_8dfc886532a658e2d62a,,,pm_b97a02843839859cfb3f,,target_household_count,13838,户,13838.0,household,,,,,,0.930862,True,True,,step7b_iterB_rulefix,strict_all
ParameterMention:pm_ba120f045b327f01c6de,ParameterMention,,4dac8070bab7fdf62958e23b15689a48aa5f7c73b4b06deab4d30f0ce35cda18,4dac8070bab7fdf62958e23b15689a48aa5f7c73b4b06deab4d30f0ce35cda18#clause_0001,,,,mechanism_bbac7ab3609cfc9b0aa4,,,pm_ba120f045b327f01c6de,,time_window,6:00-8:00,时段,06:00-08:00,time_window,,,,,,0.984632,True,True,,step7b_iterB_rulefix,strict_all
ParameterMention:pm_ba3ed658ff8b6a458132,ParameterMention,,41eed2fc03a95dc30af898124e00962d37f00dd998abb5da87c6e10e209db169,41eed2fc03a95dc30af898124e00962d37f00dd998abb5da87c6e10e209db169#clause_0025,,,,mechanism_443362eb2b74dc6e7c45,,,pm_ba3ed658ff8b6a458132,,subsidy_amount,2000,元,2000.0,yuan,,,,,,0.989646,True,True,,step7b_iterB_rulefix,strict_all
ParameterMention:pm_ba513aadc8a3112f3163,ParameterMention,,f9e04639c4debca4ed9f462f2bcd047446a5ac515e9037c7aa504a0cb62c9f85,f9e04639c4debca4ed9f462f2bcd047446a5ac515e9037c7aa504a0cb62c9f85#clause_0004,,,,mechanism_98fc398f062835306167,,,pm_ba513aadc8a3112f3163,,subsidy_amount,0.36,万元,0.36,ten_thousand_yuan,,,,,,0.997892,True,True,,step7b_iterB_rulefix,strict_all
ParameterMention:pm_bb6e622bada6ea27c663,ParameterMention,,f6f8d5f9847c1fe31624cb64353d12b61bebca40113c37e445b63a2d226db18d,f6f8d5f9847c1fe31624cb64353d12b61bebca40113c37e445b63a2d226db18d#clause_0004,,,,mechanism_3f804a359e629da6180f,,,pm_bb6e622bada6ea27c663,,price_value,0.2,元,0.2,yuan,,,,,,0.999998,True,True,,step7b_iterB_rulefix,strict_all
ParameterMention:pm_bbb4f440f1563ad74992,ParameterMention,,ad67c3fdaa5a26925e5e3474443bab3a8b1737e94937ccbe115cabd74e2fc9a0,ad67c3fdaa5a26925e5e3474443bab3a8b1737e94937ccbe115cabd74e2fc9a0#clause_0001,,,,mechanism_3bbbdb931d754a302b21,,,pm_bbb4f440f1563ad74992,,price_value,0.05,元/千瓦时,0.05,yuan_per_kwh,,,,,,0.654753,True,True,,step7b_iterB_rulefix,strict_all
ParameterMention:pm_bc1567e4fa2dc84034f2,ParameterMention,,dc812e8b13d03ff73b79b4b814a56ec987458e2b4ac3147020283904460efdc9,dc812e8b13d03ff73b79b4b814a56ec987458e2b4ac3147020283904460efdc9#clause_0003,,,,mechanism_94a39e061f9d692f7fe1,,,pm_bc1567e4fa2dc84034f2,,price_delta_pct,25,%,25.0,percent,,,,,,0.985797,True,True,,step7b_iterB_rulefix,strict_all
ParameterMention:pm_bc1b3c9c8acd2d45be29,ParameterMention,,41eed2fc03a95dc30af898124e00962d37f00dd998abb5da87c6e10e209db169,41eed2fc03a95dc30af898124e00962d37f00dd998abb5da87c6e10e209db169#clause_0015,,,,mechanism_0577555bb74afac7a8cd,,,pm_bc1b3c9c8acd2d45be29,,ratio_target,100,%,100.0,percent,,,,,,0.960834,True,True,,step7b_iterB_rulefix,strict_all
ParameterMention:pm_bc2955dbb13b485e77bf,ParameterMention,,cc7addf8ff4efe3409afac8915cc6b8df3283617d08af2da6658e58933736301,cc7addf8ff4efe3409afac8915cc6b8df3283617d08af2da6658e58933736301#clause_0003,,,,mechanism_1cbaef9a4c85f0cae388,,,pm_bc2955dbb13b485e77bf,,time_window,11:00-18:00,时段,11:00-18:00,time_window,,,,,,0.997892,True,True,,step7b_iterB_rulefix,strict_all
ParameterMention:pm_bc437358ea4a97ae1d58,ParameterMention,,9842b76e12450c90ad9c0680b04217082b8a8fafe2cef53d19367fc9dd8179c2,9842b76e12450c90ad9c0680b04217082b8a8fafe2cef53d19367fc9dd8179c2#clause_0005,,,,mechanism_8e9ff4df34f55108352a,,,pm_bc437358ea4a97ae1d58,,price_value,0.4770,元/千瓦时,0.477,yuan_per_kwh,,,,,,0.85321,True,True,,step7b_iterB_rulefix,strict_all
ParameterMention:pm_bc440c11c13182e9c14d,ParameterMention,,bd9a5debe3e285290408196ff9a61cc7d1acd325eab100746bcd7562b196b7dd,bd9a5debe3e285290408196ff9a61cc7d1acd325eab100746bcd7562b196b7dd#clause_0001,,,,mechanism_ed4c90d5af9b1734f9d2,,,pm_bc440c11c13182e9c14d,,subsidy_amount,180,元,180.0,yuan,,,,,,0.999574,True,True,,step7b_iterB_rulefix,strict_all
ParameterMention:pm_bc8148f655e98f58432f,ParameterMention,,00a12958eaee9a105dcc89c19bd002fa5ac8761a4154324faee32237e8364fec,00a12958eaee9a105dcc89c19bd002fa5ac8761a4154324faee32237e8364fec#clause_0000,,,,mechanism_04962c40a9d41dc13aea,,,pm_bc8148f655e98f58432f,,ratio_target,80,%,80.0,percent,,,,,,0.860566,True,True,,step7b_iterB_rulefix,strict_all
ParameterMention:pm_bcaef6393b7a68666afa,ParameterMention,,f8c4fb0263c1210088bbd510f8af1d01facfaac347c1633daea0ff54339aae1d,f8c4fb0263c1210088bbd510f8af1d01facfaac347c1633daea0ff54339aae1d#clause_0003,,,,mechanism_d623da637647de6e2a79,,,pm_bcaef6393b7a68666afa,,consumption_threshold_kwh,2800,千瓦时,2800.0,kwh,,,,,,0.999899,True,True,,step7b_iterB_rulefix,strict_all
ParameterMention:pm_bcbea5eacc65dd5db814,ParameterMention,,ec04d88813b018d570d36f88e39cafafcdea9a884900156145f7f25c3149ea28,ec04d88813b018d570d36f88e39cafafcdea9a884900156145f7f25c3149ea28#clause_0004,,,,mechanism_5d445378bed89f0a84f1,,,pm_bcbea5eacc65dd5db814,,consumption_threshold_kwh,15,千瓦时,15.0,kwh,,,,,,0.832018,True,True,,step7b_iterB_rulefix,strict_all
ParameterMention:pm_bd2ffe99760e8b25d9d7,ParameterMention,,9b06cc894aac361e91193d1e2d076802b7d20c8895b79245d14a48f8ce5543ce,9b06cc894aac361e91193d1e2d076802b7d20c8895b79245d14a48f8ce5543ce#clause_0002,,,,mechanism_e3069941459be57a8937,,,pm_bd2ffe99760e8b25d9d7,,price_delta_pct,20,%,20.0,percent,,,,,,0.933392,True,True,,step7b_iterB_rulefix,strict_all
ParameterMention:pm_bd69e3039989fd788966,ParameterMention,,55486d5eaf1202de357651355eea469df92d887e1b388dd7c1a3fcd9b75286cb,55486d5eaf1202de357651355eea469df92d887e1b388dd7c1a3fcd9b75286cb#clause_0005,,,,mechanism_17df4e793d177383fecb,,,pm_bd69e3039989fd788966,,ratio_target,25,%,25.0,percent,,,,,,0.554779,True,False,,step7b_iterB_rulefix,strict_all
ParameterMention:pm_bd6a6a3c3bbb35191977,ParameterMention,,917e89c9d28f08e37543fdcddbf99ba7c272516ee6b3ca3536d685ecfe8c86f0,917e89c9d28f08e37543fdcddbf99ba7c272516ee6b3ca3536d685ecfe8c86f0#clause_0004,,,,mechanism_e80375938d49cfbb1755,,,pm_bd6a6a3c3bbb35191977,,subsidy_amount,0.36,万元,0.36,ten_thousand_yuan,,,,,,0.997892,True,True,,step7b_iterB_rulefix,strict_all
ParameterMention:pm_be0ebb8faed6168dd847,ParameterMention,,4dac8070bab7fdf62958e23b15689a48aa5f7c73b4b06deab4d30f0ce35cda18,4dac8070bab7fdf62958e23b15689a48aa5f7c73b4b06deab4d30f0ce35cda18#clause_0003,,,,mechanism_f73cfb7499d05bf4cfaa,,,pm_be0ebb8faed6168dd847,,duration_threshold_year,不低于3,,3.0,year,,,,,,0.832018,True,True,,step7b_iterB_rulefix,strict_all
ParameterMention:pm_be298a17fe6bfad1310d,ParameterMention,,59fb420eead4837faf2f90b58927c9c874cd61e9cfbcb91d127cfeeb50f5be76,59fb420eead4837faf2f90b58927c9c874cd61e9cfbcb91d127cfeeb50f5be76#clause_0000,,,,mechanism_dd23d5104ee9b04725f1,,,pm_be298a17fe6bfad1310d,,ratio_target,80,%,80.0,percent,,,,,,0.860566,True,True,,step7b_iterB_rulefix,strict_all
ParameterMention:pm_be32277d255aaa284072,ParameterMention,,cb0c5b8b05cfdf3cf5e27c0081d86b7f45c5f12b09a9fa3f2da332bc102a849b,cb0c5b8b05cfdf3cf5e27c0081d86b7f45c5f12b09a9fa3f2da332bc102a849b#clause_0002,,,,mechanism_d6cb69c0fb641ecba74d,,,pm_be32277d255aaa284072,,time_window,18:00-22:00,%,18:00-22:00,time_window,,,,,,0.998586,True,True,,step7b_iterB_rulefix,strict_all
ParameterMention:pm_be3d92ad6b756b45b6be,ParameterMention,,58ad7cd309406e184ce7e6d21004def570eec462e6489ea11bebbe2d7b469ea4,58ad7cd309406e184ce7e6d21004def570eec462e6489ea11bebbe2d7b469ea4#clause_0003,,,,mechanism_f73d1cc172353957016c,,,pm_be3d92ad6b756b45b6be,,subsidy_amount,4,万元,4.0,ten_thousand_yuan,,,,,,0.999996,True,True,,step7b_iterB_rulefix,strict_all
ParameterMention:pm_be57cdaa2a3026112120,ParameterMention,,cc7addf8ff4efe3409afac8915cc6b8df3283617d08af2da6658e58933736301,cc7addf8ff4efe3409afac8915cc6b8df3283617d08af2da6658e58933736301#clause_0006,,,,mechanism_adeaf9d90275e8adbf9d,,,pm_be57cdaa2a3026112120,,price_delta_pct,60,%,60.0,percent,,,,,,0.79576,True,True,,step7b_iterB_rulefix,strict_all
ParameterMention:pm_bec718155452c80265fb,ParameterMention,,3e01f17b897c9feee5fc314db8aefdb21db1935f389688d626165886eda313fe,3e01f17b897c9feee5fc314db8aefdb21db1935f389688d626165886eda313fe#clause_0003,,,,mechanism_29a72930d3afde7a77a4,,,pm_bec718155452c80265fb,,ratio_target,40,%,40.0,percent,,,,,,0.968324,True,True,,step7b_iterB_rulefix,strict_all
ParameterMention:pm_bf061b5bcd558cc07b9e,ParameterMention,,6ca5d9d44b93a3440cc8f24b4feda441563e6841021017b2c5db628a6976c9f5,6ca5d9d44b93a3440cc8f24b4feda441563e6841021017b2c5db628a6976c9f5#clause_0009,,,,mechanism_5412f5f934062b0ac968,,,pm_bf061b5bcd558cc07b9e,,subsidy_amount,2000,元,2000.0,yuan,,,,,,0.999996,True,True,,step7b_iterB_rulefix,strict_all
ParameterMention:pm_bf0d63d68928db5ac25f,ParameterMention,,ee74d273b781a2f2d3b7cdfadfe4c9a63e6e423f10874fba1e3c84a0a1f35295,ee74d273b781a2f2d3b7cdfadfe4c9a63e6e423f10874fba1e3c84a0a1f35295#clause_0004,,,,mechanism_67710082c3687a1854d0,,,pm_bf0d63d68928db5ac25f,,consumption_threshold_kwh,100,千瓦时,100.0,kwh,,,,,,0.987872,True,True,,step7b_iterB_rulefix,strict_all
ParameterMention:pm_bf2df352701c25f667e3,ParameterMention,,53fc822864624a590cef5b5fa21ff00698716adde9cef0962459c0216e2b8855,53fc822864624a590cef5b5fa21ff00698716adde9cef0962459c0216e2b8855#clause_0013,,,,mechanism_8f6a63af51e49643acd9,,,pm_bf2df352701c25f667e3,,ratio_target,65,%,65.0,percent,,,,,,0.554779,True,False,,step7b_iterB_rulefix,strict_all
ParameterMention:pm_bf2e76f1373dc767fd52,ParameterMention,,cad55946076888ab390523abaa4dc15b06bee710324ecad19516c32d9ece078d,cad55946076888ab390523abaa4dc15b06bee710324ecad19516c32d9ece078d#clause_0000,,,,mechanism_fb43bc7dca13e5f94cb6,,,pm_bf2e76f1373dc767fd52,,ratio_target,60,%,60.0,percent,,,,,,0.960834,True,True,,step7b_iterB_rulefix,strict_all
ParameterMention:pm_bf5bddf2d13e472b64d3,ParameterMention,,62f668d2db29a9b35b4e6b01f6064c10ad77ad238436d5b7314a37cbf4824821,62f668d2db29a9b35b4e6b01f6064c10ad77ad238436d5b7314a37cbf4824821#clause_0002,,,,mechanism_350301622fb30b399168,,,pm_bf5bddf2d13e472b64d3,,subsidy_amount,240,元,240.0,yuan,,,,,,0.997892,True,True,,step7b_iterB_rulefix,strict_all
ParameterMention:pm_bf6b5664b5e3f7f327ee,ParameterMention,,f6f8d5f9847c1fe31624cb64353d12b61bebca40113c37e445b63a2d226db18d,f6f8d5f9847c1fe31624cb64353d12b61bebca40113c37e445b63a2d226db18d#clause_0004,,,,mechanism_3f804a359e629da6180f,,,pm_bf6b5664b5e3f7f327ee,,subsidy_amount,1,元,1.0,yuan,,,,,,0.999999,True,True,,step7b_iterB_rulefix,strict_all
ParameterMention:pm_bfcfda035e62bbb3387d,ParameterMention,,cc7addf8ff4efe3409afac8915cc6b8df3283617d08af2da6658e58933736301,cc7addf8ff4efe3409afac8915cc6b8df3283617d08af2da6658e58933736301#clause_0005,,,,mechanism_f142d4328f8ce0de1045,,,pm_bfcfda035e62bbb3387d,,price_delta_pct,80,%,80.0,percent,,,,,,0.73885,True,True,,step7b_iterB_rulefix,strict_all
ParameterMention:pm_bff5cfdcd4fe2fc23e52,ParameterMention,,41eed2fc03a95dc30af898124e00962d37f00dd998abb5da87c6e10e209db169,41eed2fc03a95dc30af898124e00962d37f00dd998abb5da87c6e10e209db169#clause_0021,,,,mechanism_f9002df998c3995bb93e,,,pm_bff5cfdcd4fe2fc23e52,,target_household_count,500,户,500.0,household,,,,,,0.645656,True,True,,step7b_iterB_rulefix,strict_all
ParameterMention:pm_c002366d4a24ad5a4cd7,ParameterMention,,9b06cc894aac361e91193d1e2d076802b7d20c8895b79245d14a48f8ce5543ce,9b06cc894aac361e91193d1e2d076802b7d20c8895b79245d14a48f8ce5543ce#clause_0001,,,,mechanism_b876088018a0efb9bdec,,,pm_c002366d4a24ad5a4cd7,,time_window,10:00-13:00,时段,10:00-13:00,time_window,,,,,,0.999914,True,True,,step7b_iterB_rulefix,strict_all
ParameterMention:pm_c03bacb266efac743998,ParameterMention,,7f64d12d77538daeb634de40f7634de40d034d5512fa29948f5af09d83039026,7f64d12d77538daeb634de40f7634de40d034d5512fa29948f5af09d83039026#clause_0002,,,,mechanism_f15f26c816a5d50a9c4f,,,pm_c03bacb266efac743998,,ratio_target,15,%,15.0,percent,,,,,,0.554779,True,False,,step7b_iterB_rulefix,strict_all
ParameterMention:pm_c0616b0e8369cf275e57,ParameterMention,,62f668d2db29a9b35b4e6b01f6064c10ad77ad238436d5b7314a37cbf4824821,62f668d2db29a9b35b4e6b01f6064c10ad77ad238436d5b7314a37cbf4824821#clause_0001,,,,mechanism_38d2381a5a5be9871b64,,,pm_c0616b0e8369cf275e57,,subsidy_amount,180,元,180.0,yuan,,,,,,0.999574,True,True,,step7b_iterB_rulefix,strict_all
ParameterMention:pm_c06613e73ee87362f0e3,ParameterMention,,c2a4e02e4cd2e0f22c6b14e2826b94e5c6662dcc9e7b29844165f14d4e30aceb,c2a4e02e4cd2e0f22c6b14e2826b94e5c6662dcc9e7b29844165f14d4e30aceb#clause_0001,,,,mechanism_3cbb8f4de9aef7ee89b7,,,pm_c06613e73ee87362f0e3,,price_delta_pct,1.9,%,1.9,percent,,,,,,0.608259,True,True,,step7b_iterB_rulefix,strict_all
ParameterMention:pm_c08e4708fe873ad993d9,ParameterMention,,be6ae43a80945b2c12f24215ce25f2251d1063d21021b1879c021d8cbdc168d0,be6ae43a80945b2c12f24215ce25f2251d1063d21021b1879c021d8cbdc168d0#clause_0001,,,,mechanism_32fcbc3dd2c61cddf006,,,pm_c08e4708fe873ad993d9,,price_delta_pct,1.5,%,1.5,percent,,,,,,0.608259,True,True,,step7b_iterB_rulefix,strict_all
ParameterMention:pm_c0b050415a8bb36ef710,ParameterMention,,a7f3f83cc719dbd58fa3cba1078d11a8511ace91597d326e11375e817e2d73f6,a7f3f83cc719dbd58fa3cba1078d11a8511ace91597d326e11375e817e2d73f6#clause_0003,,,,mechanism_8e9d285b75c7237c91a4,,,pm_c0b050415a8bb36ef710,,consumption_threshold_kwh,370,元/千瓦时,370.0,kwh,,,,,,0.948826,True,True,,step7b_iterB_rulefix,strict_all
ParameterMention:pm_c0dbd32c458e290970fe,ParameterMention,,41eed2fc03a95dc30af898124e00962d37f00dd998abb5da87c6e10e209db169,41eed2fc03a95dc30af898124e00962d37f00dd998abb5da87c6e10e209db169#clause_0009,,,,mechanism_eb03db729efa471eaf2d,,,pm_c0dbd32c458e290970fe,,area_subsidy_amount,200,元,200.0,yuan_per_sqm,,,,,,0.999996,True,True,,step7b_iterB_rulefix,strict_all
ParameterMention:pm_c0e1be89514bfd8ba787,ParameterMention,,d171f5c9ffcc84e6c44576635c6bf0c74d7a441eb935c00257be34cfe5ace627,d171f5c9ffcc84e6c44576635c6bf0c74d7a441eb935c00257be34cfe5ace627#clause_0003,,,,mechanism_74dbbc695cc6748dfb95,,,pm_c0e1be89514bfd8ba787,,price_value,0.80,元,0.8,yuan,,,,,,0.903784,True,True,,step7b_iterB_rulefix,strict_all
ParameterMention:pm_c0e861b88dfaf5393fe0,ParameterMention,,13677b49d0d053be96bfcd32cd36eeba7c68f125c6f32cc220322ba98c178bf4,13677b49d0d053be96bfcd32cd36eeba7c68f125c6f32cc220322ba98c178bf4#clause_0002,,,,mechanism_b8cd8e984568cfddecf7,,,pm_c0e861b88dfaf5393fe0,,ratio_target,80,%,80.0,percent,,,,,,0.860566,True,True,,step7b_iterB_rulefix,strict_all
ParameterMention:pm_c16c078079987436a267,ParameterMention,,ec04d88813b018d570d36f88e39cafafcdea9a884900156145f7f25c3149ea28,ec04d88813b018d570d36f88e39cafafcdea9a884900156145f7f25c3149ea28#clause_0001,,,,mechanism_524bf0677926203c7b41,,,pm_c16c078079987436a267,,price_value,0.538,元,0.538,yuan,,,,,,0.995679,True,True,,step7b_iterB_rulefix,strict_all
ParameterMention:pm_c1da6a1f050a61bf24b0,ParameterMention,,9842b76e12450c90ad9c0680b04217082b8a8fafe2cef53d19367fc9dd8179c2,9842b76e12450c90ad9c0680b04217082b8a8fafe2cef53d19367fc9dd8179c2#clause_0004,,,,mechanism_6257564408b5721e8e00,,,pm_c1da6a1f050a61bf24b0,,price_value,0.2862,元/千瓦时,0.2862,yuan_per_kwh,,,,,,0.529964,True,False,,step7b_iterB_rulefix,strict_all
ParameterMention:pm_c2a4f504fdbc39fab2ce,ParameterMention,,0ae95f60cf40ef3dbcc874d7e32a0ed5a3d91c7d587ec5cae592c8064a14b8f8,0ae95f60cf40ef3dbcc874d7e32a0ed5a3d91c7d587ec5cae592c8064a14b8f8#clause_0002,,,,mechanism_f2ef0b71c6c31334e07e,,,pm_c2a4f504fdbc39fab2ce,,ratio_target,30,%,30.0,percent,,,,,,0.960834,True,True,,step7b_iterB_rulefix,strict_all
ParameterMention:pm_c2c46a2307a4d9304f8b,ParameterMention,,7ed0773389be1fab4cf4b39fd715e035135ac2f3585caf8e1b63b0017de0c7c9,7ed0773389be1fab4cf4b39fd715e035135ac2f3585caf8e1b63b0017de0c7c9#clause_0005,,,,mechanism_20a7354aaca5cc68d4b0,,,pm_c2c46a2307a4d9304f8b,,price_delta_pct,15,%,15.0,percent,,,,,,0.761333,True,True,,step7b_iterB_rulefix,strict_all
ParameterMention:pm_c3b7b735412a7e953dfe,ParameterMention,,231f1eeb573e2b351f92117ef696b8d2077cec456aacd516232f031d673da137,231f1eeb573e2b351f92117ef696b8d2077cec456aacd516232f031d673da137#clause_0001,,,,mechanism_b0521b5a46cdb8cf2611,,,pm_c3b7b735412a7e953dfe,,consumption_threshold_kwh,231,度,231.0,kwh,,,,,,0.984015,True,True,,step7b_iterB_rulefix,strict_all
ParameterMention:pm_c40a15c3b6f67200dfd4,ParameterMention,,7e1dff3ee78977bc7e5f87b686fc7b8ccf4f78bd15144d2fd3f7c60c48ec3209,7e1dff3ee78977bc7e5f87b686fc7b8ccf4f78bd15144d2fd3f7c60c48ec3209#clause_0002,,,,mechanism_e643f3633af0c69e0d6b,,,pm_c40a15c3b6f67200dfd4,,time_window,6:00-8:00,时段,06:00-08:00,time_window,,,,,,0.984632,True,True,,step7b_iterB_rulefix,strict_all
ParameterMention:pm_c41d63e430fe20c5a1aa,ParameterMention,,7ed0773389be1fab4cf4b39fd715e035135ac2f3585caf8e1b63b0017de0c7c9,7ed0773389be1fab4cf4b39fd715e035135ac2f3585caf8e1b63b0017de0c7c9#clause_0003,,,,mechanism_f9de0d8f84f151fd43fb,,,pm_c41d63e430fe20c5a1aa,,price_value,0.01,元,0.01,yuan,,,,,,0.539915,True,False,,step7b_iterB_rulefix,strict_all
ParameterMention:pm_c426ea6d9a886d84c871,ParameterMention,,6ca5d9d44b93a3440cc8f24b4feda441563e6841021017b2c5db628a6976c9f5,6ca5d9d44b93a3440cc8f24b4feda441563e6841021017b2c5db628a6976c9f5#clause_0015,,,,mechanism_87896788a3d395f0889e,,,pm_c426ea6d9a886d84c871,,ratio_target,80,%,80.0,percent,,,,,,0.960834,True,True,,step7b_iterB_rulefix,strict_all
ParameterMention:pm_c4339f6bda8fc4b9e432,ParameterMention,,c87c6c303d4ebe0bce627bed2792bac1dd9e89ad192d23b7144aa9570705b240,c87c6c303d4ebe0bce627bed2792bac1dd9e89ad192d23b7144aa9570705b240#clause_0001,,,,mechanism_434497cfb5191d390270,,,pm_c4339f6bda8fc4b9e432,,subsidy_amount,240,元,240.0,yuan,,,,,,0.999574,True,True,,step7b_iterB_rulefix,strict_all
ParameterMention:pm_c4bced299294c57ea15e,ParameterMention,,4978300e5965b0d812a67eb9a07c584011b661c940c300faf4990fb8586e3a13,4978300e5965b0d812a67eb9a07c584011b661c940c300faf4990fb8586e3a13#clause_0002,,,,mechanism_7f3db34ad1467f91bfbf,,,pm_c4bced299294c57ea15e,,ratio_target,5,%,5.0,percent,,,,,,0.554779,True,False,,step7b_iterB_rulefix,strict_all
ParameterMention:pm_c51f072292032d97a2fc,ParameterMention,,635192af8baf11262c4e886f015d6f452a5241a0a6d153db4c730e4108cbf7f3,635192af8baf11262c4e886f015d6f452a5241a0a6d153db4c730e4108cbf7f3#clause_0000,,,,mechanism_f9bff85da9411c4c4f0e,,,pm_c51f072292032d97a2fc,,price_delta_pct,1.9,%,1.9,percent,,,,,,0.529964,True,False,,step7b_iterB_rulefix,strict_all
ParameterMention:pm_c52ce844bdc2c3495bdd,ParameterMention,,ec04d88813b018d570d36f88e39cafafcdea9a884900156145f7f25c3149ea28,ec04d88813b018d570d36f88e39cafafcdea9a884900156145f7f25c3149ea28#clause_0002,,,,mechanism_254c0623af6cc109e8dd,,,pm_c52ce844bdc2c3495bdd,,consumption_threshold_kwh,2761-4800千瓦时,,4800.0,kwh,,,,,,0.996731,True,True,,step7b_iterB_rulefix,strict_all
ParameterMention:pm_c53805ade257c8f3aae3,ParameterMention,,bd51cc43b481bc63bc7d269674f0a2f4518f280c59a782356bbaab35e7c9725c,bd51cc43b481bc63bc7d269674f0a2f4518f280c59a782356bbaab35e7c9725c#clause_0002,,,,mechanism_351b14b0dbfc9323b1fb,,,pm_c53805ade257c8f3aae3,,consumption_threshold_kwh,13450,千瓦时,13450.0,kwh,,,,,,0.978119,True,True,,step7b_iterB_rulefix,strict_all
ParameterMention:pm_c5b0f23834d2d73577c4,ParameterMention,,ad8d0971d97051367bf7e78a6885dd89b83772d35f94aaff8c56c77398caa167,ad8d0971d97051367bf7e78a6885dd89b83772d35f94aaff8c56c77398caa167#clause_0002,,,,mechanism_6a72ed221836e0c94614,,,pm_c5b0f23834d2d73577c4,,funding_share_ratio,1:1:1,元,1:1:1,none,,,,,,0.999425,True,True,,step7b_iterB_rulefix,strict_all
ParameterMention:pm_c5c3ee1674d2af706a9f,ParameterMention,,96b1a22b2ec5ddcc9e6133c59976da4937836c097e7e7f973b60ec9f8374b7a0,96b1a22b2ec5ddcc9e6133c59976da4937836c097e7e7f973b60ec9f8374b7a0#clause_0002,,,,mechanism_4c9d407bbfc48aa0d7a0,,,pm_c5c3ee1674d2af706a9f,,ratio_target,100,%,100.0,percent,,,,,,0.97288,True,True,,step7b_iterB_rulefix,strict_all
ParameterMention:pm_c5d58b63be636c086260,ParameterMention,,b7970415004e18258dafe12d1a8aab2812448cb5c877684915b31d587b891911,b7970415004e18258dafe12d1a8aab2812448cb5c877684915b31d587b891911#clause_0003,,,,mechanism_58e9b003e679bf3a311d,,,pm_c5d58b63be636c086260,,consumption_threshold_kwh,230,度,230.0,kwh,,,,,,0.985226,True,True,,step7b_iterB_rulefix,strict_all
ParameterMention:pm_c5ea2e31295826c7cf78,ParameterMention,,4443f6f24df9c2cdb21d2432a3505998f5a74fac8f443a268420a5ce246b624f,4443f6f24df9c2cdb21d2432a3505998f5a74fac8f443a268420a5ce246b624f#clause_0002,,,,mechanism_4062853a80e4ff1a1cd7,,,pm_c5ea2e31295826c7cf78,,consumption_threshold_kwh,2041,千瓦时,2041.0,kwh,,,,,,0.999899,True,True,,step7b_iterB_rulefix,strict_all
ParameterMention:pm_c616be3f7b6d9a229562,ParameterMention,,4978300e5965b0d812a67eb9a07c584011b661c940c300faf4990fb8586e3a13,4978300e5965b0d812a67eb9a07c584011b661c940c300faf4990fb8586e3a13#clause_0003,,,,mechanism_9108561be560c4f9f372,,,pm_c616be3f7b6d9a229562,,ratio_target,70,%,70.0,percent,,,,,,0.554779,True,False,,step7b_iterB_rulefix,strict_all
ParameterMention:pm_c631fdaffe7254d044e6,ParameterMention,,58335d90e96cc5b4211b57e5ba68639ec110997e34daf85e547cbcf39bcc1906,58335d90e96cc5b4211b57e5ba68639ec110997e34daf85e547cbcf39bcc1906#clause_0003,,,,mechanism_5493d73727c945494097,,,pm_c631fdaffe7254d044e6,,time_window,8:00-9:00,%,08:00-09:00,time_window,,,,,,0.993036,True,True,,step7b_iterB_rulefix,strict_all
ParameterMention:pm_c6380a15bac3e046f7b8,ParameterMention,,caf6cea05c2383ef47c5578fbf1392dfbf0ec0b4fbdc53de67e6f1d3bd2062fc,caf6cea05c2383ef47c5578fbf1392dfbf0ec0b4fbdc53de67e6f1d3bd2062fc#clause_0001,,,,mechanism_e2bca99581b76b3f4780,,,pm_c6380a15bac3e046f7b8,,time_window,7:00-11:00,时段,07:00-11:00,time_window,,,,,,0.999574,True,True,,step7b_iterB_rulefix,strict_all
ParameterMention:pm_c67ef95c4d0cdf4bd33c,ParameterMention,,ad8d0971d97051367bf7e78a6885dd89b83772d35f94aaff8c56c77398caa167,ad8d0971d97051367bf7e78a6885dd89b83772d35f94aaff8c56c77398caa167#clause_0020,,,,mechanism_0eef3b51103e8f296933,,,pm_c67ef95c4d0cdf4bd33c,,area_subsidy_amount,3850,元,55.0,yuan_per_sqm,,,,,,0.997892,True,True,,step7b_iterB_rulefix,strict_all
ParameterMention:pm_c67fbf8b2ec60b5e8296,ParameterMention,,0ae95f60cf40ef3dbcc874d7e32a0ed5a3d91c7d587ec5cae592c8064a14b8f8,0ae95f60cf40ef3dbcc874d7e32a0ed5a3d91c7d587ec5cae592c8064a14b8f8#clause_0009,,,,mechanism_11ea1b7b01348460da47,,,pm_c67fbf8b2ec60b5e8296,,subsidy_amount,30,万元,30.0,ten_thousand_yuan,,,,,,0.999574,True,True,,step7b_iterB_rulefix,strict_all
ParameterMention:pm_c6d607717f91293a8746,ParameterMention,,d171f5c9ffcc84e6c44576635c6bf0c74d7a441eb935c00257be34cfe5ace627,d171f5c9ffcc84e6c44576635c6bf0c74d7a441eb935c00257be34cfe5ace627#clause_0002,,,,mechanism_6b6b4cb945c45aba7cba,,,pm_c6d607717f91293a8746,,consumption_threshold_kwh,280,度,280.0,kwh,,,,,,0.985226,True,True,,step7b_iterB_rulefix,strict_all
ParameterMention:pm_c6de03012b29104f9742,ParameterMention,,a63aaa1b99aae78cd58b5beb8c271e538c4b10b43ff4aff7312d6e081dd79eed,a63aaa1b99aae78cd58b5beb8c271e538c4b10b43ff4aff7312d6e081dd79eed#clause_0013,,,,mechanism_d0685125fda122700d47,,,pm_c6de03012b29104f9742,,ratio_target,100,%,100.0,percent,,,,,,0.960834,True,True,,step7b_iterB_rulefix,strict_all
ParameterMention:pm_c71c334bafb8c6f83482,ParameterMention,,eb659fbcd99dcc85f2745f39faae903578c8a5403a504ed63c81c4ca3987afc3,eb659fbcd99dcc85f2745f39faae903578c8a5403a504ed63c81c4ca3987afc3#clause_0003,,,,mechanism_d1bae670c17508b841c6,,,pm_c71c334bafb8c6f83482,,ratio_target,200,%,200.0,percent,,,,,,0.554779,True,False,,step7b_iterB_rulefix,strict_all
ParameterMention:pm_c785a7eb6983cf007887,ParameterMention,,ee74d273b781a2f2d3b7cdfadfe4c9a63e6e423f10874fba1e3c84a0a1f35295,ee74d273b781a2f2d3b7cdfadfe4c9a63e6e423f10874fba1e3c84a0a1f35295#clause_0000,,,,mechanism_c494352133f4b2a710bb,,,pm_c785a7eb6983cf007887,,consumption_threshold_kwh,200,千瓦时,200.0,kwh,,,,,,0.999999,True,True,,step7b_iterB_rulefix,strict_all
ParameterMention:pm_c7bab548d9a23b09c980,ParameterMention,,ad8d0971d97051367bf7e78a6885dd89b83772d35f94aaff8c56c77398caa167,ad8d0971d97051367bf7e78a6885dd89b83772d35f94aaff8c56c77398caa167#clause_0005,,,,mechanism_c2e0fad79ba020bd9a80,,,pm_c7bab548d9a23b09c980,,subsidy_amount,4000,元,4000.0,yuan,,,,,,0.999993,True,True,,step7b_iterB_rulefix,strict_all
ParameterMention:pm_c7ed17d32f0fb6b83ce4,ParameterMention,,99dce90179e84c5da237d3a228a84ba994f4c04a9a167533654c0cfcdc8d9686,99dce90179e84c5da237d3a228a84ba994f4c04a9a167533654c0cfcdc8d9686#clause_0004,,,,mechanism_45bce995974f7f10830e,,,pm_c7ed17d32f0fb6b83ce4,,consumption_threshold_kwh,0.507,千瓦时,0.507,kwh,,,,,,0.872138,True,True,,step7b_iterB_rulefix,strict_all
ParameterMention:pm_c8ea47c1747b691c1041,ParameterMention,,5d785886820a3ef835d86f0d4c5e3aedb76c51572c87d6f5228dd8e042fa93a4,5d785886820a3ef835d86f0d4c5e3aedb76c51572c87d6f5228dd8e042fa93a4#clause_0026,,,,mechanism_0634b7188789dcad85b3,,,pm_c8ea47c1747b691c1041,,price_delta_pct,1.9,%,1.9,percent,,,,,,0.608259,True,True,,step7b_iterB_rulefix,strict_all
ParameterMention:pm_c9017d8b703d7da50f55,ParameterMention,,9977a1b4a371e69cc97e07c3dc35c2f6e10314b35aaf7e35995468d3930cbcea,9977a1b4a371e69cc97e07c3dc35c2f6e10314b35aaf7e35995468d3930cbcea#clause_0003,,,,mechanism_8cf0a624e4c85a2f56d9,,,pm_c9017d8b703d7da50f55,,time_window,11:00-12:00,%,11:00-12:00,time_window,,,,,,0.966431,True,True,,step7b_iterB_rulefix,strict_all
ParameterMention:pm_c9231a77fe5a2c1824c9,ParameterMention,,a7f3f83cc719dbd58fa3cba1078d11a8511ace91597d326e11375e817e2d73f6,a7f3f83cc719dbd58fa3cba1078d11a8511ace91597d326e11375e817e2d73f6#clause_0003,,,,mechanism_8e9d285b75c7237c91a4,,,pm_c9231a77fe5a2c1824c9,,price_value,0.30,元/千瓦时,0.3,yuan_per_kwh,,,,,,0.654753,True,True,,step7b_iterB_rulefix,strict_all
ParameterMention:pm_c954660d432288f89b22,ParameterMention,,a63aaa1b99aae78cd58b5beb8c271e538c4b10b43ff4aff7312d6e081dd79eed,a63aaa1b99aae78cd58b5beb8c271e538c4b10b43ff4aff7312d6e081dd79eed#clause_0018,,,,mechanism_4f2ff40ccae1fbaf8e90,,,pm_c954660d432288f89b22,,subsidy_amount,16.2,万元,16.2,ten_thousand_yuan,,,,,,0.999983,True,True,,step7b_iterB_rulefix,strict_all
ParameterMention:pm_c9e4811ab358af5175a2,ParameterMention,,609908d9bcfc33e3897206e5078e6cd00772ed380b661406f29cddfcd122f57d,609908d9bcfc33e3897206e5078e6cd00772ed380b661406f29cddfcd122f57d#clause_0001,,,,mechanism_325df35f3f7173a1f8e3,,,pm_c9e4811ab358af5175a2,,time_window,14:00-15:00,时段,14:00-15:00,time_window,,,,,,0.984632,True,True,,step7b_iterB_rulefix,strict_all
ParameterMention:pm_cb4f79eac32d4b9604c8,ParameterMention,,b5738e1db12f50b7e6a3416bacdba11f06c5373d2cb3d80d31a90bdf09b3ddb1,b5738e1db12f50b7e6a3416bacdba11f06c5373d2cb3d80d31a90bdf09b3ddb1#clause_0005,,,,mechanism_fb910fcbe832ff0e9ba1,,,pm_cb4f79eac32d4b9604c8,,ratio_target,1.8:1.49:1,,1.8:1.49:1,none,,,,,,0.978119,True,True,,step7b_iterB_rulefix,strict_all
ParameterMention:pm_cb99c3f95fe604525915,ParameterMention,,4da4ac46529aa8730837ae343298f520e2f42fa4f8b05ba335c343f0248c8e34,4da4ac46529aa8730837ae343298f520e2f42fa4f8b05ba335c343f0248c8e34#clause_0003,,,,mechanism_73b5d90b344a5c6ae1bb,,,pm_cb99c3f95fe604525915,,ratio_target,10,%,10.0,percent,,,,,,0.968324,True,True,,step7b_iterB_rulefix,strict_all
ParameterMention:pm_cb9f195f268d2e14195e,ParameterMention,,99bfb079cc9a0ac097ce291b686022d6fc947c4ca53f0ca785a04338057cf2cb,99bfb079cc9a0ac097ce291b686022d6fc947c4ca53f0ca785a04338057cf2cb#clause_0006,,,,mechanism_0892769c1d0333707d74,,,pm_cb9f195f268d2e14195e,,subsidy_amount,1200,元/千瓦时,1200.0,yuan,,,,,,0.999914,True,True,,step7b_iterB_rulefix,strict_all
ParameterMention:pm_cbd637dd6f96eb5027b1,ParameterMention,,15d322df36604ef5082b3cbb152c1ae45bda6ad3f5d941b024f5371b4210c4d8,15d322df36604ef5082b3cbb152c1ae45bda6ad3f5d941b024f5371b4210c4d8#clause_0002,,,,mechanism_ba113fab235698330be1,,,pm_cbd637dd6f96eb5027b1,,time_window,11:00-13:00,时段,11:00-13:00,time_window,,,,,,0.996859,True,True,,step7b_iterB_rulefix,strict_all
ParameterMention:pm_cc4c7309eee9006d529f,ParameterMention,,d31910273230458d2a8e0c7c623aa0f1c45d59d48f0dc7cad99ecb0902267b5d,d31910273230458d2a8e0c7c623aa0f1c45d59d48f0dc7cad99ecb0902267b5d#clause_0005,,,,mechanism_f3c7dcc9d68849740dd5,,,pm_cc4c7309eee9006d529f,,price_value,0.2,元/千瓦时,0.2,yuan_per_kwh,,,,,,0.946849,True,True,,step7b_iterB_rulefix,strict_all
ParameterMention:pm_cc5680b35c845025ee41,ParameterMention,,8e6fda04dc4cc2a5dabc23280052ecf857f10f0630620fa83d268a2bad0818f2,8e6fda04dc4cc2a5dabc23280052ecf857f10f0630620fa83d268a2bad0818f2#clause_0000,,,,mechanism_cd5b1108305889b62123,,,pm_cc5680b35c845025ee41,,time_window,8:00-11:00,时段,08:00-11:00,time_window,,,,,,0.999983,True,True,,step7b_iterB_rulefix,strict_all
ParameterMention:pm_ccafadbf37714750f3bf,ParameterMention,,4da4ac46529aa8730837ae343298f520e2f42fa4f8b05ba335c343f0248c8e34,4da4ac46529aa8730837ae343298f520e2f42fa4f8b05ba335c343f0248c8e34#clause_0004,,,,mechanism_f1ab68b13af91f00233c,,,pm_ccafadbf37714750f3bf,,subsidy_amount,0.36,万元,0.36,ten_thousand_yuan,,,,,,0.997892,True,True,,step7b_iterB_rulefix,strict_all
ParameterMention:pm_ccc655ad06e12493eb32,ParameterMention,,3c1392fd897f1d095efaa1ae2a1eaa5c0c3df313cd5a9a185aacffe05575b886,3c1392fd897f1d095efaa1ae2a1eaa5c0c3df313cd5a9a185aacffe05575b886#clause_0022,,,,mechanism_ea7ac7fff0dc22d4630d,,,pm_ccc655ad06e12493eb32,,subsidy_amount,16.2,万元,16.2,ten_thousand_yuan,,,,,,0.999983,True,True,,step7b_iterB_rulefix,strict_all
ParameterMention:pm_ccf304809495a8c858d7,ParameterMention,,6970500b879273b0b83bb7a489716ace3a254448e313c9392b1c8d699aa8443a,6970500b879273b0b83bb7a489716ace3a254448e313c9392b1c8d699aa8443a#clause_0022,,,,mechanism_bc950338f4e8aaa22d6a,,,pm_ccf304809495a8c858d7,,subsidy_amount,1.2,万元,16.2,ten_thousand_yuan,,,,,,0.999983,True,True,,step7b_iterB_rulefix,strict_all
ParameterMention:pm_cd3279fdc159ec84a0ac,ParameterMention,,ee74d273b781a2f2d3b7cdfadfe4c9a63e6e423f10874fba1e3c84a0a1f35295,ee74d273b781a2f2d3b7cdfadfe4c9a63e6e423f10874fba1e3c84a0a1f35295#clause_0002,,,,mechanism_8974be01f89b4cebf4cb,,,pm_cd3279fdc159ec84a0ac,,price_value,0.30,元/千瓦时,0.3,yuan_per_kwh,,,,,,0.823465,True,True,,step7b_iterB_rulefix,strict_all
ParameterMention:pm_cd7dca437b042e8f663e,ParameterMention,,c6c4d1cca7577b75493e8eccc57343e9ea85d61bd6551b6ac6674cdb45eba353,c6c4d1cca7577b75493e8eccc57343e9ea85d61bd6551b6ac6674cdb45eba353#clause_0001,,,,mechanism_833385e737faa3ca663b,,,pm_cd7dca437b042e8f663e,,subsidy_amount,5,万元,5.0,ten_thousand_yuan,,,,,,0.999996,True,True,,step7b_iterB_rulefix,strict_all
ParameterMention:pm_cdd28bdc24cdf08464c4,ParameterMention,,2ece22a4f07f639ee9f6b14d9a999b5ec8ce9a982e248ec2c4350d49c32a2ec3,2ece22a4f07f639ee9f6b14d9a999b5ec8ce9a982e248ec2c4350d49c32a2ec3#clause_0002,,,,mechanism_4b6baa35c46b39e87168,,,pm_cdd28bdc24cdf08464c4,,consumption_threshold_kwh,260,千瓦时,260.0,kwh,,,,,,0.985226,True,True,,step7b_iterB_rulefix,strict_all
ParameterMention:pm_ce145481c427a39627a6,ParameterMention,,4dac8070bab7fdf62958e23b15689a48aa5f7c73b4b06deab4d30f0ce35cda18,4dac8070bab7fdf62958e23b15689a48aa5f7c73b4b06deab4d30f0ce35cda18#clause_0002,,,,mechanism_f99c17d81f3bbdd3a657,,,pm_ce145481c427a39627a6,,time_window,8:00-10:00,时段,08:00-10:00,time_window,,,,,,0.996859,True,True,,step7b_iterB_rulefix,strict_all
ParameterMention:pm_cef9609065a9a66e471f,ParameterMention,,cad55946076888ab390523abaa4dc15b06bee710324ecad19516c32d9ece078d,cad55946076888ab390523abaa4dc15b06bee710324ecad19516c32d9ece078d#clause_0000,,,,mechanism_fb43bc7dca13e5f94cb6,,,pm_cef9609065a9a66e471f,,ratio_target,80,%,80.0,percent,,,,,,0.960834,True,True,,step7b_iterB_rulefix,strict_all
ParameterMention:pm_cf20fa11db26aeb59ab0,ParameterMention,,95f6ba6c18bedd1be1da79aa08a7d72056b883f00acb9c39d5361b880a4dd595,95f6ba6c18bedd1be1da79aa08a7d72056b883f00acb9c39d5361b880a4dd595#clause_0002,,,,mechanism_b6e3da45258f75e02007,,,pm_cf20fa11db26aeb59ab0,,price_value,0.05,元/千瓦时,0.05,yuan_per_kwh,,,,,,0.823465,True,True,,step7b_iterB_rulefix,strict_all
ParameterMention:pm_d149ea06431a1cbc66fc,ParameterMention,,6ca5d9d44b93a3440cc8f24b4feda441563e6841021017b2c5db628a6976c9f5,6ca5d9d44b93a3440cc8f24b4feda441563e6841021017b2c5db628a6976c9f5#clause_0001,,,,mechanism_489162a22a8ea0f95891,,,pm_d149ea06431a1cbc66fc,,price_value,0.3,元/度,0.3,yuan_per_kwh,,,,,,0.999714,True,True,,step7b_iterB_rulefix,strict_all
ParameterMention:pm_d162e426ad432c19b07b,ParameterMention,,3c1392fd897f1d095efaa1ae2a1eaa5c0c3df313cd5a9a185aacffe05575b886,3c1392fd897f1d095efaa1ae2a1eaa5c0c3df313cd5a9a185aacffe05575b886#clause_0009,,,,mechanism_ec82851d9e393092e638,,,pm_d162e426ad432c19b07b,,area_subsidy_amount,200,元,200.0,yuan_per_sqm,,,,,,0.999996,True,True,,step7b_iterB_rulefix,strict_all
ParameterMention:pm_d194e76b74bc192a140f,ParameterMention,,3991fbb237169347871b06ab54a5fa6484949f06838d537bedebcccd7d1380b8,3991fbb237169347871b06ab54a5fa6484949f06838d537bedebcccd7d1380b8#clause_0004,,,,mechanism_3eceaef244256b92c4c3,,,pm_d194e76b74bc192a140f,,ratio_target,60,%,60.0,percent,,,,,,0.5,True,False,,step7b_iterB_rulefix,strict_all
ParameterMention:pm_d19b320faa2ec81501f5,ParameterMention,,500387f290ce2730e02ebddb6bdb2aa6dffc22df78c335ed7937fd7225fa2d31,500387f290ce2730e02ebddb6bdb2aa6dffc22df78c335ed7937fd7225fa2d31#clause_0002,,,,mechanism_ff07fb2ebe83beca162d,,,pm_d19b320faa2ec81501f5,,price_delta_pct,60,%,60.0,percent,,,,,,0.985797,True,True,,step7b_iterB_rulefix,strict_all
ParameterMention:pm_d1da6279e2968661d3ae,ParameterMention,,4d9e424e89d20d90f83d0086d46ae685d20198da6a5b716333623c8288b3d66e,4d9e424e89d20d90f83d0086d46ae685d20198da6a5b716333623c8288b3d66e#clause_0002,,,,mechanism_6a15d6204397b57f1344,,,pm_d1da6279e2968661d3ae,,ratio_target,1.5:1:0.5,,1.5:1:0.5,none,,,,,,0.768525,True,True,,step7b_iterB_rulefix,strict_all
ParameterMention:pm_d237da7d7adcd195ae99,ParameterMention,,4978300e5965b0d812a67eb9a07c584011b661c940c300faf4990fb8586e3a13,4978300e5965b0d812a67eb9a07c584011b661c940c300faf4990fb8586e3a13#clause_0002,,,,mechanism_7f3db34ad1467f91bfbf,,,pm_d237da7d7adcd195ae99,,ratio_target,70,%,70.0,percent,,,,,,0.554779,True,False,,step7b_iterB_rulefix,strict_all
ParameterMention:pm_d27ec3ec00a7f6493a3e,ParameterMention,,bd6202baffd47fe0052d9accf098e87cdadac6623a4be7112867c5541bb55aeb,bd6202baffd47fe0052d9accf098e87cdadac6623a4be7112867c5541bb55aeb#clause_0001,,,,mechanism_eefd407a28ac77791e4b,,,pm_d27ec3ec00a7f6493a3e,,subsidy_amount,300,元,300.0,yuan,,,,,,0.997892,True,True,,step7b_iterB_rulefix,strict_all
ParameterMention:pm_d292643c1a0e8483cd11,ParameterMention,,6970500b879273b0b83bb7a489716ace3a254448e313c9392b1c8d699aa8443a,6970500b879273b0b83bb7a489716ace3a254448e313c9392b1c8d699aa8443a#clause_0012,,,,mechanism_6afb27fdb231ebd6e518,,,pm_d292643c1a0e8483cd11,,area_subsidy_amount,24000,元,200.0,yuan_per_sqm,,,,,,0.997892,True,True,,step7b_iterB_rulefix,strict_all
ParameterMention:pm_d29d4d9c8cab70ee187b,ParameterMention,,d6295fc6d120b2f270803869f63327efa8f7e3ea98515eb80da25abd977ff9f6,d6295fc6d120b2f270803869f63327efa8f7e3ea98515eb80da25abd977ff9f6#clause_0004,,,,mechanism_49bb99b521114d253c23,,,pm_d29d4d9c8cab70ee187b,,ratio_target,15,%,15.0,percent,,,,,,0.554779,True,False,,step7b_iterB_rulefix,strict_all
ParameterMention:pm_d2a20b91ab83baca6ba3,ParameterMention,,53fc822864624a590cef5b5fa21ff00698716adde9cef0962459c0216e2b8855,53fc822864624a590cef5b5fa21ff00698716adde9cef0962459c0216e2b8855#clause_0023,,,,mechanism_2a4b35c908724c1f9ba2,,,pm_d2a20b91ab83baca6ba3,,subsidy_amount,2.1,万元,2.1,ten_thousand_yuan,,,,,,0.977246,True,True,,step7b_iterB_rulefix,strict_all
ParameterMention:pm_d2b3c359acb26581d642,ParameterMention,,fa8247ce8a15e7fa9b0253eda7960d3595374d0fe35b3c360fc07635c4aac219,fa8247ce8a15e7fa9b0253eda7960d3595374d0fe35b3c360fc07635c4aac219#clause_0002,,,,mechanism_b08cd6bdd629db42a717,,,pm_d2b3c359acb26581d642,,time_window,16:00-24:00,时段,16:00-24:00,time_window,,,,,,0.999914,True,True,,step7b_iterB_rulefix,strict_all
ParameterMention:pm_d3504c94b00ec91acf11,ParameterMention,,9b573a30294f2b87e5bc8a1733dc8154869687fb42b7fbcbc23dc1cf3c74f11b,9b573a30294f2b87e5bc8a1733dc8154869687fb42b7fbcbc23dc1cf3c74f11b#clause_0002,,,,mechanism_4f875647eb6068a713c1,,,pm_d3504c94b00ec91acf11,,subsidy_amount,1000,元,1000.0,yuan,,,,,,0.999914,True,True,,step7b_iterB_rulefix,strict_all
ParameterMention:pm_d3d371b2e7ce200298d8,ParameterMention,,d171f5c9ffcc84e6c44576635c6bf0c74d7a441eb935c00257be34cfe5ace627,d171f5c9ffcc84e6c44576635c6bf0c74d7a441eb935c00257be34cfe5ace627#clause_0002,,,,mechanism_6b6b4cb945c45aba7cba,,,pm_d3d371b2e7ce200298d8,,consumption_threshold_kwh,181-280,度,280.0,kwh,,,,,,0.985226,True,True,,step7b_iterB_rulefix,strict_all
ParameterMention:pm_d40e016ce5d083b05e61,ParameterMention,,a63aaa1b99aae78cd58b5beb8c271e538c4b10b43ff4aff7312d6e081dd79eed,a63aaa1b99aae78cd58b5beb8c271e538c4b10b43ff4aff7312d6e081dd79eed#clause_0018,,,,mechanism_4f2ff40ccae1fbaf8e90,,,pm_d40e016ce5d083b05e61,,subsidy_amount,15,万元,16.2,ten_thousand_yuan,,,,,,0.999983,True,True,,step7b_iterB_rulefix,strict_all
ParameterMention:pm_d49c08d5167b592a23e8,ParameterMention,,fa8247ce8a15e7fa9b0253eda7960d3595374d0fe35b3c360fc07635c4aac219,fa8247ce8a15e7fa9b0253eda7960d3595374d0fe35b3c360fc07635c4aac219#clause_0002,,,,mechanism_b08cd6bdd629db42a717,,,pm_d49c08d5167b592a23e8,,time_window,00:00-08:00,时段,00:00-08:00,time_window,,,,,,0.999914,True,True,,step7b_iterB_rulefix,strict_all
ParameterMention:pm_d506b513e11a83de6ae1,ParameterMention,,a63aaa1b99aae78cd58b5beb8c271e538c4b10b43ff4aff7312d6e081dd79eed,a63aaa1b99aae78cd58b5beb8c271e538c4b10b43ff4aff7312d6e081dd79eed#clause_0017,,,,mechanism_833668341cfc10a25b5a,,,pm_d506b513e11a83de6ae1,,target_household_count,500,户,500.0,household,,,,,,0.645656,True,True,,step7b_iterB_rulefix,strict_all
ParameterMention:pm_d54163da6f2c43ac09dc,ParameterMention,,3aadd2a404bd555714a18eb3488f76d8c7aecef9b833da8698eff658fb12e0e3,3aadd2a404bd555714a18eb3488f76d8c7aecef9b833da8698eff658fb12e0e3#clause_0001,,,,mechanism_b26d937b1474d1605d80,,,pm_d54163da6f2c43ac09dc,,subsidy_amount,1.5,万元,1.5,ten_thousand_yuan,,,,,,0.981293,True,True,,step7b_iterB_rulefix,strict_all
ParameterMention:pm_d5668ca0be0ed35d08a1,ParameterMention,,4da4ac46529aa8730837ae343298f520e2f42fa4f8b05ba335c343f0248c8e34,4da4ac46529aa8730837ae343298f520e2f42fa4f8b05ba335c343f0248c8e34#clause_0001,,,,mechanism_3273cb610210c7426377,,,pm_d5668ca0be0ed35d08a1,,ratio_target,40,%,40.0,percent,,,,,,0.998668,True,True,,step7b_iterB_rulefix,strict_all
ParameterMention:pm_d57b92a094c0771cadff,ParameterMention,,e96954454202c06919fb26233a2f5743477ff62fe26d6f194b805da4176b5fcb,e96954454202c06919fb26233a2f5743477ff62fe26d6f194b805da4176b5fcb#clause_0003,,,,mechanism_e1d686b29b119387c11d,,,pm_d57b92a094c0771cadff,,consumption_threshold_kwh,260,元,260.0,kwh,,,,,,0.996982,True,True,,step7b_iterB_rulefix,strict_all
ParameterMention:pm_d58e938caf2e543f5957,ParameterMention,,19b81e147d4c1292e577c2e1ab84419e792b779d8e0a823ba5d99750039e25cd,19b81e147d4c1292e577c2e1ab84419e792b779d8e0a823ba5d99750039e25cd#clause_0001,,,,mechanism_62b4fbac7c27f9689536,,,pm_d58e938caf2e543f5957,,subsidy_amount,0.1,元,0.1,yuan,,,,,,0.999574,True,True,,step7b_iterB_rulefix,strict_all
ParameterMention:pm_d5b0c6aa8488d0463f17,ParameterMention,,9842b76e12450c90ad9c0680b04217082b8a8fafe2cef53d19367fc9dd8179c2,9842b76e12450c90ad9c0680b04217082b8a8fafe2cef53d19367fc9dd8179c2#clause_0004,,,,mechanism_96075df1132f7a533e6d,,,pm_d5b0c6aa8488d0463f17,,consumption_threshold_kwh,0.507,千瓦时,0.507,kwh,,,,,,0.872138,True,True,,step7b_iterB_rulefix,strict_all
ParameterMention:pm_d5cd8b687282940f4a86,ParameterMention,,eed146d5fe14ffb1e1c746567c59461666857ebc7017d129ca0598039b4deb07,eed146d5fe14ffb1e1c746567c59461666857ebc7017d129ca0598039b4deb07#clause_0001,,,,mechanism_58d860726967cc36094c,,,pm_d5cd8b687282940f4a86,,consumption_threshold_kwh,3120,度,3120.0,kwh,,,,,,0.997527,True,True,,step7b_iterB_rulefix,strict_all
ParameterMention:pm_d5ec0d452f5002f0fe49,ParameterMention,,b271f30c7c5bbb7895cc6deb831772df2106e756fd6d2f0fa32695d59dba3cda,b271f30c7c5bbb7895cc6deb831772df2106e756fd6d2f0fa32695d59dba3cda#clause_0003,,,,mechanism_f22fbef44ce7351be4e9,,,pm_d5ec0d452f5002f0fe49,,consumption_threshold_kwh,12.0,千瓦时,12.0,kwh,,,,,,0.579324,True,False,,step7b_iterB_rulefix,strict_all
ParameterMention:pm_d659c433bc2c9fc0a31c,ParameterMention,,96b1a22b2ec5ddcc9e6133c59976da4937836c097e7e7f973b60ec9f8374b7a0,96b1a22b2ec5ddcc9e6133c59976da4937836c097e7e7f973b60ec9f8374b7a0#clause_0001,,,,mechanism_9852f07b9eabaa449be1,,,pm_d659c433bc2c9fc0a31c,,ratio_target,50,%,50.0,percent,,,,,,0.97288,True,True,,step7b_iterB_rulefix,strict_all
ParameterMention:pm_d6e7cec9637bd1482543,ParameterMention,,cfc5659b83ee4ad1d1f2661e5333bd1e0c3dd1876428b74b183b3a6d310c4184,cfc5659b83ee4ad1d1f2661e5333bd1e0c3dd1876428b74b183b3a6d310c4184#clause_0004,,,,mechanism_957ad2c297e0ce7f9203,,,pm_d6e7cec9637bd1482543,,subsidy_amount,350,元,350.0,yuan,,,,,,0.997892,True,True,,step7b_iterB_rulefix,strict_all
ParameterMention:pm_d7235beb34233bfe5f43,ParameterMention,,9977a1b4a371e69cc97e07c3dc35c2f6e10314b35aaf7e35995468d3930cbcea,9977a1b4a371e69cc97e07c3dc35c2f6e10314b35aaf7e35995468d3930cbcea#clause_0001,,,,mechanism_10d1fb2af74cbd1485e9,,,pm_d7235beb34233bfe5f43,,time_window,10:00-12:00,时段,10:00-12:00,time_window,,,,,,0.984632,True,True,,step7b_iterB_rulefix,strict_all
ParameterMention:pm_d7282f721172198cfb3d,ParameterMention,,6ed6029ec536fdcb1c28233730ac3cff649d9109667a7f16206c20af41b9b4dc,6ed6029ec536fdcb1c28233730ac3cff649d9109667a7f16206c20af41b9b4dc#clause_0001,,,,mechanism_6dbf6cda74a6148b6e97,,,pm_d7282f721172198cfb3d,,price_delta_pct,68,%,68.0,percent,,,,,,0.995321,True,True,,step7b_iterB_rulefix,strict_all
ParameterMention:pm_d7f443c549bd091199cd,ParameterMention,,58335d90e96cc5b4211b57e5ba68639ec110997e34daf85e547cbcf39bcc1906,58335d90e96cc5b4211b57e5ba68639ec110997e34daf85e547cbcf39bcc1906#clause_0004,,,,mechanism_cd90cf8e284f62eab6ae,,,pm_d7f443c549bd091199cd,,price_delta_pct,63,%,63.0,percent,,,,,,0.73885,True,True,,step7b_iterB_rulefix,strict_all
ParameterMention:pm_d87f85ff55ac8e53ccb6,ParameterMention,,6970500b879273b0b83bb7a489716ace3a254448e313c9392b1c8d699aa8443a,6970500b879273b0b83bb7a489716ace3a254448e313c9392b1c8d699aa8443a#clause_0007,,,,mechanism_88ac77e27f52feda85d7,,,pm_d87f85ff55ac8e53ccb6,,price_value,0.3,元/度,0.3,yuan_per_kwh,,,,,,0.73885,True,True,,step7b_iterB_rulefix,strict_all
ParameterMention:pm_d88d117a9c9df27bb991,ParameterMention,,3fd79998d4631ca6e3407dfaacd9b7e9186fa2e143618d0740ab46f0a9063745,3fd79998d4631ca6e3407dfaacd9b7e9186fa2e143618d0740ab46f0a9063745#clause_0026,,,,mechanism_f81b2afdd0684b8e3a9a,,,pm_d88d117a9c9df27bb991,,price_delta_pct,27,%,27.0,percent,,,,,,0.608259,True,True,,step7b_iterB_rulefix,strict_all
ParameterMention:pm_d89bf9bfa1b5221757f8,ParameterMention,,9634a7cefdb8a7018741e8ef683bb7b815f1dbc1d60d42350574f3dd240e55b7,9634a7cefdb8a7018741e8ef683bb7b815f1dbc1d60d42350574f3dd240e55b7#clause_0000,,,,mechanism_e55275c27c1c784171b6,,,pm_d89bf9bfa1b5221757f8,,ratio_target,80,%,80.0,percent,,,,,,0.860566,True,True,,step7b_iterB_rulefix,strict_all
ParameterMention:pm_d8a0c9979ad9fb8fa18b,ParameterMention,,59fb420eead4837faf2f90b58927c9c874cd61e9cfbcb91d127cfeeb50f5be76,59fb420eead4837faf2f90b58927c9c874cd61e9cfbcb91d127cfeeb50f5be76#clause_0004,,,,mechanism_a41923b8bc6f3cdb762f,,,pm_d8a0c9979ad9fb8fa18b,,ratio_target,90,%,90.0,percent,,,,,,0.554779,True,False,,step7b_iterB_rulefix,strict_all
ParameterMention:pm_d8c0255b0eee0535717f,ParameterMention,,f9e04639c4debca4ed9f462f2bcd047446a5ac515e9037c7aa504a0cb62c9f85,f9e04639c4debca4ed9f462f2bcd047446a5ac515e9037c7aa504a0cb62c9f85#clause_0001,,,,mechanism_9acc84f7cef5684f25dc,,,pm_d8c0255b0eee0535717f,,ratio_target,30,%,30.0,percent,,,,,,0.998668,True,True,,step7b_iterB_rulefix,strict_all
ParameterMention:pm_d8c5ef7e808350008c5b,ParameterMention,,869f1167336d179cdaad4a6fe47e4b0f5ad79fa8075d3bd91d28203f0c8b3282,869f1167336d179cdaad4a6fe47e4b0f5ad79fa8075d3bd91d28203f0c8b3282#clause_0001,,,,mechanism_526b19ea34664bafff5a,,,pm_d8c5ef7e808350008c5b,,price_delta_pct,27,%,27.0,percent,,,,,,0.608259,True,True,,step7b_iterB_rulefix,strict_all
ParameterMention:pm_d8f8d7e0059356dc7c40,ParameterMention,,caf6cea05c2383ef47c5578fbf1392dfbf0ec0b4fbdc53de67e6f1d3bd2062fc,caf6cea05c2383ef47c5578fbf1392dfbf0ec0b4fbdc53de67e6f1d3bd2062fc#clause_0002,,,,mechanism_e85169b827ec99071ea4,,,pm_d8f8d7e0059356dc7c40,,price_delta_pct,50,%,50.0,percent,,,,,,0.933392,True,True,,step7b_iterB_rulefix,strict_all
ParameterMention:pm_d92d8da4f5e41b15c160,ParameterMention,,17b169c01d0fd11691f3014066bc982e9d5aae3ef301b3d897d2a4b986dac45b,17b169c01d0fd11691f3014066bc982e9d5aae3ef301b3d897d2a4b986dac45b#clause_0009,,,,mechanism_5e7564832ead8a8d17a8,,,pm_d92d8da4f5e41b15c160,,funding_share_ratio,1:1,,1:1,none,,,,,,0.85321,True,True,,step7b_iterB_rulefix,strict_all
ParameterMention:pm_d95a7da25b78c18a5f32,ParameterMention,,17b169c01d0fd11691f3014066bc982e9d5aae3ef301b3d897d2a4b986dac45b,17b169c01d0fd11691f3014066bc982e9d5aae3ef301b3d897d2a4b986dac45b#clause_0007,,,,mechanism_41aca7809cbe4a149796,,,pm_d95a7da25b78c18a5f32,,subsidy_amount,2400,元,2400.0,yuan,,,,,,0.997892,True,True,,step7b_iterB_rulefix,strict_all
ParameterMention:pm_d96cd7245368e35efc5f,ParameterMention,,264f74e1e9077c0e94590da482db92ebc125f4c14559852d89ad14b209d7e41f,264f74e1e9077c0e94590da482db92ebc125f4c14559852d89ad14b209d7e41f#clause_0004,,,,mechanism_3cbf29840d12fd67f277,,,pm_d96cd7245368e35efc5f,,subsidy_amount,350,元,350.0,yuan,,,,,,0.997892,True,True,,step7b_iterB_rulefix,strict_all
ParameterMention:pm_d979e0eed15b1801a3b4,ParameterMention,,ad8d0971d97051367bf7e78a6885dd89b83772d35f94aaff8c56c77398caa167,ad8d0971d97051367bf7e78a6885dd89b83772d35f94aaff8c56c77398caa167#clause_0015,,,,mechanism_8cd7e7073b962d8c0473,,,pm_d979e0eed15b1801a3b4,,funding_share_ratio,1:1:1,,1:1:1,none,,,,,,0.996166,True,True,,step7b_iterB_rulefix,strict_all
ParameterMention:pm_da35fc3e3de06fd89259,ParameterMention,,41eed2fc03a95dc30af898124e00962d37f00dd998abb5da87c6e10e209db169,41eed2fc03a95dc30af898124e00962d37f00dd998abb5da87c6e10e209db169#clause_0012,,,,mechanism_bb423bb678ae0743a3f8,,,pm_da35fc3e3de06fd89259,,area_subsidy_amount,200,元,200.0,yuan_per_sqm,,,,,,0.997892,True,True,,step7b_iterB_rulefix,strict_all
ParameterMention:pm_da49bf9f2357a6eb4885,ParameterMention,,c87c6c303d4ebe0bce627bed2792bac1dd9e89ad192d23b7144aa9570705b240,c87c6c303d4ebe0bce627bed2792bac1dd9e89ad192d23b7144aa9570705b240#clause_0000,,,,mechanism_04c8b0afa326db46c30a,,,pm_da49bf9f2357a6eb4885,,subsidy_amount,600,元,600.0,yuan,,,,,,0.989646,True,True,,step7b_iterB_rulefix,strict_all
ParameterMention:pm_da549269ca4048f1de95,ParameterMention,,cc7addf8ff4efe3409afac8915cc6b8df3283617d08af2da6658e58933736301,cc7addf8ff4efe3409afac8915cc6b8df3283617d08af2da6658e58933736301#clause_0004,,,,mechanism_fe66abf3b2483d81e778,,,pm_da549269ca4048f1de95,,time_window,12:00-14:00,时段,12:00-14:00,time_window,,,,,,0.997892,True,True,,step7b_iterB_rulefix,strict_all
ParameterMention:pm_da880a12b00aa33f20b4,ParameterMention,,f8c4fb0263c1210088bbd510f8af1d01facfaac347c1633daea0ff54339aae1d,f8c4fb0263c1210088bbd510f8af1d01facfaac347c1633daea0ff54339aae1d#clause_0003,,,,mechanism_d623da637647de6e2a79,,,pm_da880a12b00aa33f20b4,,consumption_threshold_kwh,2800,千瓦时,2800.0,kwh,,,,,,0.999899,True,True,,step7b_iterB_rulefix,strict_all
ParameterMention:pm_dac061bb0c49dc550a61,ParameterMention,,99dce90179e84c5da237d3a228a84ba994f4c04a9a167533654c0cfcdc8d9686,99dce90179e84c5da237d3a228a84ba994f4c04a9a167533654c0cfcdc8d9686#clause_0005,,,,mechanism_31e40c172594f212d6c0,,,pm_dac061bb0c49dc550a61,,price_value,0.4770,元/千瓦时,0.477,yuan_per_kwh,,,,,,0.85321,True,True,,step7b_iterB_rulefix,strict_all
ParameterMention:pm_daedb55902b0e9a7ee0a,ParameterMention,,bd51cc43b481bc63bc7d269674f0a2f4518f280c59a782356bbaab35e7c9725c,bd51cc43b481bc63bc7d269674f0a2f4518f280c59a782356bbaab35e7c9725c#clause_0003,,,,mechanism_c9bebc8ee69a48286f79,,,pm_daedb55902b0e9a7ee0a,,price_delta_pct,1,%,1.0,percent,,,,,,0.79576,True,True,,step7b_iterB_rulefix,strict_all
ParameterMention:pm_daf0ff7ba9151e8667aa,ParameterMention,,59fb420eead4837faf2f90b58927c9c874cd61e9cfbcb91d127cfeeb50f5be76,59fb420eead4837faf2f90b58927c9c874cd61e9cfbcb91d127cfeeb50f5be76#clause_0001,,,,mechanism_d26be46cbc63ad9a2f89,,,pm_daf0ff7ba9151e8667aa,,ratio_target,70,%,70.0,percent,,,,,,0.554779,True,False,,step7b_iterB_rulefix,strict_all
ParameterMention:pm_daf428fac89df458a554,ParameterMention,,bd51cc43b481bc63bc7d269674f0a2f4518f280c59a782356bbaab35e7c9725c,bd51cc43b481bc63bc7d269674f0a2f4518f280c59a782356bbaab35e7c9725c#clause_0001,,,,mechanism_c3420540a40054b0e4bf,,,pm_daf428fac89df458a554,,price_value,0.01,元,0.01,yuan,,,,,,0.978959,True,True,,step7b_iterB_rulefix,strict_all
ParameterMention:pm_db09312676c8379392e5,ParameterMention,,bd9a5debe3e285290408196ff9a61cc7d1acd325eab100746bcd7562b196b7dd,bd9a5debe3e285290408196ff9a61cc7d1acd325eab100746bcd7562b196b7dd#clause_0002,,,,mechanism_a65ebf625b34d8993a85,,,pm_db09312676c8379392e5,,subsidy_amount,180,元,180.0,yuan,,,,,,0.997892,True,True,,step7b_iterB_rulefix,strict_all
ParameterMention:pm_db2015a31416a9976532,ParameterMention,,6ca5d9d44b93a3440cc8f24b4feda441563e6841021017b2c5db628a6976c9f5,6ca5d9d44b93a3440cc8f24b4feda441563e6841021017b2c5db628a6976c9f5#clause_0019,,,,mechanism_13f5a0b5a8d3b8453d2e,,,pm_db2015a31416a9976532,,subsidy_amount,500,万元,16.2,ten_thousand_yuan,,,,,,1.0,True,False,,step7b_iterB_rulefix,strict_all
ParameterMention:pm_db5f84e4a81961e0e63d,ParameterMention,,ef37ae60155da7c864e6bbcd497682534bd9bff051369c9d8862797716ff8af2,ef37ae60155da7c864e6bbcd497682534bd9bff051369c9d8862797716ff8af2#clause_0000,,,,mechanism_2d8bd71ab3d7d228954e,,,pm_db5f84e4a81961e0e63d,,price_delta_pct,50,%,50.0,percent,,,,,,0.990435,True,True,,step7b_iterB_rulefix,strict_all
ParameterMention:pm_dbf4c197f157034bd0f0,ParameterMention,,6cb18e49eef7e01ce34c704b30e6ccb4c6e2697977a292460da68fe51b13ae6d,6cb18e49eef7e01ce34c704b30e6ccb4c6e2697977a292460da68fe51b13ae6d#clause_0000,,,,mechanism_0aa2ea57eb551e921f74,,,pm_dbf4c197f157034bd0f0,,subsidy_amount,1040,元,1040.0,yuan,,,,,,0.989646,True,True,,step7b_iterB_rulefix,strict_all
ParameterMention:pm_dc1b31753ce89d628b30,ParameterMention,,00a12958eaee9a105dcc89c19bd002fa5ac8761a4154324faee32237e8364fec,00a12958eaee9a105dcc89c19bd002fa5ac8761a4154324faee32237e8364fec#clause_0001,,,,mechanism_4f0f2ebab9dc78254ad0,,,pm_dc1b31753ce89d628b30,,ratio_target,70,%,70.0,percent,,,,,,0.554779,True,False,,step7b_iterB_rulefix,strict_all
ParameterMention:pm_dc3438cd6c0952254bbe,ParameterMention,,500387f290ce2730e02ebddb6bdb2aa6dffc22df78c335ed7937fd7225fa2d31,500387f290ce2730e02ebddb6bdb2aa6dffc22df78c335ed7937fd7225fa2d31#clause_0002,,,,mechanism_ff07fb2ebe83beca162d,,,pm_dc3438cd6c0952254bbe,,price_delta_pct,60,%,60.0,percent,,,,,,0.985797,True,True,,step7b_iterB_rulefix,strict_all
ParameterMention:pm_dc7af8e108669879d691,ParameterMention,,8cb1f5c7e00d4df09dab22618fbcfa02b68ae905acba728be35b24aade110dc9,8cb1f5c7e00d4df09dab22618fbcfa02b68ae905acba728be35b24aade110dc9#clause_0000,,,,mechanism_a383da1a491d08d09ee9,,,pm_dc7af8e108669879d691,,subsidy_amount,3,万元,3.0,ten_thousand_yuan,,,,,,0.981293,True,True,,step7b_iterB_rulefix,strict_all
ParameterMention:pm_dcf15e68a5c8a5086f35,ParameterMention,,24861df413989ac11a6eb6a6a0d66fa30719c994005c9700a71e869271450a8e,24861df413989ac11a6eb6a6a0d66fa30719c994005c9700a71e869271450a8e#clause_0003,,,,mechanism_ceb642f34c4f636919c6,,,pm_dcf15e68a5c8a5086f35,,time_window,22:00,,22:00,time_window,,,,,,0.977246,True,True,,step7b_iterB_rulefix,strict_all
ParameterMention:pm_dcfdd51e49c161906c76,ParameterMention,,4978300e5965b0d812a67eb9a07c584011b661c940c300faf4990fb8586e3a13,4978300e5965b0d812a67eb9a07c584011b661c940c300faf4990fb8586e3a13#clause_0001,,,,mechanism_f5430b6a5f1124426437,,,pm_dcfdd51e49c161906c76,,ratio_target,80,%,80.0,percent,,,,,,0.860566,True,True,,step7b_iterB_rulefix,strict_all
ParameterMention:pm_dd27fd89b33b565a51c3,ParameterMention,,609908d9bcfc33e3897206e5078e6cd00772ed380b661406f29cddfcd122f57d,609908d9bcfc33e3897206e5078e6cd00772ed380b661406f29cddfcd122f57d#clause_0003,,,,mechanism_a01759a1b5a3d57a2ef5,,,pm_dd27fd89b33b565a51c3,,price_delta_pct,20,%,20.0,percent,,,,,,0.79576,True,True,,step7b_iterB_rulefix,strict_all
ParameterMention:pm_dd2c06e4ecb3046f4d91,ParameterMention,,c32ed07b1f8848d45dcf196616c7064ebdf5a10f0ce328b277c662ee5197f29b,c32ed07b1f8848d45dcf196616c7064ebdf5a10f0ce328b277c662ee5197f29b#clause_0009,,,,mechanism_8a7eb44f795ac3ed9c1f,,,pm_dd2c06e4ecb3046f4d91,,subsidy_amount,2200,元,2200.0,yuan_per_ton,,,,,,0.997892,True,True,,step7b_iterB_rulefix,strict_all
ParameterMention:pm_dd3ba3a88cebcba6375b,ParameterMention,,15d322df36604ef5082b3cbb152c1ae45bda6ad3f5d941b024f5371b4210c4d8,15d322df36604ef5082b3cbb152c1ae45bda6ad3f5d941b024f5371b4210c4d8#clause_0003,,,,mechanism_ad2ab27209ec454df058,,,pm_dd3ba3a88cebcba6375b,,time_window,13:00-17:00,时段,13:00-17:00,time_window,,,,,,0.984632,True,True,,step7b_iterB_rulefix,strict_all
ParameterMention:pm_dd4509a562e4cb7b6268,ParameterMention,,b6ac32394452c6d0ae0c24d7fb0f3da37e1c69cccd0cb1261cfbe06d98960bfe,b6ac32394452c6d0ae0c24d7fb0f3da37e1c69cccd0cb1261cfbe06d98960bfe#clause_0006,,,,mechanism_48b02465be11cae2651a,,,pm_dd4509a562e4cb7b6268,,subsidy_amount,1200,元,1200.0,yuan,,,,,,0.999574,True,True,,step7b_iterB_rulefix,strict_all
ParameterMention:pm_dd8c35290b43a1f72dc5,ParameterMention,,94c590b102ade026538aeffdd33a1708509a35674bb3f467aed33c570fc34908,94c590b102ade026538aeffdd33a1708509a35674bb3f467aed33c570fc34908#clause_0004,,,,mechanism_1a85e98dc88d2ed71b55,,,pm_dd8c35290b43a1f72dc5,,subsidy_amount,0.36,万元,0.36,ten_thousand_yuan,,,,,,0.997892,True,True,,step7b_iterB_rulefix,strict_all
ParameterMention:pm_dde8ba1d7e32257034ad,ParameterMention,,40eaa271256c3f5b89ddb8760613b6fabdcf0efb295059429c972a9d9abc394a,40eaa271256c3f5b89ddb8760613b6fabdcf0efb295059429c972a9d9abc394a#clause_0000,,,,mechanism_324df7fe020b042a3104,,,pm_dde8ba1d7e32257034ad,,price_delta_pct,10,%,10.0,percent,,,,,,0.654753,True,True,,step7b_iterB_rulefix,strict_all
ParameterMention:pm_ddf0c7c6baccdaff1b70,ParameterMention,,6a7e111c32163a3064cb3a8b142ab699ba281a3113b7244d73979c6567c58c92,6a7e111c32163a3064cb3a8b142ab699ba281a3113b7244d73979c6567c58c92#clause_0002,,,,mechanism_8aa8d983ea27e502a0ed,,,pm_ddf0c7c6baccdaff1b70,,price_delta_pct,61.8,%,61.8,percent,,,,,,0.8966,True,True,,step7b_iterB_rulefix,strict_all
ParameterMention:pm_ddff8c31ad71fcc7a0ef,ParameterMention,,f9e04639c4debca4ed9f462f2bcd047446a5ac515e9037c7aa504a0cb62c9f85,f9e04639c4debca4ed9f462f2bcd047446a5ac515e9037c7aa504a0cb62c9f85#clause_0003,,,,mechanism_e14bfc0f4d70069224c5,,,pm_ddff8c31ad71fcc7a0ef,,ratio_target,40,%,40.0,percent,,,,,,0.968324,True,True,,step7b_iterB_rulefix,strict_all
ParameterMention:pm_de3211d668d05747cb88,ParameterMention,,bd6202baffd47fe0052d9accf098e87cdadac6623a4be7112867c5541bb55aeb,bd6202baffd47fe0052d9accf098e87cdadac6623a4be7112867c5541bb55aeb#clause_0000,,,,mechanism_035e5bd02d40cc7a6e47,,,pm_de3211d668d05747cb88,,subsidy_amount,1000,元,1000.0,yuan,,,,,,0.999574,True,True,,step7b_iterB_rulefix,strict_all
ParameterMention:pm_de3c720d272f1028fb06,ParameterMention,,6f9e11a2d7c04d1e2e70825dcb404052e1219052d6c99430f5f25ebd988c1a72,6f9e11a2d7c04d1e2e70825dcb404052e1219052d6c99430f5f25ebd988c1a72#clause_0002,,,,mechanism_51d6f5954f051674f6fe,,,pm_de3c720d272f1028fb06,,consumption_threshold_kwh,181-400千瓦时,,400.0,kwh,,,,,,0.996731,True,True,,step7b_iterB_rulefix,strict_all
ParameterMention:pm_de730e0b1f3f68ea1113,ParameterMention,,ad8d0971d97051367bf7e78a6885dd89b83772d35f94aaff8c56c77398caa167,ad8d0971d97051367bf7e78a6885dd89b83772d35f94aaff8c56c77398caa167#clause_0016,,,,mechanism_817846bf500bbe9a1f74,,,pm_de730e0b1f3f68ea1113,,subsidy_amount,7000,元,7000.0,yuan,,,,,,0.999574,True,True,,step7b_iterB_rulefix,strict_all
ParameterMention:pm_def9e351c966f4eeab4c,ParameterMention,,6970500b879273b0b83bb7a489716ace3a254448e313c9392b1c8d699aa8443a,6970500b879273b0b83bb7a489716ace3a254448e313c9392b1c8d699aa8443a#clause_0015,,,,mechanism_e35d9c602f4df192c7cc,,,pm_def9e351c966f4eeab4c,,ratio_target,100,%,100.0,percent,,,,,,0.960834,True,True,,step7b_iterB_rulefix,strict_all
ParameterMention:pm_df01aa642c978efca40c,ParameterMention,,ad67c3fdaa5a26925e5e3474443bab3a8b1737e94937ccbe115cabd74e2fc9a0,ad67c3fdaa5a26925e5e3474443bab3a8b1737e94937ccbe115cabd74e2fc9a0#clause_0001,,,,mechanism_3bbbdb931d754a302b21,,,pm_df01aa642c978efca40c,,consumption_threshold_kwh,400,千瓦时,400.0,kwh,,,,,,0.948826,True,True,,step7b_iterB_rulefix,strict_all
ParameterMention:pm_df53841b3bfa8e77a098,ParameterMention,,2f9184a72b1488e94b2de32d7d9489e5d523b09268cd7142f059723054a93828,2f9184a72b1488e94b2de32d7d9489e5d523b09268cd7142f059723054a93828#clause_0002,,,,mechanism_0faf7c7645e4ee4e6fc7,,,pm_df53841b3bfa8e77a098,,time_window,10:00-12:00,时段,10:00-12:00,time_window,,,,,,0.999574,True,True,,step7b_iterB_rulefix,strict_all
ParameterMention:pm_df6cb4677185db9df5c5,ParameterMention,,5d785886820a3ef835d86f0d4c5e3aedb76c51572c87d6f5228dd8e042fa93a4,5d785886820a3ef835d86f0d4c5e3aedb76c51572c87d6f5228dd8e042fa93a4#clause_0046,,,,mechanism_e3514157eb6c69a15b93,,,pm_df6cb4677185db9df5c5,,price_delta_pct,1.5,%,1.5,percent,,,,,,0.608259,True,True,,step7b_iterB_rulefix,strict_all
ParameterMention:pm_e002b1ebe3e38ca22583,ParameterMention,,00aa3b5579d7b292246153a21cbd53b536f7fc939e95a82707452ad51d14dd7e,00aa3b5579d7b292246153a21cbd53b536f7fc939e95a82707452ad51d14dd7e#clause_0003,,,,mechanism_e79bb87e4665949ac25d,,,pm_e002b1ebe3e38ca22583,,ratio_target,30,%,30.0,percent,,,,,,0.694236,True,True,,step7b_iterB_rulefix,strict_all
ParameterMention:pm_e00b681bcbd888dc72e3,ParameterMention,,55486d5eaf1202de357651355eea469df92d887e1b388dd7c1a3fcd9b75286cb,55486d5eaf1202de357651355eea469df92d887e1b388dd7c1a3fcd9b75286cb#clause_0001,,,,mechanism_668b50cb096f4927806e,,,pm_e00b681bcbd888dc72e3,,ratio_target,18,%,18.0,percent,,,,,,0.860566,True,True,,step7b_iterB_rulefix,strict_all
ParameterMention:pm_e0414139c0eb92d1c26c,ParameterMention,,6970500b879273b0b83bb7a489716ace3a254448e313c9392b1c8d699aa8443a,6970500b879273b0b83bb7a489716ace3a254448e313c9392b1c8d699aa8443a#clause_0022,,,,mechanism_bc950338f4e8aaa22d6a,,,pm_e0414139c0eb92d1c26c,,subsidy_amount,16.2,万元,16.2,ten_thousand_yuan,,,,,,0.999983,True,True,,step7b_iterB_rulefix,strict_all
ParameterMention:pm_e092a77c6066d4ad4e83,ParameterMention,,8a38fc0ed229ca59f4e8c0338588ed972cd97c0a52ee067064d2d696dd9021bd,8a38fc0ed229ca59f4e8c0338588ed972cd97c0a52ee067064d2d696dd9021bd#clause_0003,,,,mechanism_56976c6f7e36a55359b2,,,pm_e092a77c6066d4ad4e83,,subsidy_amount,4,万元,4.0,ten_thousand_yuan,,,,,,0.999996,True,True,,step7b_iterB_rulefix,strict_all
ParameterMention:pm_e0b92ccbcf6468e6b35e,ParameterMention,,c80f2dd9f8ab9ede518f687340532ea6c112fcb9853f34f7e4222b63d0b21ed5,c80f2dd9f8ab9ede518f687340532ea6c112fcb9853f34f7e4222b63d0b21ed5#clause_0003,,,,mechanism_fae10f90d8ba6652d33e,,,pm_e0b92ccbcf6468e6b35e,,target_household_count,13838,户,13838.0,household,,,,,,0.645656,True,True,,step7b_iterB_rulefix,strict_all
ParameterMention:pm_e1119fc4b2ea9421f119,ParameterMention,,55486d5eaf1202de357651355eea469df92d887e1b388dd7c1a3fcd9b75286cb,55486d5eaf1202de357651355eea469df92d887e1b388dd7c1a3fcd9b75286cb#clause_0003,,,,mechanism_2df9cde4c6e8cf397d03,,,pm_e1119fc4b2ea9421f119,,ratio_target,70,%,70.0,percent,,,,,,0.554779,True,False,,step7b_iterB_rulefix,strict_all
ParameterMention:pm_e138986a7fdf82251acc,ParameterMention,,a7f3f83cc719dbd58fa3cba1078d11a8511ace91597d326e11375e817e2d73f6,a7f3f83cc719dbd58fa3cba1078d11a8511ace91597d326e11375e817e2d73f6#clause_0003,,,,mechanism_8e9d285b75c7237c91a4,,,pm_e138986a7fdf82251acc,,consumption_threshold_kwh,4440,千瓦时,4440.0,kwh,,,,,,0.948826,True,True,,step7b_iterB_rulefix,strict_all
ParameterMention:pm_e13deaf3f4bcca6f418e,ParameterMention,,41eed2fc03a95dc30af898124e00962d37f00dd998abb5da87c6e10e209db169,41eed2fc03a95dc30af898124e00962d37f00dd998abb5da87c6e10e209db169#clause_0007,,,,mechanism_df633361c679542389ec,,,pm_e13deaf3f4bcca6f418e,,price_value,0.3,元/度,0.3,yuan_per_kwh,,,,,,0.73885,True,True,,step7b_iterB_rulefix,strict_all
ParameterMention:pm_e163911512053d14c8db,ParameterMention,,7e1dff3ee78977bc7e5f87b686fc7b8ccf4f78bd15144d2fd3f7c60c48ec3209,7e1dff3ee78977bc7e5f87b686fc7b8ccf4f78bd15144d2fd3f7c60c48ec3209#clause_0004,,,,mechanism_114d6aca12e9856f6655,,,pm_e163911512053d14c8db,,price_delta_pct,50,%,50.0,percent,,,,,,0.73885,True,True,,step7b_iterB_rulefix,strict_all
ParameterMention:pm_e1cf70baa188207ad34f,ParameterMention,,917e89c9d28f08e37543fdcddbf99ba7c272516ee6b3ca3536d685ecfe8c86f0,917e89c9d28f08e37543fdcddbf99ba7c272516ee6b3ca3536d685ecfe8c86f0#clause_0003,,,,mechanism_f78616b1e3ed2c9012bc,,,pm_e1cf70baa188207ad34f,,ratio_target,30,%,30.0,percent,,,,,,0.968324,True,True,,step7b_iterB_rulefix,strict_all
ParameterMention:pm_e24a1928bc8cc27ab867,ParameterMention,,58335d90e96cc5b4211b57e5ba68639ec110997e34daf85e547cbcf39bcc1906,58335d90e96cc5b4211b57e5ba68639ec110997e34daf85e547cbcf39bcc1906#clause_0003,,,,mechanism_5493d73727c945494097,,,pm_e24a1928bc8cc27ab867,,price_delta_pct,100,%,100.0,percent,,,,,,0.954349,True,True,,step7b_iterB_rulefix,strict_all
ParameterMention:pm_e257ad87e603bd227169,ParameterMention,,a69f4fada444fbf3a5477b252309fb00555c6f7cb1797785c73b753cdaf02622,a69f4fada444fbf3a5477b252309fb00555c6f7cb1797785c73b753cdaf02622#clause_0001,,,,mechanism_45c4581c74265a157b18,,,pm_e257ad87e603bd227169,,subsidy_amount,0.1,元,0.1,yuan,,,,,,0.997892,True,True,,step7b_iterB_rulefix,strict_all
ParameterMention:pm_e2f737d6c9a439565f73,ParameterMention,,f9e04639c4debca4ed9f462f2bcd047446a5ac515e9037c7aa504a0cb62c9f85,f9e04639c4debca4ed9f462f2bcd047446a5ac515e9037c7aa504a0cb62c9f85#clause_0001,,,,mechanism_9acc84f7cef5684f25dc,,,pm_e2f737d6c9a439565f73,,ratio_target,40,%,40.0,percent,,,,,,0.998668,True,True,,step7b_iterB_rulefix,strict_all
ParameterMention:pm_e3600bf39cb2c96d8b70,ParameterMention,,dd0f960822e56c43dbb9f31ec64d69bfab76f460ee217767f10f8c8aa1b4af54,dd0f960822e56c43dbb9f31ec64d69bfab76f460ee217767f10f8c8aa1b4af54#clause_0002,,,,mechanism_0b4da963a9ea76501a86,,,pm_e3600bf39cb2c96d8b70,,ratio_target,80,%,80.0,percent,,,,,,0.960834,True,True,,step7b_iterB_rulefix,strict_all
ParameterMention:pm_e3ce3ee8a26135141491,ParameterMention,,b6ac32394452c6d0ae0c24d7fb0f3da37e1c69cccd0cb1261cfbe06d98960bfe,b6ac32394452c6d0ae0c24d7fb0f3da37e1c69cccd0cb1261cfbe06d98960bfe#clause_0005,,,,mechanism_8bc11b8d2b9e1bf44744,,,pm_e3ce3ee8a26135141491,,price_value,0.2,元/千瓦时,0.2,yuan_per_kwh,,,,,,0.946849,True,True,,step7b_iterB_rulefix,strict_all
ParameterMention:pm_e426b4bb6f21fb8d4f98,ParameterMention,,60a8d6c66d757ef90db55edf809fb9816c710a1021f9df39aba80b9949b9a6f7,60a8d6c66d757ef90db55edf809fb9816c710a1021f9df39aba80b9949b9a6f7#clause_0000,,,,mechanism_f451a1219f38c674d505,,,pm_e426b4bb6f21fb8d4f98,,ratio_target,50,%,50.0,percent,,,,,,0.981657,True,True,,step7b_iterB_rulefix,strict_all
ParameterMention:pm_e44685b89ad0b43faef5,ParameterMention,,19b81e147d4c1292e577c2e1ab84419e792b779d8e0a823ba5d99750039e25cd,19b81e147d4c1292e577c2e1ab84419e792b779d8e0a823ba5d99750039e25cd#clause_0001,,,,mechanism_62b4fbac7c27f9689536,,,pm_e44685b89ad0b43faef5,,subsidy_amount,1,元,1.0,yuan,,,,,,0.999574,True,True,,step7b_iterB_rulefix,strict_all
ParameterMention:pm_e4767d6481fcc0d79f1b,ParameterMention,,632c503920a67e010e21ba8cc1bfddfd101d9f4a5981b038ab8e365c65c57b08,632c503920a67e010e21ba8cc1bfddfd101d9f4a5981b038ab8e365c65c57b08#clause_0002,,,,mechanism_e78611b7545cd32d78c3,,,pm_e4767d6481fcc0d79f1b,,consumption_threshold_kwh,300,千瓦时,300.0,kwh,,,,,,0.978119,True,True,,step7b_iterB_rulefix,strict_all
ParameterMention:pm_e4f1fb8615cf9d963c8a,ParameterMention,,ad67c3fdaa5a26925e5e3474443bab3a8b1737e94937ccbe115cabd74e2fc9a0,ad67c3fdaa5a26925e5e3474443bab3a8b1737e94937ccbe115cabd74e2fc9a0#clause_0003,,,,mechanism_7e3a3f84cf345e9291f7,,,pm_e4f1fb8615cf9d963c8a,,price_value,0.022,元/千瓦时,0.022,yuan_per_kwh,,,,,,0.933392,True,True,,step7b_iterB_rulefix,strict_all
ParameterMention:pm_e4f92d4c2fc60d4755ad,ParameterMention,,693f3a55fe86330e400962dd0b43476d41023ad39e89f0254b4f9e2651efaca2,693f3a55fe86330e400962dd0b43476d41023ad39e89f0254b4f9e2651efaca2#clause_0003,,,,mechanism_117e0a55f3972668a06d,,,pm_e4f92d4c2fc60d4755ad,,price_value,0.8224,元/度,0.8224,yuan_per_kwh,,,,,,0.654753,True,True,,step7b_iterB_rulefix,strict_all
ParameterMention:pm_e4f9f2dfc9cce5be9c73,ParameterMention,,cb0c5b8b05cfdf3cf5e27c0081d86b7f45c5f12b09a9fa3f2da332bc102a849b,cb0c5b8b05cfdf3cf5e27c0081d86b7f45c5f12b09a9fa3f2da332bc102a849b#clause_0001,,,,mechanism_a316f20b65f895477430,,,pm_e4f9f2dfc9cce5be9c73,,duration_threshold_hour,24,小时,24.0,hour,,,,,,0.999849,True,True,,step7b_iterB_rulefix,strict_all
ParameterMention:pm_e5be8fe987c5c5073e18,ParameterMention,,41eed2fc03a95dc30af898124e00962d37f00dd998abb5da87c6e10e209db169,41eed2fc03a95dc30af898124e00962d37f00dd998abb5da87c6e10e209db169#clause_0013,,,,mechanism_96810b659c23c08f6d8e,,,pm_e5be8fe987c5c5073e18,,ratio_target,80,%,80.0,percent,,,,,,0.603483,True,True,,step7b_iterB_rulefix,strict_all
ParameterMention:pm_e600ab893a524bb01b13,ParameterMention,,8a38fc0ed229ca59f4e8c0338588ed972cd97c0a52ee067064d2d696dd9021bd,8a38fc0ed229ca59f4e8c0338588ed972cd97c0a52ee067064d2d696dd9021bd#clause_0001,,,,mechanism_24c912014584636d4669,,,pm_e600ab893a524bb01b13,,subsidy_amount,5,万元,5.0,ten_thousand_yuan,,,,,,0.999996,True,True,,step7b_iterB_rulefix,strict_all
ParameterMention:pm_e62bb9c82656c2b1900b,ParameterMention,,d171f5c9ffcc84e6c44576635c6bf0c74d7a441eb935c00257be34cfe5ace627,d171f5c9ffcc84e6c44576635c6bf0c74d7a441eb935c00257be34cfe5ace627#clause_0002,,,,mechanism_6b6b4cb945c45aba7cba,,,pm_e62bb9c82656c2b1900b,,price_value,0.55,元,0.55,yuan,,,,,,0.903784,True,True,,step7b_iterB_rulefix,strict_all
ParameterMention:pm_e6359fb6ca635f5edd0f,ParameterMention,,95f6ba6c18bedd1be1da79aa08a7d72056b883f00acb9c39d5361b880a4dd595,95f6ba6c18bedd1be1da79aa08a7d72056b883f00acb9c39d5361b880a4dd595#clause_0001,,,,mechanism_5ae9860418769982eea0,,,pm_e6359fb6ca635f5edd0f,,consumption_threshold_kwh,360,度,360.0,kwh,,,,,,0.999996,True,True,,step7b_iterB_rulefix,strict_all
ParameterMention:pm_e6548677639b7c94ef56,ParameterMention,,6ca5d9d44b93a3440cc8f24b4feda441563e6841021017b2c5db628a6976c9f5,6ca5d9d44b93a3440cc8f24b4feda441563e6841021017b2c5db628a6976c9f5#clause_0009,,,,mechanism_5412f5f934062b0ac968,,,pm_e6548677639b7c94ef56,,area_subsidy_amount,200,元,200.0,yuan_per_sqm,,,,,,0.999996,True,True,,step7b_iterB_rulefix,strict_all
ParameterMention:pm_e66f8d32b302429f89d4,ParameterMention,,a49f7415cfe87b2c990d945f2320013ad4be0c26bbe7e6ecee3d7c9c163e2aba,a49f7415cfe87b2c990d945f2320013ad4be0c26bbe7e6ecee3d7c9c163e2aba#clause_0000,,,,mechanism_ed5f7b6eb07c48c8fe6e,,,pm_e66f8d32b302429f89d4,,ratio_target,60,%,60.0,percent,,,,,,0.960834,True,True,,step7b_iterB_rulefix,strict_all
ParameterMention:pm_e6ac1df41cd4967003d6,ParameterMention,,10695560c26cc67b7a3e26b8dbcd7b856b0b17ef49c31ba529efd3caf059a1de,10695560c26cc67b7a3e26b8dbcd7b856b0b17ef49c31ba529efd3caf059a1de#clause_0003,,,,mechanism_6599b3a4e947e0cffae8,,,pm_e6ac1df41cd4967003d6,,ratio_target,94,%,94.0,percent,,,,,,0.882881,True,True,,step7b_iterB_rulefix,strict_all
ParameterMention:pm_e6f0b1efb46c1937e824,ParameterMention,,9b573a30294f2b87e5bc8a1733dc8154869687fb42b7fbcbc23dc1cf3c74f11b,9b573a30294f2b87e5bc8a1733dc8154869687fb42b7fbcbc23dc1cf3c74f11b#clause_0001,,,,mechanism_e9d73aee80b08508349f,,,pm_e6f0b1efb46c1937e824,,subsidy_amount,3000,元,3000.0,yuan,,,,,,0.999766,True,True,,step7b_iterB_rulefix,strict_all
ParameterMention:pm_e71b780f3e47ae797d7a,ParameterMention,,d6295fc6d120b2f270803869f63327efa8f7e3ea98515eb80da25abd977ff9f6,d6295fc6d120b2f270803869f63327efa8f7e3ea98515eb80da25abd977ff9f6#clause_0005,,,,mechanism_c13f0f3c41ba1294cef1,,,pm_e71b780f3e47ae797d7a,,ratio_target,90,%,90.0,percent,,,,,,0.59,True,False,,step7b_iterB_rulefix,strict_all
ParameterMention:pm_e8353274a9c5c97f8d9c,ParameterMention,,9b573a30294f2b87e5bc8a1733dc8154869687fb42b7fbcbc23dc1cf3c74f11b,9b573a30294f2b87e5bc8a1733dc8154869687fb42b7fbcbc23dc1cf3c74f11b#clause_0011,,,,mechanism_e41061b51c64b5a0bf77,,,pm_e8353274a9c5c97f8d9c,,subsidy_amount,300,元,300.0,yuan,,,,,,0.997892,True,True,,step7b_iterB_rulefix,strict_all
ParameterMention:pm_e849647d42b31161ce0f,ParameterMention,,41eed2fc03a95dc30af898124e00962d37f00dd998abb5da87c6e10e209db169,41eed2fc03a95dc30af898124e00962d37f00dd998abb5da87c6e10e209db169#clause_0019,,,,mechanism_06d738e2a5a3340b96b2,,,pm_e849647d42b31161ce0f,,subsidy_amount,500,万元,16.2,ten_thousand_yuan,,,,,,1.0,True,False,,step7b_iterB_rulefix,strict_all
ParameterMention:pm_e875efc3749f9225ddbc,ParameterMention,,432528cbb25bdbdce8825781b81c73beb96a63f824057f93f5800fc0a512a713,432528cbb25bdbdce8825781b81c73beb96a63f824057f93f5800fc0a512a713#clause_0015,,,,mechanism_64ef0db6885206b48523,,,pm_e875efc3749f9225ddbc,,ratio_target,100,%,100.0,percent,,,,,,0.91834,True,True,,step7b_iterB_rulefix,strict_all
ParameterMention:pm_e89b701387c442613c7b,ParameterMention,,3c1392fd897f1d095efaa1ae2a1eaa5c0c3df313cd5a9a185aacffe05575b886,3c1392fd897f1d095efaa1ae2a1eaa5c0c3df313cd5a9a185aacffe05575b886#clause_0013,,,,mechanism_0d496b46b840a6973ba3,,,pm_e89b701387c442613c7b,,subsidy_amount,24000,元,24000.0,yuan,,,,,,0.974913,True,True,,step7b_iterB_rulefix,strict_all
ParameterMention:pm_e8aeea5a140a8e7d14a1,ParameterMention,,8b20b8b5d683f19fe69f3fa1ec0f3272c5e99b10590f82cf4e238232ec7ee7fa,8b20b8b5d683f19fe69f3fa1ec0f3272c5e99b10590f82cf4e238232ec7ee7fa#clause_0000,,,,mechanism_a58fea38cdb1f4818289,,,pm_e8aeea5a140a8e7d14a1,,price_value,0.725,元,0.725,yuan,,,,,,0.999988,True,True,,step7b_iterB_rulefix,strict_all
ParameterMention:pm_e90be35893f8a0f09683,ParameterMention,,3c1392fd897f1d095efaa1ae2a1eaa5c0c3df313cd5a9a185aacffe05575b886,3c1392fd897f1d095efaa1ae2a1eaa5c0c3df313cd5a9a185aacffe05575b886#clause_0019,,,,mechanism_1f990b6b177c30850a23,,,pm_e90be35893f8a0f09683,,subsidy_amount,500,万元,16.2,ten_thousand_yuan,,,,,,1.0,True,False,,step7b_iterB_rulefix,strict_all
ParameterMention:pm_e91f847280758cd731bd,ParameterMention,,d479f59c3df77e187d3a3a8a4877de755cc807cec98902c65e1b4523c97334f6,d479f59c3df77e187d3a3a8a4877de755cc807cec98902c65e1b4523c97334f6#clause_0002,,,,mechanism_e1725af27cf06cba3a83,,,pm_e91f847280758cd731bd,,ratio_target,100,%,100.0,percent,,,,,,0.97288,True,True,,step7b_iterB_rulefix,strict_all
ParameterMention:pm_e94815bceb2bf1db5422,ParameterMention,,9b9dc731d84971b347984a61cebe82dfa99c5011c92f8e92ff5e8eae8821ced0,9b9dc731d84971b347984a61cebe82dfa99c5011c92f8e92ff5e8eae8821ced0#clause_0003,,,,mechanism_8f9ed4490ccfe67e619a,,,pm_e94815bceb2bf1db5422,,price_delta_pct,20,%,20.0,percent,,,,,,0.723122,True,True,,step7b_iterB_rulefix,strict_all
ParameterMention:pm_e9c398a9a11c2e760f70,ParameterMention,,4128605b654779f968f7a6378ac7bc8d80f724ca45e3925f67cb754c10db8ef5,4128605b654779f968f7a6378ac7bc8d80f724ca45e3925f67cb754c10db8ef5#clause_0001,,,,mechanism_48d1a17eee2ec61255cc,,,pm_e9c398a9a11c2e760f70,,price_delta_pct,27,%,27.0,percent,,,,,,0.608259,True,True,,step7b_iterB_rulefix,strict_all
ParameterMention:pm_eabc8b54a7e7439413c4,ParameterMention,,a63aaa1b99aae78cd58b5beb8c271e538c4b10b43ff4aff7312d6e081dd79eed,a63aaa1b99aae78cd58b5beb8c271e538c4b10b43ff4aff7312d6e081dd79eed#clause_0010,,,,mechanism_2faa916caf15250492b6,,,pm_eabc8b54a7e7439413c4,,area_subsidy_amount,24000,元,200.0,yuan_per_sqm,,,,,,0.997892,True,True,,step7b_iterB_rulefix,strict_all
ParameterMention:pm_eac912e37ef3d537a333,ParameterMention,,6a7e111c32163a3064cb3a8b142ab699ba281a3113b7244d73979c6567c58c92,6a7e111c32163a3064cb3a8b142ab699ba281a3113b7244d73979c6567c58c92#clause_0001,,,,mechanism_8674338fe5586d7f22ea,,,pm_eac912e37ef3d537a333,,time_window,8:00-11:00,时段,08:00-11:00,time_window,,,,,,0.996859,True,True,,step7b_iterB_rulefix,strict_all
ParameterMention:pm_eadccaf3e2074af24783,ParameterMention,,22683cdc818adbda88476b2ce5ef07bfd17154e8f751efbcf70c4b68e9dd70ba,22683cdc818adbda88476b2ce5ef07bfd17154e8f751efbcf70c4b68e9dd70ba#clause_0003,,,,mechanism_1e44851aa17ce60d6104,,,pm_eadccaf3e2074af24783,,ratio_target,40,％,40.0,percent,,,,,,0.59,True,False,,step7b_iterB_rulefix,strict_all
ParameterMention:pm_eb45d77c5ed569456710,ParameterMention,,cd86e3487ec66701c2d41c1399f9a453338981c169b847ab9321c78351d62988,cd86e3487ec66701c2d41c1399f9a453338981c169b847ab9321c78351d62988#clause_0004,,,,mechanism_20a047fd2ea4eb2d6197,,,pm_eb45d77c5ed569456710,,subsidy_amount,1200,元,1200.0,yuan,,,,,,0.999999,True,True,,step7b_iterB_rulefix,strict_all
ParameterMention:pm_eb4e923ad287020b22c3,ParameterMention,,bd9a5debe3e285290408196ff9a61cc7d1acd325eab100746bcd7562b196b7dd,bd9a5debe3e285290408196ff9a61cc7d1acd325eab100746bcd7562b196b7dd#clause_0002,,,,mechanism_a65ebf625b34d8993a85,,,pm_eb4e923ad287020b22c3,,subsidy_amount,240,元,240.0,yuan,,,,,,0.997892,True,True,,step7b_iterB_rulefix,strict_all
ParameterMention:pm_eb4faf5218fbc8409b56,ParameterMention,,e5086c754f7ebfd84a885046912ad75054fcb20a8134c99886138a57a5d80ab7,e5086c754f7ebfd84a885046912ad75054fcb20a8134c99886138a57a5d80ab7#clause_0001,,,,mechanism_12f9c294d55669c9f205,,,pm_eb4faf5218fbc8409b56,,subsidy_amount,1.5,万元,1.5,ten_thousand_yuan,,,,,,0.981293,True,True,,step7b_iterB_rulefix,strict_all
ParameterMention:pm_eb5a49a0ef093b257092,ParameterMention,,0de53d8f7a3a1c2de8a8ce98c12216d63084f7e235dd8ddcc02f07760d36a17a,0de53d8f7a3a1c2de8a8ce98c12216d63084f7e235dd8ddcc02f07760d36a17a#clause_0026,,,,mechanism_6dc8302dcb64a0639fec,,,pm_eb5a49a0ef093b257092,,price_delta_pct,1.9,%,1.9,percent,,,,,,0.608259,True,True,,step7b_iterB_rulefix,strict_all
ParameterMention:pm_eb6400b7d573527d277e,ParameterMention,,cd86e3487ec66701c2d41c1399f9a453338981c169b847ab9321c78351d62988,cd86e3487ec66701c2d41c1399f9a453338981c169b847ab9321c78351d62988#clause_0003,,,,mechanism_0271d96b693dacce4257,,,pm_eb6400b7d573527d277e,,subsidy_amount,1478.4,元,1478.4,yuan,,,,,,0.999574,True,True,,step7b_iterB_rulefix,strict_all
ParameterMention:pm_ec645f29e7af37d76e75,ParameterMention,,eed146d5fe14ffb1e1c746567c59461666857ebc7017d129ca0598039b4deb07,eed146d5fe14ffb1e1c746567c59461666857ebc7017d129ca0598039b4deb07#clause_0002,,,,mechanism_5d222f6ec8d8c22650fd,,,pm_ec645f29e7af37d76e75,,consumption_threshold_kwh,4800,元,4800.0,kwh,,,,,,0.948826,True,True,,step7b_iterB_rulefix,strict_all
ParameterMention:pm_ecc769d5802c9f838983,ParameterMention,,6970500b879273b0b83bb7a489716ace3a254448e313c9392b1c8d699aa8443a,6970500b879273b0b83bb7a489716ace3a254448e313c9392b1c8d699aa8443a#clause_0009,,,,mechanism_1bbec1f90f8070e1e0cd,,,pm_ecc769d5802c9f838983,,subsidy_amount,1500,元,1500.0,yuan,,,,,,0.999996,True,True,,step7b_iterB_rulefix,strict_all
ParameterMention:pm_ed4a38f60165590513fd,ParameterMention,,7ed0773389be1fab4cf4b39fd715e035135ac2f3585caf8e1b63b0017de0c7c9,7ed0773389be1fab4cf4b39fd715e035135ac2f3585caf8e1b63b0017de0c7c9#clause_0004,,,,mechanism_147a2dc227ee5a5ed38d,,,pm_ed4a38f60165590513fd,,consumption_threshold_kwh,13450,千瓦时,13450.0,kwh,,,,,,0.978119,True,True,,step7b_iterB_rulefix,strict_all
ParameterMention:pm_ed9701ace045449175cd,ParameterMention,,872f329b829fabeae485580e6ea8ffc598cb678cf546ae789f8ed60a40bf8ae6,872f329b829fabeae485580e6ea8ffc598cb678cf546ae789f8ed60a40bf8ae6#clause_0002,,,,mechanism_e470e409ee7ffd54a059,,,pm_ed9701ace045449175cd,,price_value,0.49,元,0.49,yuan,,,,,,0.903784,True,True,,step7b_iterB_rulefix,strict_all
ParameterMention:pm_edc8fee56699abae3fc4,ParameterMention,,4d9e424e89d20d90f83d0086d46ae685d20198da6a5b716333623c8288b3d66e,4d9e424e89d20d90f83d0086d46ae685d20198da6a5b716333623c8288b3d66e#clause_0001,,,,mechanism_1a83f55745f4e5b1ad0a,,,pm_edc8fee56699abae3fc4,,time_window,18:30-23:00,时段,18:30-23:00,time_window,,,,,,0.999574,True,True,,step7b_iterB_rulefix,strict_all
ParameterMention:pm_edfeb3a3c6c4f48aaf59,ParameterMention,,9b06cc894aac361e91193d1e2d076802b7d20c8895b79245d14a48f8ce5543ce,9b06cc894aac361e91193d1e2d076802b7d20c8895b79245d14a48f8ce5543ce#clause_0001,,,,mechanism_b876088018a0efb9bdec,,,pm_edfeb3a3c6c4f48aaf59,,time_window,17:00-22:00,时段,17:00-22:00,time_window,,,,,,0.999914,True,True,,step7b_iterB_rulefix,strict_all
ParameterMention:pm_ee2427f0a4fa98205a49,ParameterMention,,632c503920a67e010e21ba8cc1bfddfd101d9f4a5981b038ab8e365c65c57b08,632c503920a67e010e21ba8cc1bfddfd101d9f4a5981b038ab8e365c65c57b08#clause_0001,,,,mechanism_a70b47c6c38eefc335c1,,,pm_ee2427f0a4fa98205a49,,price_value,0.765,中部电网,0.49,yuan_per_kwh,,,,,,0.654753,True,False,,step7b_iterB_rulefix,strict_all
ParameterMention:pm_eefc3f9921785633aed5,ParameterMention,,4dac8070bab7fdf62958e23b15689a48aa5f7c73b4b06deab4d30f0ce35cda18,4dac8070bab7fdf62958e23b15689a48aa5f7c73b4b06deab4d30f0ce35cda18#clause_0001,,,,mechanism_bbac7ab3609cfc9b0aa4,,,pm_eefc3f9921785633aed5,,time_window,23:00-6:00,时段,23:00-06:00,time_window,,,,,,0.984632,True,True,,step7b_iterB_rulefix,strict_all
ParameterMention:pm_eefe6865bfcda03de881,ParameterMention,,9f3a13c9638cc5c7deb8ecad47f6052f7b19aa02e4514ce8b2b5376c00e60c86,9f3a13c9638cc5c7deb8ecad47f6052f7b19aa02e4514ce8b2b5376c00e60c86#clause_0001,,,,mechanism_76572fa89aeace723f5e,,,pm_eefe6865bfcda03de881,,price_value,0.5469,元/度,0.5469,yuan_per_kwh,,,,,,0.978959,True,True,,step7b_iterB_rulefix,strict_all
ParameterMention:pm_ef1638a85656b4a62eb5,ParameterMention,,c87c6c303d4ebe0bce627bed2792bac1dd9e89ad192d23b7144aa9570705b240,c87c6c303d4ebe0bce627bed2792bac1dd9e89ad192d23b7144aa9570705b240#clause_0002,,,,mechanism_35e61ca458ea66ceba0d,,,pm_ef1638a85656b4a62eb5,,subsidy_amount,180,元,180.0,yuan,,,,,,0.997892,True,True,,step7b_iterB_rulefix,strict_all
ParameterMention:pm_ef59a437de726b831cc6,ParameterMention,,13677b49d0d053be96bfcd32cd36eeba7c68f125c6f32cc220322ba98c178bf4,13677b49d0d053be96bfcd32cd36eeba7c68f125c6f32cc220322ba98c178bf4#clause_0003,,,,mechanism_de71bb4670745ef7e54c,,,pm_ef59a437de726b831cc6,,ratio_target,70,%,70.0,percent,,,,,,0.554779,True,False,,step7b_iterB_rulefix,strict_all
ParameterMention:pm_ef61d8a277ed3698060a,ParameterMention,,caf6cea05c2383ef47c5578fbf1392dfbf0ec0b4fbdc53de67e6f1d3bd2062fc,caf6cea05c2383ef47c5578fbf1392dfbf0ec0b4fbdc53de67e6f1d3bd2062fc#clause_0002,,,,mechanism_e85169b827ec99071ea4,,,pm_ef61d8a277ed3698060a,,price_delta_pct,50,%,50.0,percent,,,,,,0.933392,True,True,,step7b_iterB_rulefix,strict_all
ParameterMention:pm_ef88c9aebbd44ea75c2f,ParameterMention,,d30af01520d50ba7d996b79b99121ed0cc0e9b34bb66761144c9c1d2f0cd1ba5,d30af01520d50ba7d996b79b99121ed0cc0e9b34bb66761144c9c1d2f0cd1ba5#clause_0006,,,,mechanism_3065573e0c8b7e58bb64,,,pm_ef88c9aebbd44ea75c2f,,other,100W,80W,0.1,kw,,,,,,0.59,True,False,,step7b_iterB_rulefix,strict_all
ParameterMention:pm_efc9a27333ca6f0ef3f7,ParameterMention,,6618b31ad2d2553801e75f1d42256338782cda332eb141a7fea6466fee1dccfd,6618b31ad2d2553801e75f1d42256338782cda332eb141a7fea6466fee1dccfd#clause_0005,,,,mechanism_944d31161067dfccd077,,,pm_efc9a27333ca6f0ef3f7,,subsidy_amount,300,万元,300.0,ten_thousand_yuan,,,,,,0.999766,True,True,,step7b_iterB_rulefix,strict_all
ParameterMention:pm_f02809bdec0b3ad2dc7a,ParameterMention,,2c6f8bdce8c0c7967763bb1bf530c46fe6bbfac7bab4a3c48d3256ace950b987,2c6f8bdce8c0c7967763bb1bf530c46fe6bbfac7bab4a3c48d3256ace950b987#clause_0000,,,,mechanism_582ecd80347043d92cb5,,,pm_f02809bdec0b3ad2dc7a,,consumption_threshold_kwh,500,千瓦时,500.0,kwh,,,,,,0.999996,True,True,,step7b_iterB_rulefix,strict_all
ParameterMention:pm_f06590f41ac43f903320,ParameterMention,,15d322df36604ef5082b3cbb152c1ae45bda6ad3f5d941b024f5371b4210c4d8,15d322df36604ef5082b3cbb152c1ae45bda6ad3f5d941b024f5371b4210c4d8#clause_0002,,,,mechanism_ba113fab235698330be1,,,pm_f06590f41ac43f903320,,time_window,00:00-07:00,时段,00:00-07:00,time_window,,,,,,0.996859,True,True,,step7b_iterB_rulefix,strict_all
ParameterMention:pm_f0c1fd5f64064baf1738,ParameterMention,,4978300e5965b0d812a67eb9a07c584011b661c940c300faf4990fb8586e3a13,4978300e5965b0d812a67eb9a07c584011b661c940c300faf4990fb8586e3a13#clause_0005,,,,mechanism_6aba75b5b3b1818f8698,,,pm_f0c1fd5f64064baf1738,,ratio_target,25,%,25.0,percent,,,,,,0.554779,True,False,,step7b_iterB_rulefix,strict_all
ParameterMention:pm_f0ed623d10bed98832a9,ParameterMention,,99dce90179e84c5da237d3a228a84ba994f4c04a9a167533654c0cfcdc8d9686,99dce90179e84c5da237d3a228a84ba994f4c04a9a167533654c0cfcdc8d9686#clause_0000,,,,mechanism_d86c1d404e03ecb952b6,,,pm_f0ed623d10bed98832a9,,target_household_count,3071,元,3071.0,household,,,,,,0.689974,True,True,,step7b_iterB_rulefix,strict_all
ParameterMention:pm_f0f4ea6995502fd26b8a,ParameterMention,,509a0ad904c063d5cf05fca6cbf14e771fafd94288045c9c2d767dc19ec43ab5,509a0ad904c063d5cf05fca6cbf14e771fafd94288045c9c2d767dc19ec43ab5#clause_0003,,,,mechanism_491f6bea7b349d116b2e,,,pm_f0f4ea6995502fd26b8a,,price_value,0.03,元,0.03,yuan,,,,,,0.823465,True,True,,step7b_iterB_rulefix,strict_all
ParameterMention:pm_f179961e67a75d1567da,ParameterMention,,99dce90179e84c5da237d3a228a84ba994f4c04a9a167533654c0cfcdc8d9686,99dce90179e84c5da237d3a228a84ba994f4c04a9a167533654c0cfcdc8d9686#clause_0004,,,,mechanism_4b22e44b448118aa7f84,,,pm_f179961e67a75d1567da,,price_value,0.2862,元/千瓦时,0.2862,yuan_per_kwh,,,,,,0.529964,True,False,,step7b_iterB_rulefix,strict_all
ParameterMention:pm_f18df4c844c71d88e0fa,ParameterMention,,8293b970f4e2ac1c39653b3e5937d089fbcd1b69315da4d962c2e805f3a1ca2e,8293b970f4e2ac1c39653b3e5937d089fbcd1b69315da4d962c2e805f3a1ca2e#clause_0005,,,,mechanism_3c2c8401d1e0c321de90,,,pm_f18df4c844c71d88e0fa,,consumption_threshold_kwh,2160,千瓦时,2160.0,kwh,,,,,,0.999338,True,True,,step7b_iterB_rulefix,strict_all
ParameterMention:pm_f26699e7026b2a537729,ParameterMention,,cb0c5b8b05cfdf3cf5e27c0081d86b7f45c5f12b09a9fa3f2da332bc102a849b,cb0c5b8b05cfdf3cf5e27c0081d86b7f45c5f12b09a9fa3f2da332bc102a849b#clause_0001,,,,mechanism_a316f20b65f895477430,,,pm_f26699e7026b2a537729,,time_window,11:00-14:00,小时,11:00-14:00,time_window,,,,,,0.999983,True,True,,step7b_iterB_rulefix,strict_all
ParameterMention:pm_f267ffbca4cab91ec139,ParameterMention,,00a12958eaee9a105dcc89c19bd002fa5ac8761a4154324faee32237e8364fec,00a12958eaee9a105dcc89c19bd002fa5ac8761a4154324faee32237e8364fec#clause_0004,,,,mechanism_af91596153d51bc45ad8,,,pm_f267ffbca4cab91ec139,,ratio_target,90,%,90.0,percent,,,,,,0.554779,True,False,,step7b_iterB_rulefix,strict_all
ParameterMention:pm_f2694c83066209e5f72f,ParameterMention,,010dd88159617e9e9382aae1b693db97e9b9aa123fefe31ae3a1ceeca57bb8d5,010dd88159617e9e9382aae1b693db97e9b9aa123fefe31ae3a1ceeca57bb8d5#clause_0004,,,,mechanism_6314286ed3519af75449,,,pm_f2694c83066209e5f72f,,ratio_target,60,%,60.0,percent,,,,,,0.5,True,False,,step7b_iterB_rulefix,strict_all
ParameterMention:pm_f2a9c5fe4b96ce0703e8,ParameterMention,,8293b970f4e2ac1c39653b3e5937d089fbcd1b69315da4d962c2e805f3a1ca2e,8293b970f4e2ac1c39653b3e5937d089fbcd1b69315da4d962c2e805f3a1ca2e#clause_0002,,,,mechanism_0a3cd702a42baf678189,,,pm_f2a9c5fe4b96ce0703e8,,consumption_threshold_kwh,180至260,千瓦时,260.0,kwh,,,,,,0.948826,True,True,,step7b_iterB_rulefix,strict_all
ParameterMention:pm_f2d5cee8d9a2188111ff,ParameterMention,,cc7addf8ff4efe3409afac8915cc6b8df3283617d08af2da6658e58933736301,cc7addf8ff4efe3409afac8915cc6b8df3283617d08af2da6658e58933736301#clause_0002,,,,mechanism_ededa4befac33f7f4985,,,pm_f2d5cee8d9a2188111ff,,time_window,8:00-11:00,时段,08:00-11:00,time_window,,,,,,0.989646,True,True,,step7b_iterB_rulefix,strict_all
ParameterMention:pm_f358797d38a1bb70ac58,ParameterMention,,13677b49d0d053be96bfcd32cd36eeba7c68f125c6f32cc220322ba98c178bf4,13677b49d0d053be96bfcd32cd36eeba7c68f125c6f32cc220322ba98c178bf4#clause_0005,,,,mechanism_2204be4dd7b0007dcf48,,,pm_f358797d38a1bb70ac58,,ratio_target,15,%,15.0,percent,,,,,,0.554779,True,False,,step7b_iterB_rulefix,strict_all
ParameterMention:pm_f37eb6156991fb08650b,ParameterMention,,b5738e1db12f50b7e6a3416bacdba11f06c5373d2cb3d80d31a90bdf09b3ddb1,b5738e1db12f50b7e6a3416bacdba11f06c5373d2cb3d80d31a90bdf09b3ddb1#clause_0003,,,,mechanism_cf39fdfa1564950bf413,,,pm_f37eb6156991fb08650b,,time_window,14:00-16:00,时段,14:00-16:00,time_window,,,,,,0.984632,True,True,,step7b_iterB_rulefix,strict_all
ParameterMention:pm_f38e68515fd031471119,ParameterMention,,f9e04639c4debca4ed9f462f2bcd047446a5ac515e9037c7aa504a0cb62c9f85,f9e04639c4debca4ed9f462f2bcd047446a5ac515e9037c7aa504a0cb62c9f85#clause_0001,,,,mechanism_9acc84f7cef5684f25dc,,,pm_f38e68515fd031471119,,ratio_target,10,%,10.0,percent,,,,,,0.998668,True,True,,step7b_iterB_rulefix,strict_all
ParameterMention:pm_f3ec2cddb50ee15d30fc,ParameterMention,,ca0ecafa5d9b0881a307250ed1dfb3f239da064ec327235d5f6bf4b0afde27d8,ca0ecafa5d9b0881a307250ed1dfb3f239da064ec327235d5f6bf4b0afde27d8#clause_0004,,,,mechanism_9193757cdd36831a7653,,,pm_f3ec2cddb50ee15d30fc,,ratio_target,100,％,100.0,percent,,,,,,0.97288,True,True,,step7b_iterB_rulefix,strict_all
ParameterMention:pm_f43dfd720f639de7f0a1,ParameterMention,,3c1392fd897f1d095efaa1ae2a1eaa5c0c3df313cd5a9a185aacffe05575b886,3c1392fd897f1d095efaa1ae2a1eaa5c0c3df313cd5a9a185aacffe05575b886#clause_0021,,,,mechanism_d191c73d0f049e06a1f6,,,pm_f43dfd720f639de7f0a1,,target_household_count,500,户,500.0,household,,,,,,0.645656,True,True,,step7b_iterB_rulefix,strict_all
ParameterMention:pm_f4604f9026b55a579eab,ParameterMention,,caf6cea05c2383ef47c5578fbf1392dfbf0ec0b4fbdc53de67e6f1d3bd2062fc,caf6cea05c2383ef47c5578fbf1392dfbf0ec0b4fbdc53de67e6f1d3bd2062fc#clause_0001,,,,mechanism_e2bca99581b76b3f4780,,,pm_f4604f9026b55a579eab,,time_window,11:00-13:00,时段,11:00-13:00,time_window,,,,,,0.999574,True,True,,step7b_iterB_rulefix,strict_all
ParameterMention:pm_f4767e34eb8aaa3512b4,ParameterMention,,509a0ad904c063d5cf05fca6cbf14e771fafd94288045c9c2d767dc19ec43ab5,509a0ad904c063d5cf05fca6cbf14e771fafd94288045c9c2d767dc19ec43ab5#clause_0001,,,,mechanism_cc5148f458d9cd9ed23c,,,pm_f4767e34eb8aaa3512b4,,time_window,8:00-18:00,小时,08:00-18:00,time_window,,,,,,0.984632,True,True,,step7b_iterB_rulefix,strict_all
ParameterMention:pm_f4b6c797513b1ef1aa75,ParameterMention,,7e1dff3ee78977bc7e5f87b686fc7b8ccf4f78bd15144d2fd3f7c60c48ec3209,7e1dff3ee78977bc7e5f87b686fc7b8ccf4f78bd15144d2fd3f7c60c48ec3209#clause_0003,,,,mechanism_a184d0f15f98e3b3a1e9,,,pm_f4b6c797513b1ef1aa75,,time_window,8:00-10:00,时段,08:00-10:00,time_window,,,,,,0.996859,True,True,,step7b_iterB_rulefix,strict_all
ParameterMention:pm_f53fd9e6ff4c9da67f5b,ParameterMention,,3fd79998d4631ca6e3407dfaacd9b7e9186fa2e143618d0740ab46f0a9063745,3fd79998d4631ca6e3407dfaacd9b7e9186fa2e143618d0740ab46f0a9063745#clause_0000,,,,mechanism_4a65bd7fdd1503c2d012,,,pm_f53fd9e6ff4c9da67f5b,,price_delta_pct,1.9,%,1.9,percent,,,,,,0.529964,True,False,,step7b_iterB_rulefix,strict_all
ParameterMention:pm_f542848b5f2416d71316,ParameterMention,,41eed2fc03a95dc30af898124e00962d37f00dd998abb5da87c6e10e209db169,41eed2fc03a95dc30af898124e00962d37f00dd998abb5da87c6e10e209db169#clause_0022,,,,mechanism_610817c963c7fad38960,,,pm_f542848b5f2416d71316,,subsidy_amount,16.2,万元,16.2,ten_thousand_yuan,,,,,,0.999983,True,True,,step7b_iterB_rulefix,strict_all
ParameterMention:pm_f5b352092a5d227ad9eb,ParameterMention,,872f329b829fabeae485580e6ea8ffc598cb678cf546ae789f8ed60a40bf8ae6,872f329b829fabeae485580e6ea8ffc598cb678cf546ae789f8ed60a40bf8ae6#clause_0004,,,,mechanism_8b1e3960f2418cf363c1,,,pm_f5b352092a5d227ad9eb,,price_value,0.79,元,0.79,yuan,,,,,,0.995679,True,True,,step7b_iterB_rulefix,strict_all
ParameterMention:pm_f5c278186bbc9e31836e,ParameterMention,,a63aaa1b99aae78cd58b5beb8c271e538c4b10b43ff4aff7312d6e081dd79eed,a63aaa1b99aae78cd58b5beb8c271e538c4b10b43ff4aff7312d6e081dd79eed#clause_0008,,,,mechanism_27ee48ccf66eee15edaf,,,pm_f5c278186bbc9e31836e,,subsidy_amount,2000,元,2000.0,yuan,,,,,,0.950734,True,True,,step7b_iterB_rulefix,strict_all
ParameterMention:pm_f60ed423e0da7a344879,ParameterMention,,ebba22b0a7b7a9a06ccf6dfbe862a330eb615359451c4ccb8bff79fd2d9bd1ad,ebba22b0a7b7a9a06ccf6dfbe862a330eb615359451c4ccb8bff79fd2d9bd1ad#clause_0003,,,,mechanism_a2bdc150dc481b3383ed,,,pm_f60ed423e0da7a344879,,ratio_target,70,%,70.0,percent,,,,,,0.554779,True,False,,step7b_iterB_rulefix,strict_all
ParameterMention:pm_f61425c6c6e4ef6d0870,ParameterMention,,b5738e1db12f50b7e6a3416bacdba11f06c5373d2cb3d80d31a90bdf09b3ddb1,b5738e1db12f50b7e6a3416bacdba11f06c5373d2cb3d80d31a90bdf09b3ddb1#clause_0004,,,,mechanism_38d5388d225e19df44e1,,,pm_f61425c6c6e4ef6d0870,,time_window,0:00-6:00,时段,00:00-06:00,time_window,,,,,,0.996859,True,True,,step7b_iterB_rulefix,strict_all
ParameterMention:pm_f6a00add87acde4c551e,ParameterMention,,6f9e11a2d7c04d1e2e70825dcb404052e1219052d6c99430f5f25ebd988c1a72,6f9e11a2d7c04d1e2e70825dcb404052e1219052d6c99430f5f25ebd988c1a72#clause_0001,,,,mechanism_eeecdc52980e4b7059a4,,,pm_f6a00add87acde4c551e,,consumption_threshold_kwh,0-180,千瓦时,180.0,kwh,,,,,,0.9995,True,True,,step7b_iterB_rulefix,strict_all
ParameterMention:pm_f6c37c5f32b910751577,ParameterMention,,17b169c01d0fd11691f3014066bc982e9d5aae3ef301b3d897d2a4b986dac45b,17b169c01d0fd11691f3014066bc982e9d5aae3ef301b3d897d2a4b986dac45b#clause_0004,,,,mechanism_fc808afcac7c61f6a0ba,,,pm_f6c37c5f32b910751577,,subsidy_amount,2,万元,2.0,ten_thousand_yuan,,,,,,0.999574,True,True,,step7b_iterB_rulefix,strict_all
ParameterMention:pm_f6ce70bb16a8dc8afcf6,ParameterMention,,6c3f38914bf7d624cb58e0b3fc02c0ffc21ee712e07549dd930cb57858df5ee7,6c3f38914bf7d624cb58e0b3fc02c0ffc21ee712e07549dd930cb57858df5ee7#clause_0000,,,,mechanism_caf6824749b86df7d7ea,,,pm_f6ce70bb16a8dc8afcf6,,target_household_count,13838,户,13838.0,household,,,,,,0.930862,True,True,,step7b_iterB_rulefix,strict_all
ParameterMention:pm_f6da923b090a1bbef993,ParameterMention,,92e84b72ef2f5a11bbc950bceb47099d119cfe6635c2b8757f6582b673168bf0,92e84b72ef2f5a11bbc950bceb47099d119cfe6635c2b8757f6582b673168bf0#clause_0001,,,,mechanism_61cbb66c463bb0213d79,,,pm_f6da923b090a1bbef993,,time_window,16:00-21:00,时段,16:00-21:00,time_window,,,,,,0.999983,True,True,,step7b_iterB_rulefix,strict_all
ParameterMention:pm_f727b9e32fffe5f35da2,ParameterMention,,d093bca3315576388f93648eb80178c1d6231b42de0de86db5ead37b5950bf2c,d093bca3315576388f93648eb80178c1d6231b42de0de86db5ead37b5950bf2c#clause_0006,,,,mechanism_1c176ac8dd80412dce21,,,pm_f727b9e32fffe5f35da2,,ratio_target,50,%,50.0,percent,,,,,,0.554779,True,False,,step7b_iterB_rulefix,strict_all
ParameterMention:pm_f74a34654b9450ba100a,ParameterMention,,3c24ac76d1cffa37cf2ed99cbae0e44f06f82743cc0db416e3cbf0a39d3f65a2,3c24ac76d1cffa37cf2ed99cbae0e44f06f82743cc0db416e3cbf0a39d3f65a2#clause_0000,,,,mechanism_0c100d52d4c81d219c1b,,,pm_f74a34654b9450ba100a,,target_household_count,13838,户,13838.0,household,,,,,,0.930862,True,True,,step7b_iterB_rulefix,strict_all
ParameterMention:pm_f773a668cbdcd557e77e,ParameterMention,,10695560c26cc67b7a3e26b8dbcd7b856b0b17ef49c31ba529efd3caf059a1de,10695560c26cc67b7a3e26b8dbcd7b856b0b17ef49c31ba529efd3caf059a1de#clause_0005,,,,mechanism_d83fd96b9b6e54c2e6d8,,,pm_f773a668cbdcd557e77e,,subsidy_amount,2400,元,2400.0,yuan,,,,,,0.913726,True,True,,step7b_iterB_rulefix,strict_all
ParameterMention:pm_f7745e1f420b40ecbe37,ParameterMention,,ed8cc5a65243c7c4e501d0065c05b5a0ab4c246ad2d6f331536102d7f3291709,ed8cc5a65243c7c4e501d0065c05b5a0ab4c246ad2d6f331536102d7f3291709#clause_0002,,,,mechanism_c83b8b93e9e72264bd45,,,pm_f7745e1f420b40ecbe37,,ratio_target,100,%,100.0,percent,,,,,,0.97288,True,True,,step7b_iterB_rulefix,strict_all
ParameterMention:pm_f7e1959b6dab1ad44ae6,ParameterMention,,eed146d5fe14ffb1e1c746567c59461666857ebc7017d129ca0598039b4deb07,eed146d5fe14ffb1e1c746567c59461666857ebc7017d129ca0598039b4deb07#clause_0003,,,,mechanism_3539ea34e28f4a496b3e,,,pm_f7e1959b6dab1ad44ae6,,consumption_threshold_kwh,4800,度,4800.0,kwh,,,,,,0.948826,True,True,,step7b_iterB_rulefix,strict_all
ParameterMention:pm_f86a0d6eca0aaa84e762,ParameterMention,,1c866d7db0140a8b19307802359c968014faf7196bd57a33ff7b5fcd5941c821,1c866d7db0140a8b19307802359c968014faf7196bd57a33ff7b5fcd5941c821#clause_0003,,,,mechanism_f8f832537de538746d9c,,,pm_f86a0d6eca0aaa84e762,,duration_threshold_hour,2,小时,2.0,hour,,,,,,0.90025,True,True,,step7b_iterB_rulefix,strict_all
ParameterMention:pm_f88b5e207f8cf2dc5dd2,ParameterMention,,53fc822864624a590cef5b5fa21ff00698716adde9cef0962459c0216e2b8855,53fc822864624a590cef5b5fa21ff00698716adde9cef0962459c0216e2b8855#clause_0013,,,,mechanism_8f6a63af51e49643acd9,,,pm_f88b5e207f8cf2dc5dd2,,ratio_target,3,%,3.0,percent,,,,,,0.554779,True,False,,step7b_iterB_rulefix,strict_all
ParameterMention:pm_f8a82b9b47fd327f61e0,ParameterMention,,6970500b879273b0b83bb7a489716ace3a254448e313c9392b1c8d699aa8443a,6970500b879273b0b83bb7a489716ace3a254448e313c9392b1c8d699aa8443a#clause_0009,,,,mechanism_1bbec1f90f8070e1e0cd,,,pm_f8a82b9b47fd327f61e0,,subsidy_amount,2000,元,2000.0,yuan,,,,,,0.999996,True,True,,step7b_iterB_rulefix,strict_all
ParameterMention:pm_f9d5b02b0c1a6e58f35d,ParameterMention,,41eed2fc03a95dc30af898124e00962d37f00dd998abb5da87c6e10e209db169,41eed2fc03a95dc30af898124e00962d37f00dd998abb5da87c6e10e209db169#clause_0001,,,,mechanism_be2c0c53f945425c2a8b,,,pm_f9d5b02b0c1a6e58f35d,,price_value,0.3,元/度,0.3,yuan_per_kwh,,,,,,0.999714,True,True,,step7b_iterB_rulefix,strict_all
ParameterMention:pm_face0c092ed1e531cbc7,ParameterMention,,ebba22b0a7b7a9a06ccf6dfbe862a330eb615359451c4ccb8bff79fd2d9bd1ad,ebba22b0a7b7a9a06ccf6dfbe862a330eb615359451c4ccb8bff79fd2d9bd1ad#clause_0004,,,,mechanism_fb96cc36bf4aa73a1102,,,pm_face0c092ed1e531cbc7,,ratio_target,15,%,15.0,percent,,,,,,0.554779,True,False,,step7b_iterB_rulefix,strict_all
ParameterMention:pm_fad27bd35104d9325c2d,ParameterMention,,7b751605b49132dd141591500721a0a0aeef9413b412efd887a6985a4ada323a,7b751605b49132dd141591500721a0a0aeef9413b412efd887a6985a4ada323a#clause_0001,,,,mechanism_af82b4583eb2a08b7990,,,pm_fad27bd35104d9325c2d,,ratio_target,100,％,100.0,percent,,,,,,0.999999,True,True,,step7b_iterB_rulefix,strict_all
ParameterMention:pm_fae80bd0b6953fd71608,ParameterMention,,cfc5659b83ee4ad1d1f2661e5333bd1e0c3dd1876428b74b183b3a6d310c4184,cfc5659b83ee4ad1d1f2661e5333bd1e0c3dd1876428b74b183b3a6d310c4184#clause_0005,,,,mechanism_78a5e779d61e94989643,,,pm_fae80bd0b6953fd71608,,ratio_target,50,%,50.0,percent,,,,,,0.832018,True,True,,step7b_iterB_rulefix,strict_all
ParameterMention:pm_fb522015794c73c00abb,ParameterMention,,46aeda327382be20c6e9193f467559190ede76fd4a1139b73f56b328478ca8ca,46aeda327382be20c6e9193f467559190ede76fd4a1139b73f56b328478ca8ca#clause_0000,,,,mechanism_c155c66414fbbfaacad4,,,pm_fb522015794c73c00abb,,target_household_count,13838,户,13838.0,household,,,,,,0.930862,True,True,,step7b_iterB_rulefix,strict_all
ParameterMention:pm_fbae177c3b73bceabca2,ParameterMention,,2ece22a4f07f639ee9f6b14d9a999b5ec8ce9a982e248ec2c4350d49c32a2ec3,2ece22a4f07f639ee9f6b14d9a999b5ec8ce9a982e248ec2c4350d49c32a2ec3#clause_0001,,,,mechanism_e449bc6ec729f7dcca17,,,pm_fbae177c3b73bceabca2,,price_value,0.477,元/千瓦时,0.477,yuan_per_kwh,,,,,,0.978959,True,True,,step7b_iterB_rulefix,strict_all
ParameterMention:pm_fc0a993da6f642ee3b74,ParameterMention,,d30af01520d50ba7d996b79b99121ed0cc0e9b34bb66761144c9c1d2f0cd1ba5,d30af01520d50ba7d996b79b99121ed0cc0e9b34bb66761144c9c1d2f0cd1ba5#clause_0004,,,,mechanism_2ea7e93432a0fbe31203,,,pm_fc0a993da6f642ee3b74,,subsidy_amount,350,元,350.0,yuan,,,,,,0.997892,True,True,,step7b_iterB_rulefix,strict_all
ParameterMention:pm_fc1b45a17b3ce2195f09,ParameterMention,,d171f5c9ffcc84e6c44576635c6bf0c74d7a441eb935c00257be34cfe5ace627,d171f5c9ffcc84e6c44576635c6bf0c74d7a441eb935c00257be34cfe5ace627#clause_0003,,,,mechanism_74dbbc695cc6748dfb95,,,pm_fc1b45a17b3ce2195f09,,consumption_threshold_kwh,281,度,281.0,kwh,,,,,,0.985226,True,True,,step7b_iterB_rulefix,strict_all
ParameterMention:pm_fca411064471fa32ca8b,ParameterMention,,3c1392fd897f1d095efaa1ae2a1eaa5c0c3df313cd5a9a185aacffe05575b886,3c1392fd897f1d095efaa1ae2a1eaa5c0c3df313cd5a9a185aacffe05575b886#clause_0010,,,,mechanism_c66413a3cfb222b5236c,,,pm_fca411064471fa32ca8b,,subsidy_amount,1500,元,1500.0,yuan,,,,,,0.950734,True,True,,step7b_iterB_rulefix,strict_all
ParameterMention:pm_fcc76eee8bb476bb3f88,ParameterMention,,635192af8baf11262c4e886f015d6f452a5241a0a6d153db4c730e4108cbf7f3,635192af8baf11262c4e886f015d6f452a5241a0a6d153db4c730e4108cbf7f3#clause_0026,,,,mechanism_f45c0cfe26ded225dfe6,,,pm_fcc76eee8bb476bb3f88,,price_delta_pct,27,%,27.0,percent,,,,,,0.608259,True,True,,step7b_iterB_rulefix,strict_all
ParameterMention:pm_fcd3fcaae26404481646,ParameterMention,,6618b31ad2d2553801e75f1d42256338782cda332eb141a7fea6466fee1dccfd,6618b31ad2d2553801e75f1d42256338782cda332eb141a7fea6466fee1dccfd#clause_0008,,,,mechanism_ce4356a67d4f536b5f52,,,pm_fcd3fcaae26404481646,,subsidy_amount,1000,元,1000.0,yuan,,,,,,0.989646,True,True,,step7b_iterB_rulefix,strict_all
ParameterMention:pm_fcdcf74c93a3da0a8828,ParameterMention,,18aede9bc4a893e4dc4dcc46a9c6800761d8d391b46ad5d676d183b8aebaa183,18aede9bc4a893e4dc4dcc46a9c6800761d8d391b46ad5d676d183b8aebaa183#clause_0001,,,,mechanism_4ca40a6f0b47a2d215f1,,,pm_fcdcf74c93a3da0a8828,,consumption_threshold_kwh,400,元,400.0,kwh,,,,,,0.997806,True,True,,step7b_iterB_rulefix,strict_all
ParameterMention:pm_fde34108918b25f72658,ParameterMention,,83348a380b3b3d6a053a6b89707affb993adc6db4dd70aed9d2fc76779e202b5,83348a380b3b3d6a053a6b89707affb993adc6db4dd70aed9d2fc76779e202b5#clause_0002,,,,mechanism_b65181ad984a4e5dfdf3,,,pm_fde34108918b25f72658,,subsidy_amount,180,元,180.0,yuan,,,,,,0.997892,True,True,,step7b_iterB_rulefix,strict_all
ParameterMention:pm_fde71978ebda4f12aa9d,ParameterMention,,194967a19fd4314cba42620eb15e046479532e091b0d5d6272bac1743b6debfe,194967a19fd4314cba42620eb15e046479532e091b0d5d6272bac1743b6debfe#clause_0002,,,,mechanism_d19ef0717a35180dac16,,,pm_fde71978ebda4f12aa9d,,ratio_target,10,%,10.0,percent,,,,,,0.981657,True,True,,step7b_iterB_rulefix,strict_all
ParameterMention:pm_fe40c56322ad688fc57c,ParameterMention,,13677b49d0d053be96bfcd32cd36eeba7c68f125c6f32cc220322ba98c178bf4,13677b49d0d053be96bfcd32cd36eeba7c68f125c6f32cc220322ba98c178bf4#clause_0003,,,,mechanism_de71bb4670745ef7e54c,,,pm_fe40c56322ad688fc57c,,ratio_target,5,%,5.0,percent,,,,,,0.554779,True,False,,step7b_iterB_rulefix,strict_all
ParameterMention:pm_fe542b0a815c832e5115,ParameterMention,,3aadd2a404bd555714a18eb3488f76d8c7aecef9b833da8698eff658fb12e0e3,3aadd2a404bd555714a18eb3488f76d8c7aecef9b833da8698eff658fb12e0e3#clause_0000,,,,mechanism_5c3a5c11605a326c55c5,,,pm_fe542b0a815c832e5115,,subsidy_amount,3,万元,3.0,ten_thousand_yuan,,,,,,0.981293,True,True,,step7b_iterB_rulefix,strict_all
ParameterMention:pm_fee980d83ef950e4b0fd,ParameterMention,,58335d90e96cc5b4211b57e5ba68639ec110997e34daf85e547cbcf39bcc1906,58335d90e96cc5b4211b57e5ba68639ec110997e34daf85e547cbcf39bcc1906#clause_0002,,,,mechanism_bf2d0a8fb685899df7bb,,,pm_fee980d83ef950e4b0fd,,time_window,9:00-17:00,时段,09:00-17:00,time_window,,,,,,0.996859,True,True,,step7b_iterB_rulefix,strict_all
ParameterMention:pm_ff07ff7e210c8309c3a2,ParameterMention,,6ca5d9d44b93a3440cc8f24b4feda441563e6841021017b2c5db628a6976c9f5,6ca5d9d44b93a3440cc8f24b4feda441563e6841021017b2c5db628a6976c9f5#clause_0012,,,,mechanism_fc9efe19aa7d7379423d,,,pm_ff07ff7e210c8309c3a2,,area_subsidy_amount,24000,元,200.0,yuan_per_sqm,,,,,,0.997892,True,True,,step7b_iterB_rulefix,strict_all
ParameterMention:pm_ff598ef5d7660984acea,ParameterMention,,99dce90179e84c5da237d3a228a84ba994f4c04a9a167533654c0cfcdc8d9686,99dce90179e84c5da237d3a228a84ba994f4c04a9a167533654c0cfcdc8d9686#clause_0001,,,,mechanism_5ceabf3a69023997d3aa,,,pm_ff598ef5d7660984acea,,ratio_target,30,%,30.0,percent,,,,,,0.5,True,False,,step7b_iterB_rulefix,strict_all
ParameterMention:pm_ff6003bb4a1186d6d6ee,ParameterMention,,881491ec6e32e0e2abc98ea7df793609e0167cc5202791da22a326af5e787a2c,881491ec6e32e0e2abc98ea7df793609e0167cc5202791da22a326af5e787a2c#clause_0005,,,,mechanism_e4f504f9ee2d0800a07f,,,pm_ff6003bb4a1186d6d6ee,,ratio_target,20,%,20.0,percent,,,,,,0.554779,True,False,,step7b_iterB_rulefix,strict_all
ParameterMention:pm_ff95db16458527669ecf,ParameterMention,,6970500b879273b0b83bb7a489716ace3a254448e313c9392b1c8d699aa8443a,6970500b879273b0b83bb7a489716ace3a254448e313c9392b1c8d699aa8443a#clause_0019,,,,mechanism_d799f1a0f9b26b3791d8,,,pm_ff95db16458527669ecf,,subsidy_amount,500,万元,16.2,ten_thousand_yuan,,,,,,1.0,True,False,,step7b_iterB_rulefix,strict_all
ParameterMention:pm_ffa02d090a0dab33ff90,ParameterMention,,34de2093bea75d704c113e23bf49b9018637efa1841e90bf224a6566684fd8df,34de2093bea75d704c113e23bf49b9018637efa1841e90bf224a6566684fd8df#clause_0001,,,,mechanism_68b54d92a1f0539c4203,,,pm_ffa02d090a0dab33ff90,,ratio_target,90,％,90.0,percent,,,,,,0.999999,True,True,,step7b_iterB_rulefix,strict_all
PolicyDocument:00a12958eaee9a105dcc89c19bd002fa5ac8761a4154324faee32237e8364fec,PolicyDocument,电气化、电能替代txt文件_uni1.txt#chunk_16,00a12958eaee9a105dcc89c19bd002fa5ac8761a4154324faee32237e8364fec,,,,,,,,,,,,,,,,,,,,,,,02_电能替代与清洁取暖/02_汇总拼接/电气化、电能替代txt文件_uni1.txt#chunk_16,step7b_iterB_rulefix,strict_all
PolicyDocument:00aa3b5579d7b292246153a21cbd53b536f7fc939e95a82707452ad51d14dd7e,PolicyDocument,电气化、电能替代txt文件_uni1.txt#chunk_40,00aa3b5579d7b292246153a21cbd53b536f7fc939e95a82707452ad51d14dd7e,,,,,,,,,,,,,,,,,,,,,,,02_电能替代与清洁取暖/02_汇总拼接/电气化、电能替代txt文件_uni1.txt#chunk_40,step7b_iterB_rulefix,strict_all
PolicyDocument:010dd88159617e9e9382aae1b693db97e9b9aa123fefe31ae3a1ceeca57bb8d5,PolicyDocument,电气化、电能替代txt文件_uni2.txt#chunk_32,010dd88159617e9e9382aae1b693db97e9b9aa123fefe31ae3a1ceeca57bb8d5,,,,,,,,,,,,,,,,,,,,,,,02_电能替代与清洁取暖/02_汇总拼接/电气化、电能替代txt文件_uni2.txt#chunk_32,step7b_iterB_rulefix,strict_all
PolicyDocument:032a207733e9fa9167b432840d0ec24e7bd7e2e3d7a43e6faf5b0fc1f64b763e,PolicyDocument,2021年10月20日 广东省发展改革委关于进一步深化我省电价改革有关问题的通知.txt,032a207733e9fa9167b432840d0ec24e7bd7e2e3d7a43e6faf5b0fc1f64b763e,,,,,,,,,,,,,,,,,,,,,,,01_电价政策/03_综合与其他/2021年10月20日 广东省发展改革委关于进一步深化我省电价改革有关问题的通知.txt,step7b_iterB_rulefix,strict_all
PolicyDocument:0463f8ab2dc0e54e2fd506618b80ede13670db6650cb659109835a35687dc141,PolicyDocument,电气化、电能替代txt文件_uni2.txt#chunk_3,0463f8ab2dc0e54e2fd506618b80ede13670db6650cb659109835a35687dc141,,,,,,,,,,,,,,,,,,,,,,,02_电能替代与清洁取暖/02_汇总拼接/电气化、电能替代txt文件_uni2.txt#chunk_3,step7b_iterB_rulefix,strict_all
PolicyDocument:0ae95f60cf40ef3dbcc874d7e32a0ed5a3d91c7d587ec5cae592c8064a14b8f8,PolicyDocument,关于完善新能源汽车推广应用财政补贴政策的通知.txt,0ae95f60cf40ef3dbcc874d7e32a0ed5a3d91c7d587ec5cae592c8064a14b8f8,,,,,,,,,,,,,,,,,,,,,,,02_电能替代与清洁取暖/01_政策文本/关于完善新能源汽车推广应用财政补贴政策的通知.txt,step7b_iterB_rulefix,strict_all
PolicyDocument:0c6f09a25dd67445d4329a19b7c075e48243ee2db53c7faa02f8ad5296257722,PolicyDocument,电气化、电能替代txt文件_uni0.txt#chunk_13,0c6f09a25dd67445d4329a19b7c075e48243ee2db53c7faa02f8ad5296257722,,,,,,,,,,,,,,,,,,,,,,,02_电能替代与清洁取暖/02_汇总拼接/电气化、电能替代txt文件_uni0.txt#chunk_13,step7b_iterB_rulefix,strict_all
PolicyDocument:0d4df7638a86e161686866b0b8ac4efc520827097e76902f88d922c41e699999,PolicyDocument,电气化、电能替代txt文件_uni0.txt#chunk_12,0d4df7638a86e161686866b0b8ac4efc520827097e76902f88d922c41e699999,,,,,,,,,,,,,,,,,,,,,,,02_电能替代与清洁取暖/02_汇总拼接/电气化、电能替代txt文件_uni0.txt#chunk_12,step7b_iterB_rulefix,strict_all
PolicyDocument:0d66b8c7139a0f984bbaf759d12e1bb40d66b6e7f05bab043de5e56b4398fb79,PolicyDocument,电气化、电能替代txt文件_uni4.txt#chunk_55,0d66b8c7139a0f984bbaf759d12e1bb40d66b6e7f05bab043de5e56b4398fb79,,,,,,,,,,,,,,,,,,,,,,,02_电能替代与清洁取暖/02_汇总拼接/电气化、电能替代txt文件_uni4.txt#chunk_55,step7b_iterB_rulefix,strict_all
PolicyDocument:0de53d8f7a3a1c2de8a8ce98c12216d63084f7e235dd8ddcc02f07760d36a17a,PolicyDocument,电气化、电能替代txt文件_uni4.txt#chunk_0,0de53d8f7a3a1c2de8a8ce98c12216d63084f7e235dd8ddcc02f07760d36a17a,,,,,,,,,,,,,,,,,,,,,,,02_电能替代与清洁取暖/02_汇总拼接/电气化、电能替代txt文件_uni4.txt#chunk_0,step7b_iterB_rulefix,strict_all
PolicyDocument:0ef7089f429ca4377a5b92c9f7a419ffcb4a3102d8d0ac5666c9f1bfef4ba625,PolicyDocument,《关于大气污染防治行动计划的通知》.txt,0ef7089f429ca4377a5b92c9f7a419ffcb4a3102d8d0ac5666c9f1bfef4ba625,,,,,,,,,,,,,,,,,,,,,,,02_电能替代与清洁取暖/01_政策文本/《关于大气污染防治行动计划的通知》.txt,step7b_iterB_rulefix,strict_all
PolicyDocument:0f3400361f4f38388365c57c706fc464f0fa6aee962bdb434173380878f8c94b,PolicyDocument,电气化、电能替代txt文件_uni4.txt#chunk_9,0f3400361f4f38388365c57c706fc464f0fa6aee962bdb434173380878f8c94b,,,,,,,,,,,,,,,,,,,,,,,02_电能替代与清洁取暖/02_汇总拼接/电气化、电能替代txt文件_uni4.txt#chunk_9,step7b_iterB_rulefix,strict_all
PolicyDocument:10695560c26cc67b7a3e26b8dbcd7b856b0b17ef49c31ba529efd3caf059a1de,PolicyDocument,电气化、电能替代txt文件_uni4.txt#chunk_43,10695560c26cc67b7a3e26b8dbcd7b856b0b17ef49c31ba529efd3caf059a1de,,,,,,,,,,,,,,,,,,,,,,,02_电能替代与清洁取暖/02_汇总拼接/电气化、电能替代txt文件_uni4.txt#chunk_43,step7b_iterB_rulefix,strict_all
PolicyDocument:1073cb109211fd941aebac04c4969f3a87bbd9186801a40532d013098ee3ab11,PolicyDocument,电气化、电能替代txt文件_uni4.txt#chunk_52,1073cb109211fd941aebac04c4969f3a87bbd9186801a40532d013098ee3ab11,,,,,,,,,,,,,,,,,,,,,,,02_电能替代与清洁取暖/02_汇总拼接/电气化、电能替代txt文件_uni4.txt#chunk_52,step7b_iterB_rulefix,strict_all
PolicyDocument:13677b49d0d053be96bfcd32cd36eeba7c68f125c6f32cc220322ba98c178bf4,PolicyDocument,《关于全面加强生态环境保护坚决打好污染防治攻坚战的实施意见》.txt,13677b49d0d053be96bfcd32cd36eeba7c68f125c6f32cc220322ba98c178bf4,,,,,,,,,,,,,,,,,,,,,,,02_电能替代与清洁取暖/01_政策文本/《关于全面加强生态环境保护坚决打好污染防治攻坚战的实施意见》.txt,step7b_iterB_rulefix,strict_all
PolicyDocument:15d322df36604ef5082b3cbb152c1ae45bda6ad3f5d941b024f5371b4210c4d8,PolicyDocument,2021年12月14日 山西省发展和改革委员会关于完善分时电价机制有关事项的通知.txt,15d322df36604ef5082b3cbb152c1ae45bda6ad3f5d941b024f5371b4210c4d8,,,,,,,,,,,,,,,,,,,,,,,01_电价政策/01_分时电价/2021年12月14日 山西省发展和改革委员会关于完善分时电价机制有关事项的通知.txt,step7b_iterB_rulefix,strict_all
PolicyDocument:17b169c01d0fd11691f3014066bc982e9d5aae3ef301b3d897d2a4b986dac45b,PolicyDocument,电气化、电能替代txt文件_uni4.txt#chunk_5,17b169c01d0fd11691f3014066bc982e9d5aae3ef301b3d897d2a4b986dac45b,,,,,,,,,,,,,,,,,,,,,,,02_电能替代与清洁取暖/02_汇总拼接/电气化、电能替代txt文件_uni4.txt#chunk_5,step7b_iterB_rulefix,strict_all
PolicyDocument:18aede9bc4a893e4dc4dcc46a9c6800761d8d391b46ad5d676d183b8aebaa183,PolicyDocument,2012年6月14日 重庆市物价局关于居民生活用电试行阶梯电价有关问题的通知.txt,18aede9bc4a893e4dc4dcc46a9c6800761d8d391b46ad5d676d183b8aebaa183,,,,,,,,,,,,,,,,,,,,,,,01_电价政策/02_阶梯与差别电价/2012年6月14日 重庆市物价局关于居民生活用电试行阶梯电价有关问题的通知.txt,step7b_iterB_rulefix,strict_all
PolicyDocument:194967a19fd4314cba42620eb15e046479532e091b0d5d6272bac1743b6debfe,PolicyDocument,电气化、电能替代txt文件_uni1.txt#chunk_35,194967a19fd4314cba42620eb15e046479532e091b0d5d6272bac1743b6debfe,,,,,,,,,,,,,,,,,,,,,,,02_电能替代与清洁取暖/02_汇总拼接/电气化、电能替代txt文件_uni1.txt#chunk_35,step7b_iterB_rulefix,strict_all
PolicyDocument:19b81e147d4c1292e577c2e1ab84419e792b779d8e0a823ba5d99750039e25cd,PolicyDocument,电气化、电能替代txt文件_uni4.txt#chunk_45,19b81e147d4c1292e577c2e1ab84419e792b779d8e0a823ba5d99750039e25cd,,,,,,,,,,,,,,,,,,,,,,,02_电能替代与清洁取暖/02_汇总拼接/电气化、电能替代txt文件_uni4.txt#chunk_45,step7b_iterB_rulefix,strict_all
PolicyDocument:1be33bff3ea2876b31bbd3f23c81aa44573ad1f2de6cfb2cd7d649a3ebd1028d,PolicyDocument,国务院办公厅关于加快电动汽车充电基础设施建设的指导意见.txt,1be33bff3ea2876b31bbd3f23c81aa44573ad1f2de6cfb2cd7d649a3ebd1028d,,,,,,,,,,,,,,,,,,,,,,,02_电能替代与清洁取暖/01_政策文本/国务院办公厅关于加快电动汽车充电基础设施建设的指导意见.txt,step7b_iterB_rulefix,strict_all
PolicyDocument:1c866d7db0140a8b19307802359c968014faf7196bd57a33ff7b5fcd5941c821,PolicyDocument,交通运输部 国家发展改革委 国家能源局 国家电网有限公司关于进一步推进长江经济带船舶靠港使用岸电的通知.txt,1c866d7db0140a8b19307802359c968014faf7196bd57a33ff7b5fcd5941c821,,,,,,,,,,,,,,,,,,,,,,,02_电能替代与清洁取暖/01_政策文本/交通运输部 国家发展改革委 国家能源局 国家电网有限公司关于进一步推进长江经济带船舶靠港使用岸电的通知.txt,step7b_iterB_rulefix,strict_all
PolicyDocument:1df67c120b894f41fc1540eadf6f7318a0e4032ff1bae8a444612d07944ef7b9,PolicyDocument,电气化、电能替代txt文件_uni4.txt#chunk_42,1df67c120b894f41fc1540eadf6f7318a0e4032ff1bae8a444612d07944ef7b9,,,,,,,,,,,,,,,,,,,,,,,02_电能替代与清洁取暖/02_汇总拼接/电气化、电能替代txt文件_uni4.txt#chunk_42,step7b_iterB_rulefix,strict_all
PolicyDocument:1fa29c73a41d6d62bb74e065c64724a1eb5075621c22e96288682d2c4c141f5d,PolicyDocument,2022年12月6日 河北发改委印发《关于明确居民峰谷分时电价政策的通知》.txt,1fa29c73a41d6d62bb74e065c64724a1eb5075621c22e96288682d2c4c141f5d,,,,,,,,,,,,,,,,,,,,,,,01_电价政策/01_分时电价/2022年12月6日 河北发改委印发《关于明确居民峰谷分时电价政策的通知》.txt,step7b_iterB_rulefix,strict_all
PolicyDocument:21a5c67e61e80e1324726c39e931d5faa3ef2db450f2e5421f7a10df4fe56b97,PolicyDocument,2021年11月23日 广西壮族自治区发展和改革委员会关于完善我区峰谷分时电价机.txt,21a5c67e61e80e1324726c39e931d5faa3ef2db450f2e5421f7a10df4fe56b97,,,,,,,,,,,,,,,,,,,,,,,01_电价政策/01_分时电价/2021年11月23日 广西壮族自治区发展和改革委员会关于完善我区峰谷分时电价机.txt,step7b_iterB_rulefix,strict_all
PolicyDocument:22683cdc818adbda88476b2ce5ef07bfd17154e8f751efbcf70c4b68e9dd70ba,PolicyDocument,电气化、电能替代txt文件_uni0.txt#chunk_4,22683cdc818adbda88476b2ce5ef07bfd17154e8f751efbcf70c4b68e9dd70ba,,,,,,,,,,,,,,,,,,,,,,,02_电能替代与清洁取暖/02_汇总拼接/电气化、电能替代txt文件_uni0.txt#chunk_4,step7b_iterB_rulefix,strict_all
PolicyDocument:231f1eeb573e2b351f92117ef696b8d2077cec456aacd516232f031d673da137,PolicyDocument,2012年6月15日 江苏省物价局关于试行居民生活用电阶梯式电价的通知.txt,231f1eeb573e2b351f92117ef696b8d2077cec456aacd516232f031d673da137,,,,,,,,,,,,,,,,,,,,,,,01_电价政策/02_阶梯与差别电价/2012年6月15日 江苏省物价局关于试行居民生活用电阶梯式电价的通知.txt,step7b_iterB_rulefix,strict_all
PolicyDocument:24861df413989ac11a6eb6a6a0d66fa30719c994005c9700a71e869271450a8e,PolicyDocument,电气化、电能替代txt文件_uni4.txt#chunk_3,24861df413989ac11a6eb6a6a0d66fa30719c994005c9700a71e869271450a8e,,,,,,,,,,,,,,,,,,,,,,,02_电能替代与清洁取暖/02_汇总拼接/电气化、电能替代txt文件_uni4.txt#chunk_3,step7b_iterB_rulefix,strict_all
PolicyDocument:264f74e1e9077c0e94590da482db92ebc125f4c14559852d89ad14b209d7e41f,PolicyDocument,电气化、电能替代txt文件_uni1.txt#chunk_37,264f74e1e9077c0e94590da482db92ebc125f4c14559852d89ad14b209d7e41f,,,,,,,,,,,,,,,,,,,,,,,02_电能替代与清洁取暖/02_汇总拼接/电气化、电能替代txt文件_uni1.txt#chunk_37,step7b_iterB_rulefix,strict_all
PolicyDocument:2a1a7ca09fde9e1e09c537a13a8c19be802c349c78fec60b60b126242522ccdc,PolicyDocument,2013年12月11日 国家发展改革委关于完善居民阶梯电价制度的通知.txt,2a1a7ca09fde9e1e09c537a13a8c19be802c349c78fec60b60b126242522ccdc,,,,,,,,,,,,,,,,,,,,,,,01_电价政策/02_阶梯与差别电价/2013年12月11日 国家发展改革委关于完善居民阶梯电价制度的通知.txt,step7b_iterB_rulefix,strict_all
PolicyDocument:2c6f8bdce8c0c7967763bb1bf530c46fe6bbfac7bab4a3c48d3256ace950b987,PolicyDocument,2019年10月29日 北京市发展改革委关于居民生活用电“一户多人口”阶梯电量有.txt,2c6f8bdce8c0c7967763bb1bf530c46fe6bbfac7bab4a3c48d3256ace950b987,,,,,,,,,,,,,,,,,,,,,,,01_电价政策/02_阶梯与差别电价/2019年10月29日 北京市发展改革委关于居民生活用电“一户多人口”阶梯电量有.txt,step7b_iterB_rulefix,strict_all
PolicyDocument:2ece22a4f07f639ee9f6b14d9a999b5ec8ce9a982e248ec2c4350d49c32a2ec3,PolicyDocument,2012年6月15日 山西省物价局关于对我省居民生活用电试行阶梯电价的通知.txt,2ece22a4f07f639ee9f6b14d9a999b5ec8ce9a982e248ec2c4350d49c32a2ec3,,,,,,,,,,,,,,,,,,,,,,,01_电价政策/02_阶梯与差别电价/2012年6月15日 山西省物价局关于对我省居民生活用电试行阶梯电价的通知.txt,step7b_iterB_rulefix,strict_all
PolicyDocument:2f9184a72b1488e94b2de32d7d9489e5d523b09268cd7142f059723054a93828,PolicyDocument,2021年8月31日 广东省发展改革委关于进一步完善我省峰谷分时电价政策有关问题.txt,2f9184a72b1488e94b2de32d7d9489e5d523b09268cd7142f059723054a93828,,,,,,,,,,,,,,,,,,,,,,,01_电价政策/01_分时电价/2021年8月31日 广东省发展改革委关于进一步完善我省峰谷分时电价政策有关问题.txt,step7b_iterB_rulefix,strict_all
PolicyDocument:34de2093bea75d704c113e23bf49b9018637efa1841e90bf224a6566684fd8df,PolicyDocument,电气化、电能替代txt文件_uni2.txt#chunk_17,34de2093bea75d704c113e23bf49b9018637efa1841e90bf224a6566684fd8df,,,,,,,,,,,,,,,,,,,,,,,02_电能替代与清洁取暖/02_汇总拼接/电气化、电能替代txt文件_uni2.txt#chunk_17,step7b_iterB_rulefix,strict_all
PolicyDocument:37057c32932e956503eb1ad05c772ba2cd53e2bba30c2a5b23eb9c15e6a785de,PolicyDocument,2012年6月18日 河北省物价局关于印发《河北省居民生活用电试行阶梯电价实施方.txt,37057c32932e956503eb1ad05c772ba2cd53e2bba30c2a5b23eb9c15e6a785de,,,,,,,,,,,,,,,,,,,,,,,01_电价政策/02_阶梯与差别电价/2012年6月18日 河北省物价局关于印发《河北省居民生活用电试行阶梯电价实施方.txt,step7b_iterB_rulefix,strict_all
PolicyDocument:39711c0fe43f492cc1c2573d43eda307046cf6f6e978daa10f5d3853c58077b5,PolicyDocument,电气化、电能替代txt文件_uni1.txt#chunk_41,39711c0fe43f492cc1c2573d43eda307046cf6f6e978daa10f5d3853c58077b5,,,,,,,,,,,,,,,,,,,,,,,02_电能替代与清洁取暖/02_汇总拼接/电气化、电能替代txt文件_uni1.txt#chunk_41,step7b_iterB_rulefix,strict_all
PolicyDocument:3991fbb237169347871b06ab54a5fa6484949f06838d537bedebcccd7d1380b8,PolicyDocument,电气化、电能替代txt文件_uni4.txt#chunk_36,3991fbb237169347871b06ab54a5fa6484949f06838d537bedebcccd7d1380b8,,,,,,,,,,,,,,,,,,,,,,,02_电能替代与清洁取暖/02_汇总拼接/电气化、电能替代txt文件_uni4.txt#chunk_36,step7b_iterB_rulefix,strict_all
PolicyDocument:3aadd2a404bd555714a18eb3488f76d8c7aecef9b833da8698eff658fb12e0e3,PolicyDocument,电气化、电能替代txt文件_uni2.txt#chunk_20,3aadd2a404bd555714a18eb3488f76d8c7aecef9b833da8698eff658fb12e0e3,,,,,,,,,,,,,,,,,,,,,,,02_电能替代与清洁取暖/02_汇总拼接/电气化、电能替代txt文件_uni2.txt#chunk_20,step7b_iterB_rulefix,strict_all
PolicyDocument:3c1392fd897f1d095efaa1ae2a1eaa5c0c3df313cd5a9a185aacffe05575b886,PolicyDocument,电气化、电能替代txt文件_uni2.txt#chunk_28,3c1392fd897f1d095efaa1ae2a1eaa5c0c3df313cd5a9a185aacffe05575b886,,,,,,,,,,,,,,,,,,,,,,,02_电能替代与清洁取暖/02_汇总拼接/电气化、电能替代txt文件_uni2.txt#chunk_28,step7b_iterB_rulefix,strict_all
PolicyDocument:3c24ac76d1cffa37cf2ed99cbae0e44f06f82743cc0db416e3cbf0a39d3f65a2,PolicyDocument,电气化、电能替代txt文件_uni2.txt#chunk_41,3c24ac76d1cffa37cf2ed99cbae0e44f06f82743cc0db416e3cbf0a39d3f65a2,,,,,,,,,,,,,,,,,,,,,,,02_电能替代与清洁取暖/02_汇总拼接/电气化、电能替代txt文件_uni2.txt#chunk_41,step7b_iterB_rulefix,strict_all
PolicyDocument:3d3cf040b71cde86681c104e521b64cb56d24b9f7da79e8807e5f779c1922d1e,PolicyDocument,电气化、电能替代txt文件_uni4.txt#chunk_57,3d3cf040b71cde86681c104e521b64cb56d24b9f7da79e8807e5f779c1922d1e,,,,,,,,,,,,,,,,,,,,,,,02_电能替代与清洁取暖/02_汇总拼接/电气化、电能替代txt文件_uni4.txt#chunk_57,step7b_iterB_rulefix,strict_all
PolicyDocument:3d453b46781e992f20c2a7120846ab15062f4e272266f310b85e96ae17b26383,PolicyDocument,《关于印发北方地区冬季清洁取暖规划（2017-2021年）的通知》.txt,3d453b46781e992f20c2a7120846ab15062f4e272266f310b85e96ae17b26383,,,,,,,,,,,,,,,,,,,,,,,02_电能替代与清洁取暖/01_政策文本/《关于印发北方地区冬季清洁取暖规划（2017-2021年）的通知》.txt,step7b_iterB_rulefix,strict_all
PolicyDocument:3e01f17b897c9feee5fc314db8aefdb21db1935f389688d626165886eda313fe,PolicyDocument,电气化、电能替代txt文件_uni4.txt#chunk_51,3e01f17b897c9feee5fc314db8aefdb21db1935f389688d626165886eda313fe,,,,,,,,,,,,,,,,,,,,,,,02_电能替代与清洁取暖/02_汇总拼接/电气化、电能替代txt文件_uni4.txt#chunk_51,step7b_iterB_rulefix,strict_all
PolicyDocument:3fd79998d4631ca6e3407dfaacd9b7e9186fa2e143618d0740ab46f0a9063745,PolicyDocument,电气化、电能替代txt文件_uni2.txt#chunk_0,3fd79998d4631ca6e3407dfaacd9b7e9186fa2e143618d0740ab46f0a9063745,,,,,,,,,,,,,,,,,,,,,,,02_电能替代与清洁取暖/02_汇总拼接/电气化、电能替代txt文件_uni2.txt#chunk_0,step7b_iterB_rulefix,strict_all
PolicyDocument:40589565082dc74e8463d8e9c6ea201603035cfd7520a8ee3df916591204894b,PolicyDocument,《关于进一步推进电能替代的指导意见》.txt,40589565082dc74e8463d8e9c6ea201603035cfd7520a8ee3df916591204894b,,,,,,,,,,,,,,,,,,,,,,,02_电能替代与清洁取暖/01_政策文本/《关于进一步推进电能替代的指导意见》.txt,step7b_iterB_rulefix,strict_all
PolicyDocument:40eaa271256c3f5b89ddb8760613b6fabdcf0efb295059429c972a9d9abc394a,PolicyDocument,电气化、电能替代txt文件_uni2.txt#chunk_7,40eaa271256c3f5b89ddb8760613b6fabdcf0efb295059429c972a9d9abc394a,,,,,,,,,,,,,,,,,,,,,,,02_电能替代与清洁取暖/02_汇总拼接/电气化、电能替代txt文件_uni2.txt#chunk_7,step7b_iterB_rulefix,strict_all
PolicyDocument:4128605b654779f968f7a6378ac7bc8d80f724ca45e3925f67cb754c10db8ef5,PolicyDocument,电气化、电能替代txt文件_uni2.txt#chunk_14,4128605b654779f968f7a6378ac7bc8d80f724ca45e3925f67cb754c10db8ef5,,,,,,,,,,,,,,,,,,,,,,,02_电能替代与清洁取暖/02_汇总拼接/电气化、电能替代txt文件_uni2.txt#chunk_14,step7b_iterB_rulefix,strict_all
PolicyDocument:41eed2fc03a95dc30af898124e00962d37f00dd998abb5da87c6e10e209db169,PolicyDocument,电气化、电能替代txt文件_uni4.txt#chunk_31,41eed2fc03a95dc30af898124e00962d37f00dd998abb5da87c6e10e209db169,,,,,,,,,,,,,,,,,,,,,,,02_电能替代与清洁取暖/02_汇总拼接/电气化、电能替代txt文件_uni4.txt#chunk_31,step7b_iterB_rulefix,strict_all
PolicyDocument:432528cbb25bdbdce8825781b81c73beb96a63f824057f93f5800fc0a512a713,PolicyDocument,电气化、电能替代txt文件_uni4.txt#chunk_41,432528cbb25bdbdce8825781b81c73beb96a63f824057f93f5800fc0a512a713,,,,,,,,,,,,,,,,,,,,,,,02_电能替代与清洁取暖/02_汇总拼接/电气化、电能替代txt文件_uni4.txt#chunk_41,step7b_iterB_rulefix,strict_all
PolicyDocument:438c0392b9db32d7f7e7063819ff233da3aefc768abccbae0d8cebcf58748a29,PolicyDocument,电气化、电能替代txt文件_uni1.txt#chunk_1,438c0392b9db32d7f7e7063819ff233da3aefc768abccbae0d8cebcf58748a29,,,,,,,,,,,,,,,,,,,,,,,02_电能替代与清洁取暖/02_汇总拼接/电气化、电能替代txt文件_uni1.txt#chunk_1,step7b_iterB_rulefix,strict_all
PolicyDocument:4443f6f24df9c2cdb21d2432a3505998f5a74fac8f443a268420a5ce246b624f,PolicyDocument,2019年12月19日 黑龙江省关于出台“多人口”居民用电优惠新政的通知.txt,4443f6f24df9c2cdb21d2432a3505998f5a74fac8f443a268420a5ce246b624f,,,,,,,,,,,,,,,,,,,,,,,01_电价政策/02_阶梯与差别电价/2019年12月19日 黑龙江省关于出台“多人口”居民用电优惠新政的通知.txt,step7b_iterB_rulefix,strict_all
PolicyDocument:46aeda327382be20c6e9193f467559190ede76fd4a1139b73f56b328478ca8ca,PolicyDocument,电气化、电能替代txt文件_uni4.txt#chunk_25,46aeda327382be20c6e9193f467559190ede76fd4a1139b73f56b328478ca8ca,,,,,,,,,,,,,,,,,,,,,,,02_电能替代与清洁取暖/02_汇总拼接/电气化、电能替代txt文件_uni4.txt#chunk_25,step7b_iterB_rulefix,strict_all
PolicyDocument:4978300e5965b0d812a67eb9a07c584011b661c940c300faf4990fb8586e3a13,PolicyDocument,电气化、电能替代txt文件_uni1.txt#chunk_38,4978300e5965b0d812a67eb9a07c584011b661c940c300faf4990fb8586e3a13,,,,,,,,,,,,,,,,,,,,,,,02_电能替代与清洁取暖/02_汇总拼接/电气化、电能替代txt文件_uni1.txt#chunk_38,step7b_iterB_rulefix,strict_all
PolicyDocument:4a49234794f550f6c254bd1184117e2f8852908ed6986f566ef0e18a4c3b49fb,PolicyDocument,2021年10月27日 广西壮族自治区发展和改革委员会关于我区高耗能企业执行差别.txt,4a49234794f550f6c254bd1184117e2f8852908ed6986f566ef0e18a4c3b49fb,,,,,,,,,,,,,,,,,,,,,,,01_电价政策/02_阶梯与差别电价/2021年10月27日 广西壮族自治区发展和改革委员会关于我区高耗能企业执行差别.txt,step7b_iterB_rulefix,strict_all
PolicyDocument:4d9e424e89d20d90f83d0086d46ae685d20198da6a5b716333623c8288b3d66e,PolicyDocument,2021年11月23日 陕西省发展和改革委员会关于进一步完善分时电价机制有关事项.txt,4d9e424e89d20d90f83d0086d46ae685d20198da6a5b716333623c8288b3d66e,,,,,,,,,,,,,,,,,,,,,,,01_电价政策/01_分时电价/2021年11月23日 陕西省发展和改革委员会关于进一步完善分时电价机制有关事项.txt,step7b_iterB_rulefix,strict_all
PolicyDocument:4da4ac46529aa8730837ae343298f520e2f42fa4f8b05ba335c343f0248c8e34,PolicyDocument,电气化、电能替代txt文件_uni2.txt#chunk_39,4da4ac46529aa8730837ae343298f520e2f42fa4f8b05ba335c343f0248c8e34,,,,,,,,,,,,,,,,,,,,,,,02_电能替代与清洁取暖/02_汇总拼接/电气化、电能替代txt文件_uni2.txt#chunk_39,step7b_iterB_rulefix,strict_all
PolicyDocument:4dac8070bab7fdf62958e23b15689a48aa5f7c73b4b06deab4d30f0ce35cda18,PolicyDocument,2024年7月5日 甘肃省发展和改革委员会关于优化调整工商业等用户峰谷分时电价政.txt,4dac8070bab7fdf62958e23b15689a48aa5f7c73b4b06deab4d30f0ce35cda18,,,,,,,,,,,,,,,,,,,,,,,01_电价政策/01_分时电价/2024年7月5日 甘肃省发展和改革委员会关于优化调整工商业等用户峰谷分时电价政.txt,step7b_iterB_rulefix,strict_all
PolicyDocument:500387f290ce2730e02ebddb6bdb2aa6dffc22df78c335ed7937fd7225fa2d31,PolicyDocument,2023年6月27日 贵州省发展和改革委员会关于完善峰谷分时电价机制有关事项的通.txt,500387f290ce2730e02ebddb6bdb2aa6dffc22df78c335ed7937fd7225fa2d31,,,,,,,,,,,,,,,,,,,,,,,01_电价政策/01_分时电价/2023年6月27日 贵州省发展和改革委员会关于完善峰谷分时电价机制有关事项的通.txt,step7b_iterB_rulefix,strict_all
PolicyDocument:509a0ad904c063d5cf05fca6cbf14e771fafd94288045c9c2d767dc19ec43ab5,PolicyDocument,2020年10月19日 内蒙古自治区发展和改革委员会关于进一步完善蒙西地区“煤改.txt,509a0ad904c063d5cf05fca6cbf14e771fafd94288045c9c2d767dc19ec43ab5,,,,,,,,,,,,,,,,,,,,,,,01_电价政策/03_综合与其他/2020年10月19日 内蒙古自治区发展和改革委员会关于进一步完善蒙西地区“煤改.txt,step7b_iterB_rulefix,strict_all
PolicyDocument:52fe3e07f845a1ce9cd3ca20036163fb421d5d61b4d23c2bf34016220be9cca4,PolicyDocument,电气化、电能替代txt文件_uni1.txt#chunk_2,52fe3e07f845a1ce9cd3ca20036163fb421d5d61b4d23c2bf34016220be9cca4,,,,,,,,,,,,,,,,,,,,,,,02_电能替代与清洁取暖/02_汇总拼接/电气化、电能替代txt文件_uni1.txt#chunk_2,step7b_iterB_rulefix,strict_all
PolicyDocument:53906009b26dbd6a03fc9e0d1e2e8803aaa2f8962a209fca8210d39a5e278d65,PolicyDocument,电气化、电能替代txt文件_uni2.txt#chunk_2,53906009b26dbd6a03fc9e0d1e2e8803aaa2f8962a209fca8210d39a5e278d65,,,,,,,,,,,,,,,,,,,,,,,02_电能替代与清洁取暖/02_汇总拼接/电气化、电能替代txt文件_uni2.txt#chunk_2,step7b_iterB_rulefix,strict_all
PolicyDocument:53fc822864624a590cef5b5fa21ff00698716adde9cef0962459c0216e2b8855,PolicyDocument,中共中央 国务院印发《长江三角洲区域一体化发展规划纲要》.txt,53fc822864624a590cef5b5fa21ff00698716adde9cef0962459c0216e2b8855,,,,,,,,,,,,,,,,,,,,,,,02_电能替代与清洁取暖/01_政策文本/中共中央 国务院印发《长江三角洲区域一体化发展规划纲要》.txt,step7b_iterB_rulefix,strict_all
PolicyDocument:55486d5eaf1202de357651355eea469df92d887e1b388dd7c1a3fcd9b75286cb,PolicyDocument,电气化、电能替代txt文件_uni4.txt#chunk_50,55486d5eaf1202de357651355eea469df92d887e1b388dd7c1a3fcd9b75286cb,,,,,,,,,,,,,,,,,,,,,,,02_电能替代与清洁取暖/02_汇总拼接/电气化、电能替代txt文件_uni4.txt#chunk_50,step7b_iterB_rulefix,strict_all
PolicyDocument:5640870dc60f351a9c21fe312b04405a5734c115cb295d24a606808ab81e6d0f,PolicyDocument,电气化、电能替代txt文件_uni2.txt#chunk_43,5640870dc60f351a9c21fe312b04405a5734c115cb295d24a606808ab81e6d0f,,,,,,,,,,,,,,,,,,,,,,,02_电能替代与清洁取暖/02_汇总拼接/电气化、电能替代txt文件_uni2.txt#chunk_43,step7b_iterB_rulefix,strict_all
PolicyDocument:56a73d05dcfd76555b7fe12d90d1696b709acf1556a8913f3314c3c6c644cfb5,PolicyDocument,电气化、电能替代txt文件_uni1.txt#chunk_26,56a73d05dcfd76555b7fe12d90d1696b709acf1556a8913f3314c3c6c644cfb5,,,,,,,,,,,,,,,,,,,,,,,02_电能替代与清洁取暖/02_汇总拼接/电气化、电能替代txt文件_uni1.txt#chunk_26,step7b_iterB_rulefix,strict_all
PolicyDocument:58335d90e96cc5b4211b57e5ba68639ec110997e34daf85e547cbcf39bcc1906,PolicyDocument,2024年4月9日 青海省发展和改革委员会关于优化完善我省峰谷分时电价政策的通知.txt,58335d90e96cc5b4211b57e5ba68639ec110997e34daf85e547cbcf39bcc1906,,,,,,,,,,,,,,,,,,,,,,,01_电价政策/01_分时电价/2024年4月9日 青海省发展和改革委员会关于优化完善我省峰谷分时电价政策的通知.txt,step7b_iterB_rulefix,strict_all
PolicyDocument:58ad7cd309406e184ce7e6d21004def570eec462e6489ea11bebbe2d7b469ea4,PolicyDocument,电气化、电能替代txt文件_uni0.txt#chunk_9,58ad7cd309406e184ce7e6d21004def570eec462e6489ea11bebbe2d7b469ea4,,,,,,,,,,,,,,,,,,,,,,,02_电能替代与清洁取暖/02_汇总拼接/电气化、电能替代txt文件_uni0.txt#chunk_9,step7b_iterB_rulefix,strict_all
PolicyDocument:59fb420eead4837faf2f90b58927c9c874cd61e9cfbcb91d127cfeeb50f5be76,PolicyDocument,电气化、电能替代txt文件_uni4.txt#chunk_18,59fb420eead4837faf2f90b58927c9c874cd61e9cfbcb91d127cfeeb50f5be76,,,,,,,,,,,,,,,,,,,,,,,02_电能替代与清洁取暖/02_汇总拼接/电气化、电能替代txt文件_uni4.txt#chunk_18,step7b_iterB_rulefix,strict_all
PolicyDocument:5cfa5c6db5cfbf0e99ded013a268ba977818e355f9159ace8db3f1eded786078,PolicyDocument,《关于清洁供暖有关价格政策的通知》.txt,5cfa5c6db5cfbf0e99ded013a268ba977818e355f9159ace8db3f1eded786078,,,,,,,,,,,,,,,,,,,,,,,02_电能替代与清洁取暖/01_政策文本/《关于清洁供暖有关价格政策的通知》.txt,step7b_iterB_rulefix,strict_all
PolicyDocument:5d686c4dd3c6d84c37fea441ad526309dc2a68388e69c63ef9a5af13cc2abc6b,PolicyDocument,电气化、电能替代txt文件_uni4.txt#chunk_60,5d686c4dd3c6d84c37fea441ad526309dc2a68388e69c63ef9a5af13cc2abc6b,,,,,,,,,,,,,,,,,,,,,,,02_电能替代与清洁取暖/02_汇总拼接/电气化、电能替代txt文件_uni4.txt#chunk_60,step7b_iterB_rulefix,strict_all
PolicyDocument:5d785886820a3ef835d86f0d4c5e3aedb76c51572c87d6f5228dd8e042fa93a4,PolicyDocument,《关于推进电能替代的指导意见》发改能源〔2016〕1054号.txt,5d785886820a3ef835d86f0d4c5e3aedb76c51572c87d6f5228dd8e042fa93a4,,,,,,,,,,,,,,,,,,,,,,,02_电能替代与清洁取暖/01_政策文本/《关于推进电能替代的指导意见》发改能源〔2016〕1054号.txt,step7b_iterB_rulefix,strict_all
PolicyDocument:609908d9bcfc33e3897206e5078e6cd00772ed380b661406f29cddfcd122f57d,PolicyDocument,2024年5月22日 江苏省发展改革委关于进一步完善分时电价政策有关事项的通知.txt,609908d9bcfc33e3897206e5078e6cd00772ed380b661406f29cddfcd122f57d,,,,,,,,,,,,,,,,,,,,,,,01_电价政策/01_分时电价/2024年5月22日 江苏省发展改革委关于进一步完善分时电价政策有关事项的通知.txt,step7b_iterB_rulefix,strict_all
PolicyDocument:60a8d6c66d757ef90db55edf809fb9816c710a1021f9df39aba80b9949b9a6f7,PolicyDocument,电气化、电能替代txt文件_uni2.txt#chunk_35,60a8d6c66d757ef90db55edf809fb9816c710a1021f9df39aba80b9949b9a6f7,,,,,,,,,,,,,,,,,,,,,,,02_电能替代与清洁取暖/02_汇总拼接/电气化、电能替代txt文件_uni2.txt#chunk_35,step7b_iterB_rulefix,strict_all
PolicyDocument:62f668d2db29a9b35b4e6b01f6064c10ad77ad238436d5b7314a37cbf4824821,PolicyDocument,电气化、电能替代txt文件_uni2.txt#chunk_1,62f668d2db29a9b35b4e6b01f6064c10ad77ad238436d5b7314a37cbf4824821,,,,,,,,,,,,,,,,,,,,,,,02_电能替代与清洁取暖/02_汇总拼接/电气化、电能替代txt文件_uni2.txt#chunk_1,step7b_iterB_rulefix,strict_all
PolicyDocument:632c503920a67e010e21ba8cc1bfddfd101d9f4a5981b038ab8e365c65c57b08,PolicyDocument,2019年7月10日 西藏自治区人民政府关于降低居民生活用电和工商业用电价格的通.txt,632c503920a67e010e21ba8cc1bfddfd101d9f4a5981b038ab8e365c65c57b08,,,,,,,,,,,,,,,,,,,,,,,01_电价政策/03_综合与其他/2019年7月10日 西藏自治区人民政府关于降低居民生活用电和工商业用电价格的通.txt,step7b_iterB_rulefix,strict_all
PolicyDocument:635192af8baf11262c4e886f015d6f452a5241a0a6d153db4c730e4108cbf7f3,PolicyDocument,电气化、电能替代txt文件_uni1.txt#chunk_0,635192af8baf11262c4e886f015d6f452a5241a0a6d153db4c730e4108cbf7f3,,,,,,,,,,,,,,,,,,,,,,,02_电能替代与清洁取暖/02_汇总拼接/电气化、电能替代txt文件_uni1.txt#chunk_0,step7b_iterB_rulefix,strict_all
PolicyDocument:643e29ea09bd03d627a82c72ebc4402207e81fb7b9a7b30dd3af1b538f662166,PolicyDocument,洋浦港鼓励靠泊船舶使用岸电扶持暂行办法.txt,643e29ea09bd03d627a82c72ebc4402207e81fb7b9a7b30dd3af1b538f662166,,,,,,,,,,,,,,,,,,,,,,,02_电能替代与清洁取暖/01_政策文本/洋浦港鼓励靠泊船舶使用岸电扶持暂行办法.txt,step7b_iterB_rulefix,strict_all
PolicyDocument:6618b31ad2d2553801e75f1d42256338782cda332eb141a7fea6466fee1dccfd,PolicyDocument,《关中地区铁腕治霾专项行动奖补办法》.txt,6618b31ad2d2553801e75f1d42256338782cda332eb141a7fea6466fee1dccfd,,,,,,,,,,,,,,,,,,,,,,,02_电能替代与清洁取暖/01_政策文本/《关中地区铁腕治霾专项行动奖补办法》.txt,step7b_iterB_rulefix,strict_all
PolicyDocument:67bb80e9af349ffd1cfa1abcf8a9a811c986f1fc171c93e1f60ce3232981e99c,PolicyDocument,《运城市2022-2023年煤改电煤改气运行补贴办法》.txt,67bb80e9af349ffd1cfa1abcf8a9a811c986f1fc171c93e1f60ce3232981e99c,,,,,,,,,,,,,,,,,,,,,,,02_电能替代与清洁取暖/01_政策文本/《运城市2022-2023年煤改电煤改气运行补贴办法》.txt,step7b_iterB_rulefix,strict_all
PolicyDocument:68cf8b47055553fd101877102c4de7301c148b4dfe2101a20a960809ffb02d3e,PolicyDocument,电气化、电能替代txt文件_uni2.txt#chunk_37,68cf8b47055553fd101877102c4de7301c148b4dfe2101a20a960809ffb02d3e,,,,,,,,,,,,,,,,,,,,,,,02_电能替代与清洁取暖/02_汇总拼接/电气化、电能替代txt文件_uni2.txt#chunk_37,step7b_iterB_rulefix,strict_all
PolicyDocument:693f3a55fe86330e400962dd0b43476d41023ad39e89f0254b4f9e2651efaca2,PolicyDocument,2021年6月21日 四川省发展和改革委员会关于调整四川电网居民生活用电阶梯电价.txt,693f3a55fe86330e400962dd0b43476d41023ad39e89f0254b4f9e2651efaca2,,,,,,,,,,,,,,,,,,,,,,,01_电价政策/02_阶梯与差别电价/2021年6月21日 四川省发展和改革委员会关于调整四川电网居民生活用电阶梯电价.txt,step7b_iterB_rulefix,strict_all
PolicyDocument:6970500b879273b0b83bb7a489716ace3a254448e313c9392b1c8d699aa8443a,PolicyDocument,电气化、电能替代txt文件_uni0.txt#chunk_7,6970500b879273b0b83bb7a489716ace3a254448e313c9392b1c8d699aa8443a,,,,,,,,,,,,,,,,,,,,,,,02_电能替代与清洁取暖/02_汇总拼接/电气化、电能替代txt文件_uni0.txt#chunk_7,step7b_iterB_rulefix,strict_all
PolicyDocument:6a7e111c32163a3064cb3a8b142ab699ba281a3113b7244d73979c6567c58c92,PolicyDocument,2024年3月4日 安徽省发展改革委安徽省能源局关于进一步优化峰谷分时电价政策等.txt,6a7e111c32163a3064cb3a8b142ab699ba281a3113b7244d73979c6567c58c92,,,,,,,,,,,,,,,,,,,,,,,01_电价政策/01_分时电价/2024年3月4日 安徽省发展改革委安徽省能源局关于进一步优化峰谷分时电价政策等.txt,step7b_iterB_rulefix,strict_all
PolicyDocument:6c3f38914bf7d624cb58e0b3fc02c0ffc21ee712e07549dd930cb57858df5ee7,PolicyDocument,电气化、电能替代txt文件_uni2.txt#chunk_23,6c3f38914bf7d624cb58e0b3fc02c0ffc21ee712e07549dd930cb57858df5ee7,,,,,,,,,,,,,,,,,,,,,,,02_电能替代与清洁取暖/02_汇总拼接/电气化、电能替代txt文件_uni2.txt#chunk_23,step7b_iterB_rulefix,strict_all
PolicyDocument:6ca5d9d44b93a3440cc8f24b4feda441563e6841021017b2c5db628a6976c9f5,PolicyDocument,电气化、电能替代txt文件_uni1.txt#chunk_28,6ca5d9d44b93a3440cc8f24b4feda441563e6841021017b2c5db628a6976c9f5,,,,,,,,,,,,,,,,,,,,,,,02_电能替代与清洁取暖/02_汇总拼接/电气化、电能替代txt文件_uni1.txt#chunk_28,step7b_iterB_rulefix,strict_all
PolicyDocument:6cb18e49eef7e01ce34c704b30e6ccb4c6e2697977a292460da68fe51b13ae6d,PolicyDocument,《夏县2023-2024年度冬季清洁取暖“煤改电”“煤改气”运行补贴实施办法》.txt,6cb18e49eef7e01ce34c704b30e6ccb4c6e2697977a292460da68fe51b13ae6d,,,,,,,,,,,,,,,,,,,,,,,02_电能替代与清洁取暖/01_政策文本/《夏县2023-2024年度冬季清洁取暖“煤改电”“煤改气”运行补贴实施办法》.txt,step7b_iterB_rulefix,strict_all
PolicyDocument:6ed6029ec536fdcb1c28233730ac3cff649d9109667a7f16206c20af41b9b4dc,PolicyDocument,2021年10月26号 关于蒙西电网试行分时电价政策有关事项的通知 关于蒙东电网.txt,6ed6029ec536fdcb1c28233730ac3cff649d9109667a7f16206c20af41b9b4dc,,,,,,,,,,,,,,,,,,,,,,,01_电价政策/01_分时电价/2021年10月26号 关于蒙西电网试行分时电价政策有关事项的通知 关于蒙东电网.txt,step7b_iterB_rulefix,strict_all
PolicyDocument:6f9e11a2d7c04d1e2e70825dcb404052e1219052d6c99430f5f25ebd988c1a72,PolicyDocument,2012年5月 湖北省物价局关于实施居民阶梯电价试行方案的通知.txt,6f9e11a2d7c04d1e2e70825dcb404052e1219052d6c99430f5f25ebd988c1a72,,,,,,,,,,,,,,,,,,,,,,,01_电价政策/02_阶梯与差别电价/2012年5月 湖北省物价局关于实施居民阶梯电价试行方案的通知.txt,step7b_iterB_rulefix,strict_all
PolicyDocument:75110d78adc122e8ba1872f733ac9249dc4c04b15561a0470a6fe757f54a20ab,PolicyDocument,2021年2月1日 江苏省发展改革委关于完善居民阶梯电价有关问题的通知.txt,75110d78adc122e8ba1872f733ac9249dc4c04b15561a0470a6fe757f54a20ab,,,,,,,,,,,,,,,,,,,,,,,01_电价政策/02_阶梯与差别电价/2021年2月1日 江苏省发展改革委关于完善居民阶梯电价有关问题的通知.txt,step7b_iterB_rulefix,strict_all
PolicyDocument:75833ff273a4d2d6f13f69723a049cea9e1c56a53db43bccd58d074ead1cd079,PolicyDocument,电气化、电能替代txt文件_uni0.txt#chunk_6,75833ff273a4d2d6f13f69723a049cea9e1c56a53db43bccd58d074ead1cd079,,,,,,,,,,,,,,,,,,,,,,,02_电能替代与清洁取暖/02_汇总拼接/电气化、电能替代txt文件_uni0.txt#chunk_6,step7b_iterB_rulefix,strict_all
PolicyDocument:7a29f52e1059b42ef81433d215f1c22c31c3949674d53979a4d2d151a5bb6cee,PolicyDocument,2022年11月7日 河南省发展改革委关于进一步完善分时电价机制有关事项的通知.txt,7a29f52e1059b42ef81433d215f1c22c31c3949674d53979a4d2d151a5bb6cee,,,,,,,,,,,,,,,,,,,,,,,01_电价政策/01_分时电价/2022年11月7日 河南省发展改革委关于进一步完善分时电价机制有关事项的通知.txt,step7b_iterB_rulefix,strict_all
PolicyDocument:7b751605b49132dd141591500721a0a0aeef9413b412efd887a6985a4ada323a,PolicyDocument,电气化、电能替代txt文件_uni1.txt#chunk_17,7b751605b49132dd141591500721a0a0aeef9413b412efd887a6985a4ada323a,,,,,,,,,,,,,,,,,,,,,,,02_电能替代与清洁取暖/02_汇总拼接/电气化、电能替代txt文件_uni1.txt#chunk_17,step7b_iterB_rulefix,strict_all
PolicyDocument:7e1dff3ee78977bc7e5f87b686fc7b8ccf4f78bd15144d2fd3f7c60c48ec3209,PolicyDocument,2024年7月5日 宁夏回族自治区发展改革委关于公开征求《关于完善工商业分时电价.txt,7e1dff3ee78977bc7e5f87b686fc7b8ccf4f78bd15144d2fd3f7c60c48ec3209,,,,,,,,,,,,,,,,,,,,,,,01_电价政策/01_分时电价/2024年7月5日 宁夏回族自治区发展改革委关于公开征求《关于完善工商业分时电价.txt,step7b_iterB_rulefix,strict_all
PolicyDocument:7ed0773389be1fab4cf4b39fd715e035135ac2f3585caf8e1b63b0017de0c7c9,PolicyDocument,2021年8月27日 国家发展改革委关于完善电解铝行业阶梯电价政策的通知.txt,7ed0773389be1fab4cf4b39fd715e035135ac2f3585caf8e1b63b0017de0c7c9,,,,,,,,,,,,,,,,,,,,,,,01_电价政策/02_阶梯与差别电价/2021年8月27日 国家发展改革委关于完善电解铝行业阶梯电价政策的通知.txt,step7b_iterB_rulefix,strict_all
PolicyDocument:7f64d12d77538daeb634de40f7634de40d034d5512fa29948f5af09d83039026,PolicyDocument,电气化、电能替代txt文件_uni1.txt#chunk_7,7f64d12d77538daeb634de40f7634de40d034d5512fa29948f5af09d83039026,,,,,,,,,,,,,,,,,,,,,,,02_电能替代与清洁取暖/02_汇总拼接/电气化、电能替代txt文件_uni1.txt#chunk_7,step7b_iterB_rulefix,strict_all
PolicyDocument:819c31e2886f7e8adcaade88373bb32f7768902a56246226666f0aeddd11bb1b,PolicyDocument,2022年4月2日 湖南省发展和改革委员会关于进一步明确趸售电价与分时电价有关事.txt,819c31e2886f7e8adcaade88373bb32f7768902a56246226666f0aeddd11bb1b,,,,,,,,,,,,,,,,,,,,,,,01_电价政策/01_分时电价/2022年4月2日 湖南省发展和改革委员会关于进一步明确趸售电价与分时电价有关事.txt,step7b_iterB_rulefix,strict_all
PolicyDocument:8293b970f4e2ac1c39653b3e5937d089fbcd1b69315da4d962c2e805f3a1ca2e,PolicyDocument,2012年6月20日 河南省发展和改革委员会关于河南省居民生活用电试行阶梯电价的.txt,8293b970f4e2ac1c39653b3e5937d089fbcd1b69315da4d962c2e805f3a1ca2e,,,,,,,,,,,,,,,,,,,,,,,01_电价政策/02_阶梯与差别电价/2012年6月20日 河南省发展和改革委员会关于河南省居民生活用电试行阶梯电价的.txt,step7b_iterB_rulefix,strict_all
PolicyDocument:83348a380b3b3d6a053a6b89707affb993adc6db4dd70aed9d2fc76779e202b5,PolicyDocument,《2024-2025年咸阳市采暖季清洁取暖运行.txt,83348a380b3b3d6a053a6b89707affb993adc6db4dd70aed9d2fc76779e202b5,,,,,,,,,,,,,,,,,,,,,,,02_电能替代与清洁取暖/01_政策文本/《2024-2025年咸阳市采暖季清洁取暖运行.txt,step7b_iterB_rulefix,strict_all
PolicyDocument:856652d4d7364977a05a7a183b892b5d146cb65bbc1a45dd030bcf53c76f25b3,PolicyDocument,2024年3月28日 陕西省物价局关于居民生活用电试行阶梯电价有关问题的通知.txt,856652d4d7364977a05a7a183b892b5d146cb65bbc1a45dd030bcf53c76f25b3,,,,,,,,,,,,,,,,,,,,,,,01_电价政策/02_阶梯与差别电价/2024年3月28日 陕西省物价局关于居民生活用电试行阶梯电价有关问题的通知.txt,step7b_iterB_rulefix,strict_all
PolicyDocument:85f4b58cc76ff64db857d8c4b587b2d911ae13a29f7c836d636ef07c2efd6e24,PolicyDocument,电气化、电能替代txt文件_uni1.txt#chunk_32,85f4b58cc76ff64db857d8c4b587b2d911ae13a29f7c836d636ef07c2efd6e24,,,,,,,,,,,,,,,,,,,,,,,02_电能替代与清洁取暖/02_汇总拼接/电气化、电能替代txt文件_uni1.txt#chunk_32,step7b_iterB_rulefix,strict_all
PolicyDocument:869f1167336d179cdaad4a6fe47e4b0f5ad79fa8075d3bd91d28203f0c8b3282,PolicyDocument,电气化、电能替代txt文件_uni1.txt#chunk_19,869f1167336d179cdaad4a6fe47e4b0f5ad79fa8075d3bd91d28203f0c8b3282,,,,,,,,,,,,,,,,,,,,,,,02_电能替代与清洁取暖/02_汇总拼接/电气化、电能替代txt文件_uni1.txt#chunk_19,step7b_iterB_rulefix,strict_all
PolicyDocument:872f329b829fabeae485580e6ea8ffc598cb678cf546ae789f8ed60a40bf8ae6,PolicyDocument,2012年06月29日 天津市7月1日起开始试行居民生活用电阶梯电价.txt,872f329b829fabeae485580e6ea8ffc598cb678cf546ae789f8ed60a40bf8ae6,,,,,,,,,,,,,,,,,,,,,,,01_电价政策/02_阶梯与差别电价/2012年06月29日 天津市7月1日起开始试行居民生活用电阶梯电价.txt,step7b_iterB_rulefix,strict_all
PolicyDocument:881491ec6e32e0e2abc98ea7df793609e0167cc5202791da22a326af5e787a2c,PolicyDocument,十五部门关于印发《“十四五”机器人产业发展规划》的通知.txt,881491ec6e32e0e2abc98ea7df793609e0167cc5202791da22a326af5e787a2c,,,,,,,,,,,,,,,,,,,,,,,02_电能替代与清洁取暖/01_政策文本/十五部门关于印发《“十四五”机器人产业发展规划》的通知.txt,step7b_iterB_rulefix,strict_all
PolicyDocument:88741f01ecfe3abf37bb1d0d44c17bad4304be617de9deefdeb893a60fd9290e,PolicyDocument,中共中央 国务院关于加快经济社会发展全面绿色转型的意见.txt,88741f01ecfe3abf37bb1d0d44c17bad4304be617de9deefdeb893a60fd9290e,,,,,,,,,,,,,,,,,,,,,,,02_电能替代与清洁取暖/01_政策文本/中共中央 国务院关于加快经济社会发展全面绿色转型的意见.txt,step7b_iterB_rulefix,strict_all
PolicyDocument:8892852e8071ae32c3725e87e81968070485fe999feb530a747dad8a040341e0,PolicyDocument,电气化、电能替代txt文件_uni0.txt#chunk_5,8892852e8071ae32c3725e87e81968070485fe999feb530a747dad8a040341e0,,,,,,,,,,,,,,,,,,,,,,,02_电能替代与清洁取暖/02_汇总拼接/电气化、电能替代txt文件_uni0.txt#chunk_5,step7b_iterB_rulefix,strict_all
PolicyDocument:8a38fc0ed229ca59f4e8c0338588ed972cd97c0a52ee067064d2d696dd9021bd,PolicyDocument,电气化、电能替代txt文件_uni4.txt#chunk_47,8a38fc0ed229ca59f4e8c0338588ed972cd97c0a52ee067064d2d696dd9021bd,,,,,,,,,,,,,,,,,,,,,,,02_电能替代与清洁取暖/02_汇总拼接/电气化、电能替代txt文件_uni4.txt#chunk_47,step7b_iterB_rulefix,strict_all
PolicyDocument:8b20b8b5d683f19fe69f3fa1ec0f3272c5e99b10590f82cf4e238232ec7ee7fa,PolicyDocument,2022年3月2日 山东省发展改革委关于完善居民分时电价政策的通知.txt,8b20b8b5d683f19fe69f3fa1ec0f3272c5e99b10590f82cf4e238232ec7ee7fa,,,,,,,,,,,,,,,,,,,,,,,01_电价政策/01_分时电价/2022年3月2日 山东省发展改革委关于完善居民分时电价政策的通知.txt,step7b_iterB_rulefix,strict_all
PolicyDocument:8cb1f5c7e00d4df09dab22618fbcfa02b68ae905acba728be35b24aade110dc9,PolicyDocument,电气化、电能替代txt文件_uni4.txt#chunk_22,8cb1f5c7e00d4df09dab22618fbcfa02b68ae905acba728be35b24aade110dc9,,,,,,,,,,,,,,,,,,,,,,,02_电能替代与清洁取暖/02_汇总拼接/电气化、电能替代txt文件_uni4.txt#chunk_22,step7b_iterB_rulefix,strict_all
PolicyDocument:8cbf9d571e472404e9b79d5a7ebb488d70af5040f4c4a6f056ba9491f738d6fb,PolicyDocument,电气化、电能替代txt文件_uni0.txt#chunk_1,8cbf9d571e472404e9b79d5a7ebb488d70af5040f4c4a6f056ba9491f738d6fb,,,,,,,,,,,,,,,,,,,,,,,02_电能替代与清洁取暖/02_汇总拼接/电气化、电能替代txt文件_uni0.txt#chunk_1,step7b_iterB_rulefix,strict_all
PolicyDocument:8e6fda04dc4cc2a5dabc23280052ecf857f10f0630620fa83d268a2bad0818f2,PolicyDocument,2023年8月30日 新疆维吾尔自治区发展改革委关于进一步完善分时电价有关事宜的.txt,8e6fda04dc4cc2a5dabc23280052ecf857f10f0630620fa83d268a2bad0818f2,,,,,,,,,,,,,,,,,,,,,,,01_电价政策/01_分时电价/2023年8月30日 新疆维吾尔自治区发展改革委关于进一步完善分时电价有关事宜的.txt,step7b_iterB_rulefix,strict_all
PolicyDocument:8e713f5036be608e8536659484a13e29de44d6d15aa0bd0098266d8d1e9e0242,PolicyDocument,《关于做好电能替代电价工作的通知》.txt,8e713f5036be608e8536659484a13e29de44d6d15aa0bd0098266d8d1e9e0242,,,,,,,,,,,,,,,,,,,,,,,02_电能替代与清洁取暖/01_政策文本/《关于做好电能替代电价工作的通知》.txt,step7b_iterB_rulefix,strict_all
PolicyDocument:8ef9c7da6345158c1bdde2870ce06ba13dba085fbeb6e9018927491cf218225c,PolicyDocument,2023年4月24日 四川省发展和改革委员会关于调整我省分时电价机制的通知.txt,8ef9c7da6345158c1bdde2870ce06ba13dba085fbeb6e9018927491cf218225c,,,,,,,,,,,,,,,,,,,,,,,01_电价政策/01_分时电价/2023年4月24日 四川省发展和改革委员会关于调整我省分时电价机制的通知.txt,step7b_iterB_rulefix,strict_all
PolicyDocument:8ff4be5e9f150c3bdbcf092c80c3c0b53be7375d0f00106ad6ada53c4e2294a5,PolicyDocument,电气化、电能替代txt文件_uni4.txt#chunk_53,8ff4be5e9f150c3bdbcf092c80c3c0b53be7375d0f00106ad6ada53c4e2294a5,,,,,,,,,,,,,,,,,,,,,,,02_电能替代与清洁取暖/02_汇总拼接/电气化、电能替代txt文件_uni4.txt#chunk_53,step7b_iterB_rulefix,strict_all
PolicyDocument:917e89c9d28f08e37543fdcddbf99ba7c272516ee6b3ca3536d685ecfe8c86f0,PolicyDocument,电气化、电能替代txt文件_uni0.txt#chunk_11,917e89c9d28f08e37543fdcddbf99ba7c272516ee6b3ca3536d685ecfe8c86f0,,,,,,,,,,,,,,,,,,,,,,,02_电能替代与清洁取暖/02_汇总拼接/电气化、电能替代txt文件_uni0.txt#chunk_11,step7b_iterB_rulefix,strict_all
PolicyDocument:92e84b72ef2f5a11bbc950bceb47099d119cfe6635c2b8757f6582b673168bf0,PolicyDocument,2021年12月24日 天津市发展改革委关于峰谷分时电价政策有关事项的通知.txt,92e84b72ef2f5a11bbc950bceb47099d119cfe6635c2b8757f6582b673168bf0,,,,,,,,,,,,,,,,,,,,,,,01_电价政策/01_分时电价/2021年12月24日 天津市发展改革委关于峰谷分时电价政策有关事项的通知.txt,step7b_iterB_rulefix,strict_all
PolicyDocument:94c590b102ade026538aeffdd33a1708509a35674bb3f467aed33c570fc34908,PolicyDocument,北京市农村地区清洁取暖设备更新工作指导意见.txt,94c590b102ade026538aeffdd33a1708509a35674bb3f467aed33c570fc34908,,,,,,,,,,,,,,,,,,,,,,,02_电能替代与清洁取暖/01_政策文本/北京市农村地区清洁取暖设备更新工作指导意见.txt,step7b_iterB_rulefix,strict_all
PolicyDocument:95f6ba6c18bedd1be1da79aa08a7d72056b883f00acb9c39d5361b880a4dd595,PolicyDocument,2012年6月15日 海南省物价局关于试行居民阶梯电价的通知.txt,95f6ba6c18bedd1be1da79aa08a7d72056b883f00acb9c39d5361b880a4dd595,,,,,,,,,,,,,,,,,,,,,,,01_电价政策/02_阶梯与差别电价/2012年6月15日 海南省物价局关于试行居民阶梯电价的通知.txt,step7b_iterB_rulefix,strict_all
PolicyDocument:9634a7cefdb8a7018741e8ef683bb7b815f1dbc1d60d42350574f3dd240e55b7,PolicyDocument,电气化、电能替代txt文件_uni2.txt#chunk_16,9634a7cefdb8a7018741e8ef683bb7b815f1dbc1d60d42350574f3dd240e55b7,,,,,,,,,,,,,,,,,,,,,,,02_电能替代与清洁取暖/02_汇总拼接/电气化、电能替代txt文件_uni2.txt#chunk_16,step7b_iterB_rulefix,strict_all
PolicyDocument:96b1a22b2ec5ddcc9e6133c59976da4937836c097e7e7f973b60ec9f8374b7a0,PolicyDocument,《港口岸电布局方案》.txt,96b1a22b2ec5ddcc9e6133c59976da4937836c097e7e7f973b60ec9f8374b7a0,,,,,,,,,,,,,,,,,,,,,,,02_电能替代与清洁取暖/01_政策文本/《港口岸电布局方案》.txt,step7b_iterB_rulefix,strict_all
PolicyDocument:9842b76e12450c90ad9c0680b04217082b8a8fafe2cef53d19367fc9dd8179c2,PolicyDocument,电气化、电能替代txt文件_uni4.txt#chunk_35,9842b76e12450c90ad9c0680b04217082b8a8fafe2cef53d19367fc9dd8179c2,,,,,,,,,,,,,,,,,,,,,,,02_电能替代与清洁取暖/02_汇总拼接/电气化、电能替代txt文件_uni4.txt#chunk_35,step7b_iterB_rulefix,strict_all
PolicyDocument:9977a1b4a371e69cc97e07c3dc35c2f6e10314b35aaf7e35995468d3930cbcea,PolicyDocument,2023年11月28日 福建省发展和改革委员会关于完善分时电价政策的通知.txt,9977a1b4a371e69cc97e07c3dc35c2f6e10314b35aaf7e35995468d3930cbcea,,,,,,,,,,,,,,,,,,,,,,,01_电价政策/01_分时电价/2023年11月28日 福建省发展和改革委员会关于完善分时电价政策的通知.txt,step7b_iterB_rulefix,strict_all
PolicyDocument:99bfb079cc9a0ac097ce291b686022d6fc947c4ca53f0ca785a04338057cf2cb,PolicyDocument,《滨州市2019年清洁取暖建设推进实施方案》.txt,99bfb079cc9a0ac097ce291b686022d6fc947c4ca53f0ca785a04338057cf2cb,,,,,,,,,,,,,,,,,,,,,,,02_电能替代与清洁取暖/01_政策文本/《滨州市2019年清洁取暖建设推进实施方案》.txt,step7b_iterB_rulefix,strict_all
PolicyDocument:99dce90179e84c5da237d3a228a84ba994f4c04a9a167533654c0cfcdc8d9686,PolicyDocument,《晋城市冬季清洁取暖“煤改电”工作实施方案》.txt,99dce90179e84c5da237d3a228a84ba994f4c04a9a167533654c0cfcdc8d9686,,,,,,,,,,,,,,,,,,,,,,,02_电能替代与清洁取暖/01_政策文本/《晋城市冬季清洁取暖“煤改电”工作实施方案》.txt,step7b_iterB_rulefix,strict_all
PolicyDocument:9b06cc894aac361e91193d1e2d076802b7d20c8895b79245d14a48f8ce5543ce,PolicyDocument,2023年8月21日 北京市发展和改革委员会关于进一步完善本市分时电价机制等有关.txt,9b06cc894aac361e91193d1e2d076802b7d20c8895b79245d14a48f8ce5543ce,,,,,,,,,,,,,,,,,,,,,,,01_电价政策/01_分时电价/2023年8月21日 北京市发展和改革委员会关于进一步完善本市分时电价机制等有关.txt,step7b_iterB_rulefix,strict_all
PolicyDocument:9b573a30294f2b87e5bc8a1733dc8154869687fb42b7fbcbc23dc1cf3c74f11b,PolicyDocument,电气化、电能替代txt文件_uni4.txt#chunk_44,9b573a30294f2b87e5bc8a1733dc8154869687fb42b7fbcbc23dc1cf3c74f11b,,,,,,,,,,,,,,,,,,,,,,,02_电能替代与清洁取暖/02_汇总拼接/电气化、电能替代txt文件_uni4.txt#chunk_44,step7b_iterB_rulefix,strict_all
PolicyDocument:9b9dc731d84971b347984a61cebe82dfa99c5011c92f8e92ff5e8eae8821ced0,PolicyDocument,2024年1月25日 浙江省发展和改革委员会关于调整工商业峰谷分时电价政策有关事.txt,9b9dc731d84971b347984a61cebe82dfa99c5011c92f8e92ff5e8eae8821ced0,,,,,,,,,,,,,,,,,,,,,,,01_电价政策/01_分时电价/2024年1月25日 浙江省发展和改革委员会关于调整工商业峰谷分时电价政策有关事.txt,step7b_iterB_rulefix,strict_all
PolicyDocument:9c3afee7cca39cb92c7272cf554cc02fdb162ec89bc92c98f6324cf2bb423c92,PolicyDocument,2021年4月29日 广东省发展改革委关于居民阶梯电价“一户多人口”政策有关事项.txt,9c3afee7cca39cb92c7272cf554cc02fdb162ec89bc92c98f6324cf2bb423c92,,,,,,,,,,,,,,,,,,,,,,,01_电价政策/02_阶梯与差别电价/2021年4月29日 广东省发展改革委关于居民阶梯电价“一户多人口”政策有关事项.txt,step7b_iterB_rulefix,strict_all
PolicyDocument:9f3a13c9638cc5c7deb8ecad47f6052f7b19aa02e4514ce8b2b5376c00e60c86,PolicyDocument,2019年7月9日 山东省发展和改革委员会关于居民阶梯电价制度有关事项的通知.txt,9f3a13c9638cc5c7deb8ecad47f6052f7b19aa02e4514ce8b2b5376c00e60c86,,,,,,,,,,,,,,,,,,,,,,,01_电价政策/02_阶梯与差别电价/2019年7月9日 山东省发展和改革委员会关于居民阶梯电价制度有关事项的通知.txt,step7b_iterB_rulefix,strict_all
PolicyDocument:a4146178085d1b27e6b2be802686e7ddffe59ded7cc7590d7c70417aa2b345ae,PolicyDocument,电气化、电能替代txt文件_uni0.txt#chunk_15,a4146178085d1b27e6b2be802686e7ddffe59ded7cc7590d7c70417aa2b345ae,,,,,,,,,,,,,,,,,,,,,,,02_电能替代与清洁取暖/02_汇总拼接/电气化、电能替代txt文件_uni0.txt#chunk_15,step7b_iterB_rulefix,strict_all
PolicyDocument:a49f7415cfe87b2c990d945f2320013ad4be0c26bbe7e6ecee3d7c9c163e2aba,PolicyDocument,电气化、电能替代txt文件_uni1.txt#chunk_43,a49f7415cfe87b2c990d945f2320013ad4be0c26bbe7e6ecee3d7c9c163e2aba,,,,,,,,,,,,,,,,,,,,,,,02_电能替代与清洁取暖/02_汇总拼接/电气化、电能替代txt文件_uni1.txt#chunk_43,step7b_iterB_rulefix,strict_all
PolicyDocument:a63aaa1b99aae78cd58b5beb8c271e538c4b10b43ff4aff7312d6e081dd79eed,PolicyDocument,《怀柔区2022年农村地区“减煤换煤”工程实方案》.txt,a63aaa1b99aae78cd58b5beb8c271e538c4b10b43ff4aff7312d6e081dd79eed,,,,,,,,,,,,,,,,,,,,,,,02_电能替代与清洁取暖/01_政策文本/《怀柔区2022年农村地区“减煤换煤”工程实方案》.txt,step7b_iterB_rulefix,strict_all
PolicyDocument:a69f4fada444fbf3a5477b252309fb00555c6f7cb1797785c73b753cdaf02622,PolicyDocument,电气化、电能替代txt文件_uni4.txt#chunk_48,a69f4fada444fbf3a5477b252309fb00555c6f7cb1797785c73b753cdaf02622,,,,,,,,,,,,,,,,,,,,,,,02_电能替代与清洁取暖/02_汇总拼接/电气化、电能替代txt文件_uni4.txt#chunk_48,step7b_iterB_rulefix,strict_all
PolicyDocument:a735ca67be12d3b0a942b516c34fc3488730bd0b1628ccf60e57a2451aa63180,PolicyDocument,电气化、电能替代txt文件_uni4.txt#chunk_54,a735ca67be12d3b0a942b516c34fc3488730bd0b1628ccf60e57a2451aa63180,,,,,,,,,,,,,,,,,,,,,,,02_电能替代与清洁取暖/02_汇总拼接/电气化、电能替代txt文件_uni4.txt#chunk_54,step7b_iterB_rulefix,strict_all
PolicyDocument:a7f3f83cc719dbd58fa3cba1078d11a8511ace91597d326e11375e817e2d73f6,PolicyDocument,2016年10月11日 广西壮族自治区物价局关于调整居民生活用电阶梯电价政策有关.txt,a7f3f83cc719dbd58fa3cba1078d11a8511ace91597d326e11375e817e2d73f6,,,,,,,,,,,,,,,,,,,,,,,01_电价政策/02_阶梯与差别电价/2016年10月11日 广西壮族自治区物价局关于调整居民生活用电阶梯电价政策有关.txt,step7b_iterB_rulefix,strict_all
PolicyDocument:a841fd40884f65693f42fff950340f5c6e1dbdd734f6cb20bc5e15c9bbf474ec,PolicyDocument,《关于示范推进国际航线集装箱船舶和邮轮靠港使用岸电.txt,a841fd40884f65693f42fff950340f5c6e1dbdd734f6cb20bc5e15c9bbf474ec,,,,,,,,,,,,,,,,,,,,,,,02_电能替代与清洁取暖/01_政策文本/《关于示范推进国际航线集装箱船舶和邮轮靠港使用岸电.txt,step7b_iterB_rulefix,strict_all
PolicyDocument:a90ad1a3b708e8808bab56f3ff9155d788b100ae8fd28a759d636304a9fb6b03,PolicyDocument,2023年5月13日 重庆市发展和改革委员会关于建立居民分时电价机制的通知.txt,a90ad1a3b708e8808bab56f3ff9155d788b100ae8fd28a759d636304a9fb6b03,,,,,,,,,,,,,,,,,,,,,,,01_电价政策/01_分时电价/2023年5月13日 重庆市发展和改革委员会关于建立居民分时电价机制的通知.txt,step7b_iterB_rulefix,strict_all
PolicyDocument:ad67c3fdaa5a26925e5e3474443bab3a8b1737e94937ccbe115cabd74e2fc9a0,PolicyDocument,2012年6月15日 北京市发展和改革委员会关于北京市居民生活用电试行阶梯电价的.txt,ad67c3fdaa5a26925e5e3474443bab3a8b1737e94937ccbe115cabd74e2fc9a0,,,,,,,,,,,,,,,,,,,,,,,01_电价政策/02_阶梯与差别电价/2012年6月15日 北京市发展和改革委员会关于北京市居民生活用电试行阶梯电价的.txt,step7b_iterB_rulefix,strict_all
PolicyDocument:ad8d0971d97051367bf7e78a6885dd89b83772d35f94aaff8c56c77398caa167,PolicyDocument,电气化、电能替代txt文件_uni4.txt#chunk_38,ad8d0971d97051367bf7e78a6885dd89b83772d35f94aaff8c56c77398caa167,,,,,,,,,,,,,,,,,,,,,,,02_电能替代与清洁取暖/02_汇总拼接/电气化、电能替代txt文件_uni4.txt#chunk_38,step7b_iterB_rulefix,strict_all
PolicyDocument:b226c20a65783d1f8db7b2363b213e14f1e34d6b8e5e8bdb96566bb70d6c687a,PolicyDocument,电气化、电能替代txt文件_uni1.txt#chunk_36,b226c20a65783d1f8db7b2363b213e14f1e34d6b8e5e8bdb96566bb70d6c687a,,,,,,,,,,,,,,,,,,,,,,,02_电能替代与清洁取暖/02_汇总拼接/电气化、电能替代txt文件_uni1.txt#chunk_36,step7b_iterB_rulefix,strict_all
PolicyDocument:b271f30c7c5bbb7895cc6deb831772df2106e756fd6d2f0fa32695d59dba3cda,PolicyDocument,国务院办公厅关于印发新能源汽车产业发展规划（2021—2035年）的通知.txt,b271f30c7c5bbb7895cc6deb831772df2106e756fd6d2f0fa32695d59dba3cda,,,,,,,,,,,,,,,,,,,,,,,02_电能替代与清洁取暖/01_政策文本/国务院办公厅关于印发新能源汽车产业发展规划（2021—2035年）的通知.txt,step7b_iterB_rulefix,strict_all
PolicyDocument:b5738e1db12f50b7e6a3416bacdba11f06c5373d2cb3d80d31a90bdf09b3ddb1,PolicyDocument,2024年3月27日 湖北省发展改革委关于完善工商业分时电价机制有关事项的通知.txt,b5738e1db12f50b7e6a3416bacdba11f06c5373d2cb3d80d31a90bdf09b3ddb1,,,,,,,,,,,,,,,,,,,,,,,01_电价政策/01_分时电价/2024年3月27日 湖北省发展改革委关于完善工商业分时电价机制有关事项的通知.txt,step7b_iterB_rulefix,strict_all
PolicyDocument:b6ac32394452c6d0ae0c24d7fb0f3da37e1c69cccd0cb1261cfbe06d98960bfe,PolicyDocument,电气化、电能替代txt文件_uni1.txt#chunk_3,b6ac32394452c6d0ae0c24d7fb0f3da37e1c69cccd0cb1261cfbe06d98960bfe,,,,,,,,,,,,,,,,,,,,,,,02_电能替代与清洁取暖/02_汇总拼接/电气化、电能替代txt文件_uni1.txt#chunk_3,step7b_iterB_rulefix,strict_all
PolicyDocument:b7970415004e18258dafe12d1a8aab2812448cb5c877684915b31d587b891911,PolicyDocument,2013年6月17日 青海省发展和改革委员会关于试行居民阶梯电价的通知.txt,b7970415004e18258dafe12d1a8aab2812448cb5c877684915b31d587b891911,,,,,,,,,,,,,,,,,,,,,,,01_电价政策/02_阶梯与差别电价/2013年6月17日 青海省发展和改革委员会关于试行居民阶梯电价的通知.txt,step7b_iterB_rulefix,strict_all
PolicyDocument:bafa420f1d8370c5c99454d226f26a0e88bc2bbe6c9dd1cfdde722b231931173,PolicyDocument,电气化、电能替代txt文件_uni4.txt#chunk_62,bafa420f1d8370c5c99454d226f26a0e88bc2bbe6c9dd1cfdde722b231931173,,,,,,,,,,,,,,,,,,,,,,,02_电能替代与清洁取暖/02_汇总拼接/电气化、电能替代txt文件_uni4.txt#chunk_62,step7b_iterB_rulefix,strict_all
PolicyDocument:bd51cc43b481bc63bc7d269674f0a2f4518f280c59a782356bbaab35e7c9725c,PolicyDocument,2021年10月12日 新疆维吾尔自治区发展和改革委员会关于完善我区电解铝行业阶.txt,bd51cc43b481bc63bc7d269674f0a2f4518f280c59a782356bbaab35e7c9725c,,,,,,,,,,,,,,,,,,,,,,,01_电价政策/02_阶梯与差别电价/2021年10月12日 新疆维吾尔自治区发展和改革委员会关于完善我区电解铝行业阶.txt,step7b_iterB_rulefix,strict_all
PolicyDocument:bd6202baffd47fe0052d9accf098e87cdadac6623a4be7112867c5541bb55aeb,PolicyDocument,电气化、电能替代txt文件_uni4.txt#chunk_28,bd6202baffd47fe0052d9accf098e87cdadac6623a4be7112867c5541bb55aeb,,,,,,,,,,,,,,,,,,,,,,,02_电能替代与清洁取暖/02_汇总拼接/电气化、电能替代txt文件_uni4.txt#chunk_28,step7b_iterB_rulefix,strict_all
PolicyDocument:bd73b5413d3142d68aeb1a0da4a43352c8e1b26d5db0852155778c681c7a2aa4,PolicyDocument,关于进一步推进电能替代的指导意见.txt,bd73b5413d3142d68aeb1a0da4a43352c8e1b26d5db0852155778c681c7a2aa4,,,,,,,,,,,,,,,,,,,,,,,02_电能替代与清洁取暖/01_政策文本/关于进一步推进电能替代的指导意见.txt,step7b_iterB_rulefix,strict_all
PolicyDocument:bd9a5debe3e285290408196ff9a61cc7d1acd325eab100746bcd7562b196b7dd,PolicyDocument,电气化、电能替代txt文件_uni4.txt#chunk_1,bd9a5debe3e285290408196ff9a61cc7d1acd325eab100746bcd7562b196b7dd,,,,,,,,,,,,,,,,,,,,,,,02_电能替代与清洁取暖/02_汇总拼接/电气化、电能替代txt文件_uni4.txt#chunk_1,step7b_iterB_rulefix,strict_all
PolicyDocument:be6ae43a80945b2c12f24215ce25f2251d1063d21021b1879c021d8cbdc168d0,PolicyDocument,电气化、电能替代txt文件_uni4.txt#chunk_16,be6ae43a80945b2c12f24215ce25f2251d1063d21021b1879c021d8cbdc168d0,,,,,,,,,,,,,,,,,,,,,,,02_电能替代与清洁取暖/02_汇总拼接/电气化、电能替代txt文件_uni4.txt#chunk_16,step7b_iterB_rulefix,strict_all
PolicyDocument:c2a4e02e4cd2e0f22c6b14e2826b94e5c6662dcc9e7b29844165f14d4e30aceb,PolicyDocument,《关于推进电能替代的指导意见》.txt,c2a4e02e4cd2e0f22c6b14e2826b94e5c6662dcc9e7b29844165f14d4e30aceb,,,,,,,,,,,,,,,,,,,,,,,02_电能替代与清洁取暖/01_政策文本/《关于推进电能替代的指导意见》.txt,step7b_iterB_rulefix,strict_all
PolicyDocument:c2ce66de36909532e26911cf9b98d757038c277f798c2df1d78f1637f74e4b2a,PolicyDocument,电气化、电能替代txt文件_uni4.txt#chunk_2,c2ce66de36909532e26911cf9b98d757038c277f798c2df1d78f1637f74e4b2a,,,,,,,,,,,,,,,,,,,,,,,02_电能替代与清洁取暖/02_汇总拼接/电气化、电能替代txt文件_uni4.txt#chunk_2,step7b_iterB_rulefix,strict_all
PolicyDocument:c32ed07b1f8848d45dcf196616c7064ebdf5a10f0ce328b277c662ee5197f29b,PolicyDocument,关于加力支持大规模设备更新和消费品以旧换新的若干措施.txt,c32ed07b1f8848d45dcf196616c7064ebdf5a10f0ce328b277c662ee5197f29b,,,,,,,,,,,,,,,,,,,,,,,02_电能替代与清洁取暖/01_政策文本/关于加力支持大规模设备更新和消费品以旧换新的若干措施.txt,step7b_iterB_rulefix,strict_all
PolicyDocument:c6c4d1cca7577b75493e8eccc57343e9ea85d61bd6551b6ac6674cdb45eba353,PolicyDocument,电气化、电能替代txt文件_uni2.txt#chunk_36,c6c4d1cca7577b75493e8eccc57343e9ea85d61bd6551b6ac6674cdb45eba353,,,,,,,,,,,,,,,,,,,,,,,02_电能替代与清洁取暖/02_汇总拼接/电气化、电能替代txt文件_uni2.txt#chunk_36,step7b_iterB_rulefix,strict_all
PolicyDocument:c80f2dd9f8ab9ede518f687340532ea6c112fcb9853f34f7e4222b63d0b21ed5,PolicyDocument,关于印发河津市2024年冬季清洁取暖工作实施方案的通知.txt,c80f2dd9f8ab9ede518f687340532ea6c112fcb9853f34f7e4222b63d0b21ed5,,,,,,,,,,,,,,,,,,,,,,,02_电能替代与清洁取暖/01_政策文本/关于印发河津市2024年冬季清洁取暖工作实施方案的通知.txt,step7b_iterB_rulefix,strict_all
PolicyDocument:c87c6c303d4ebe0bce627bed2792bac1dd9e89ad192d23b7144aa9570705b240,PolicyDocument,电气化、电能替代txt文件_uni0.txt#chunk_0,c87c6c303d4ebe0bce627bed2792bac1dd9e89ad192d23b7144aa9570705b240,,,,,,,,,,,,,,,,,,,,,,,02_电能替代与清洁取暖/02_汇总拼接/电气化、电能替代txt文件_uni0.txt#chunk_0,step7b_iterB_rulefix,strict_all
PolicyDocument:ca0ecafa5d9b0881a307250ed1dfb3f239da064ec327235d5f6bf4b0afde27d8,PolicyDocument,电气化、电能替代txt文件_uni4.txt#chunk_19,ca0ecafa5d9b0881a307250ed1dfb3f239da064ec327235d5f6bf4b0afde27d8,,,,,,,,,,,,,,,,,,,,,,,02_电能替代与清洁取暖/02_汇总拼接/电气化、电能替代txt文件_uni4.txt#chunk_19,step7b_iterB_rulefix,strict_all
PolicyDocument:caba957d68aa6af5d167e94c352c8d9f5f96b825d40f347b6718b9d13c8253b4,PolicyDocument,《关于印发河津市2024年冬季清洁取暖工作实施方案》.txt,caba957d68aa6af5d167e94c352c8d9f5f96b825d40f347b6718b9d13c8253b4,,,,,,,,,,,,,,,,,,,,,,,02_电能替代与清洁取暖/01_政策文本/《关于印发河津市2024年冬季清洁取暖工作实施方案》.txt,step7b_iterB_rulefix,strict_all
PolicyDocument:cabe05c4dbda50ec49c95f7660116adc6893472b4c0d161d06711a5647f6c00f,PolicyDocument,电气化、电能替代txt文件_uni4.txt#chunk_29,cabe05c4dbda50ec49c95f7660116adc6893472b4c0d161d06711a5647f6c00f,,,,,,,,,,,,,,,,,,,,,,,02_电能替代与清洁取暖/02_汇总拼接/电气化、电能替代txt文件_uni4.txt#chunk_29,step7b_iterB_rulefix,strict_all
PolicyDocument:cad55946076888ab390523abaa4dc15b06bee710324ecad19516c32d9ece078d,PolicyDocument,电气化、电能替代txt文件_uni4.txt#chunk_58,cad55946076888ab390523abaa4dc15b06bee710324ecad19516c32d9ece078d,,,,,,,,,,,,,,,,,,,,,,,02_电能替代与清洁取暖/02_汇总拼接/电气化、电能替代txt文件_uni4.txt#chunk_58,step7b_iterB_rulefix,strict_all
PolicyDocument:caf6cea05c2383ef47c5578fbf1392dfbf0ec0b4fbdc53de67e6f1d3bd2062fc,PolicyDocument,2023年7月31日 广西壮族自治区发展和改革委员会关于优化峰谷分时电价机制的通.txt,caf6cea05c2383ef47c5578fbf1392dfbf0ec0b4fbdc53de67e6f1d3bd2062fc,,,,,,,,,,,,,,,,,,,,,,,01_电价政策/01_分时电价/2023年7月31日 广西壮族自治区发展和改革委员会关于优化峰谷分时电价机制的通.txt,step7b_iterB_rulefix,strict_all
PolicyDocument:cb0c5b8b05cfdf3cf5e27c0081d86b7f45c5f12b09a9fa3f2da332bc102a849b,PolicyDocument,2021年11月4日 湖南省发展改革委关于进一步完善分时电价政策及有关事项的通知.txt,cb0c5b8b05cfdf3cf5e27c0081d86b7f45c5f12b09a9fa3f2da332bc102a849b,,,,,,,,,,,,,,,,,,,,,,,01_电价政策/01_分时电价/2021年11月4日 湖南省发展改革委关于进一步完善分时电价政策及有关事项的通知.txt,step7b_iterB_rulefix,strict_all
PolicyDocument:cc7addf8ff4efe3409afac8915cc6b8df3283617d08af2da6658e58933736301,PolicyDocument,2022年12月16日 上海市发展和改革委员会关于进一步完善我市分时电价机制有关.txt,cc7addf8ff4efe3409afac8915cc6b8df3283617d08af2da6658e58933736301,,,,,,,,,,,,,,,,,,,,,,,01_电价政策/01_分时电价/2022年12月16日 上海市发展和改革委员会关于进一步完善我市分时电价机制有关.txt,step7b_iterB_rulefix,strict_all
PolicyDocument:cd86e3487ec66701c2d41c1399f9a453338981c169b847ab9321c78351d62988,PolicyDocument,电气化、电能替代txt文件_uni4.txt#chunk_61,cd86e3487ec66701c2d41c1399f9a453338981c169b847ab9321c78351d62988,,,,,,,,,,,,,,,,,,,,,,,02_电能替代与清洁取暖/02_汇总拼接/电气化、电能替代txt文件_uni4.txt#chunk_61,step7b_iterB_rulefix,strict_all
PolicyDocument:cfc5659b83ee4ad1d1f2661e5333bd1e0c3dd1876428b74b183b3a6d310c4184,PolicyDocument,电气化、电能替代txt文件_uni0.txt#chunk_10,cfc5659b83ee4ad1d1f2661e5333bd1e0c3dd1876428b74b183b3a6d310c4184,,,,,,,,,,,,,,,,,,,,,,,02_电能替代与清洁取暖/02_汇总拼接/电气化、电能替代txt文件_uni0.txt#chunk_10,step7b_iterB_rulefix,strict_all
PolicyDocument:d093bca3315576388f93648eb80178c1d6231b42de0de86db5ead37b5950bf2c,PolicyDocument,农业农村部关于印发《“十四五”全国农业机械化发展规划》的通知.txt,d093bca3315576388f93648eb80178c1d6231b42de0de86db5ead37b5950bf2c,,,,,,,,,,,,,,,,,,,,,,,02_电能替代与清洁取暖/01_政策文本/农业农村部关于印发《“十四五”全国农业机械化发展规划》的通知.txt,step7b_iterB_rulefix,strict_all
PolicyDocument:d0cdb19b560ca93006d779834949849795e0396fb7413f30bdd55605d6469d7c,PolicyDocument,2022年11月29日 山东省发展改革委关于工商业分时电价政策有关事项的通知.txt,d0cdb19b560ca93006d779834949849795e0396fb7413f30bdd55605d6469d7c,,,,,,,,,,,,,,,,,,,,,,,01_电价政策/01_分时电价/2022年11月29日 山东省发展改革委关于工商业分时电价政策有关事项的通知.txt,step7b_iterB_rulefix,strict_all
PolicyDocument:d171f5c9ffcc84e6c44576635c6bf0c74d7a441eb935c00257be34cfe5ace627,PolicyDocument,2012年6月19日 辽宁省物价局关于我省居民生活用电试行阶梯电价的通知.txt,d171f5c9ffcc84e6c44576635c6bf0c74d7a441eb935c00257be34cfe5ace627,,,,,,,,,,,,,,,,,,,,,,,01_电价政策/02_阶梯与差别电价/2012年6月19日 辽宁省物价局关于我省居民生活用电试行阶梯电价的通知.txt,step7b_iterB_rulefix,strict_all
PolicyDocument:d30af01520d50ba7d996b79b99121ed0cc0e9b34bb66761144c9c1d2f0cd1ba5,PolicyDocument,电气化、电能替代txt文件_uni4.txt#chunk_49,d30af01520d50ba7d996b79b99121ed0cc0e9b34bb66761144c9c1d2f0cd1ba5,,,,,,,,,,,,,,,,,,,,,,,02_电能替代与清洁取暖/02_汇总拼接/电气化、电能替代txt文件_uni4.txt#chunk_49,step7b_iterB_rulefix,strict_all
PolicyDocument:d31910273230458d2a8e0c7c623aa0f1c45d59d48f0dc7cad99ecb0902267b5d,PolicyDocument,电气化、电能替代txt文件_uni4.txt#chunk_4,d31910273230458d2a8e0c7c623aa0f1c45d59d48f0dc7cad99ecb0902267b5d,,,,,,,,,,,,,,,,,,,,,,,02_电能替代与清洁取暖/02_汇总拼接/电气化、电能替代txt文件_uni4.txt#chunk_4,step7b_iterB_rulefix,strict_all
PolicyDocument:d479f59c3df77e187d3a3a8a4877de755cc807cec98902c65e1b4523c97334f6,PolicyDocument,电气化、电能替代txt文件_uni1.txt#chunk_4,d479f59c3df77e187d3a3a8a4877de755cc807cec98902c65e1b4523c97334f6,,,,,,,,,,,,,,,,,,,,,,,02_电能替代与清洁取暖/02_汇总拼接/电气化、电能替代txt文件_uni1.txt#chunk_4,step7b_iterB_rulefix,strict_all
PolicyDocument:d6295fc6d120b2f270803869f63327efa8f7e3ea98515eb80da25abd977ff9f6,PolicyDocument,《中共中央国务院关于全面加强生态环境保护坚决打好污染防治攻坚战的意见》.txt,d6295fc6d120b2f270803869f63327efa8f7e3ea98515eb80da25abd977ff9f6,,,,,,,,,,,,,,,,,,,,,,,02_电能替代与清洁取暖/01_政策文本/《中共中央国务院关于全面加强生态环境保护坚决打好污染防治攻坚战的意见》.txt,step7b_iterB_rulefix,strict_all
PolicyDocument:da7b3160147d215da16cee83e83aa784e946b48928803c205dd5df56a2ec3cb9,PolicyDocument,2023年12月27日 安徽省发展改革委关于居民阶梯电价“一户多人口”政策有关事.txt,da7b3160147d215da16cee83e83aa784e946b48928803c205dd5df56a2ec3cb9,,,,,,,,,,,,,,,,,,,,,,,01_电价政策/02_阶梯与差别电价/2023年12月27日 安徽省发展改革委关于居民阶梯电价“一户多人口”政策有关事.txt,step7b_iterB_rulefix,strict_all
PolicyDocument:dc812e8b13d03ff73b79b4b814a56ec987458e2b4ac3147020283904460efdc9,PolicyDocument,2023年8月25日 辽宁省发展改革委关于进一步完善分时电价机制有关事项的通知.txt,dc812e8b13d03ff73b79b4b814a56ec987458e2b4ac3147020283904460efdc9,,,,,,,,,,,,,,,,,,,,,,,01_电价政策/01_分时电价/2023年8月25日 辽宁省发展改革委关于进一步完善分时电价机制有关事项的通知.txt,step7b_iterB_rulefix,strict_all
PolicyDocument:dd0f960822e56c43dbb9f31ec64d69bfab76f460ee217767f10f8c8aa1b4af54,PolicyDocument,国家发展改革委等部门关于加强新能源汽车与电网融合互动的实施意见.txt,dd0f960822e56c43dbb9f31ec64d69bfab76f460ee217767f10f8c8aa1b4af54,,,,,,,,,,,,,,,,,,,,,,,02_电能替代与清洁取暖/01_政策文本/国家发展改革委等部门关于加强新能源汽车与电网融合互动的实施意见.txt,step7b_iterB_rulefix,strict_all
PolicyDocument:dd9a9eb2e30794eb0e1e14b97aa3b8c9f5e1a04a0f9314704d4ad57223432c5c,PolicyDocument,2024年11月18日 云南省发展和改革委员会关于优化调整分时电价政策有关事项的.txt,dd9a9eb2e30794eb0e1e14b97aa3b8c9f5e1a04a0f9314704d4ad57223432c5c,,,,,,,,,,,,,,,,,,,,,,,01_电价政策/01_分时电价/2024年11月18日 云南省发展和改革委员会关于优化调整分时电价政策有关事项的.txt,step7b_iterB_rulefix,strict_all
PolicyDocument:de663a93ae7bdc24d54bbc18256efeab5ba380f03f236f51c5eb3890d640d222,PolicyDocument,中共中央办公厅 国务院办公厅关于加强耕地保护提升耕地质量完善占补平衡的意见.txt,de663a93ae7bdc24d54bbc18256efeab5ba380f03f236f51c5eb3890d640d222,,,,,,,,,,,,,,,,,,,,,,,02_电能替代与清洁取暖/01_政策文本/中共中央办公厅 国务院办公厅关于加强耕地保护提升耕地质量完善占补平衡的意见.txt,step7b_iterB_rulefix,strict_all
PolicyDocument:e15bd62111869ef28d319c4782660d56e7d6f9284bf4198ae86a54d79d2940fe,PolicyDocument,电气化、电能替代txt文件_uni4.txt#chunk_21,e15bd62111869ef28d319c4782660d56e7d6f9284bf4198ae86a54d79d2940fe,,,,,,,,,,,,,,,,,,,,,,,02_电能替代与清洁取暖/02_汇总拼接/电气化、电能替代txt文件_uni4.txt#chunk_21,step7b_iterB_rulefix,strict_all
PolicyDocument:e4a700feee24e579d89760a2bb47ebf2eefa038152e667ec8a9da9f29b65dbe0,PolicyDocument,电气化、电能替代txt文件_uni1.txt#chunk_23,e4a700feee24e579d89760a2bb47ebf2eefa038152e667ec8a9da9f29b65dbe0,,,,,,,,,,,,,,,,,,,,,,,02_电能替代与清洁取暖/02_汇总拼接/电气化、电能替代txt文件_uni1.txt#chunk_23,step7b_iterB_rulefix,strict_all
PolicyDocument:e5086c754f7ebfd84a885046912ad75054fcb20a8134c99886138a57a5d80ab7,PolicyDocument,电气化、电能替代txt文件_uni1.txt#chunk_20,e5086c754f7ebfd84a885046912ad75054fcb20a8134c99886138a57a5d80ab7,,,,,,,,,,,,,,,,,,,,,,,02_电能替代与清洁取暖/02_汇总拼接/电气化、电能替代txt文件_uni1.txt#chunk_20,step7b_iterB_rulefix,strict_all
PolicyDocument:e96954454202c06919fb26233a2f5743477ff62fe26d6f194b805da4176b5fcb,PolicyDocument,2012年6月27日 吉林省物价局关于我省居民生活用电试行阶梯电价的通知.txt,e96954454202c06919fb26233a2f5743477ff62fe26d6f194b805da4176b5fcb,,,,,,,,,,,,,,,,,,,,,,,01_电价政策/02_阶梯与差别电价/2012年6月27日 吉林省物价局关于我省居民生活用电试行阶梯电价的通知.txt,step7b_iterB_rulefix,strict_all
PolicyDocument:ead750f28a3326778e25ebd3928e8e4ad3b65d0bfdec89dc61d743d7585fbf58,PolicyDocument,2020年10月 福建省发展和改革委员会关于完善钢铁、水泥和电解铝行业差别（阶梯.txt,ead750f28a3326778e25ebd3928e8e4ad3b65d0bfdec89dc61d743d7585fbf58,,,,,,,,,,,,,,,,,,,,,,,01_电价政策/02_阶梯与差别电价/2020年10月 福建省发展和改革委员会关于完善钢铁、水泥和电解铝行业差别（阶梯.txt,step7b_iterB_rulefix,strict_all
PolicyDocument:eb659fbcd99dcc85f2745f39faae903578c8a5403a504ed63c81c4ca3987afc3,PolicyDocument,《关于推进长江经济带绿色航运发展的指导意见》.txt,eb659fbcd99dcc85f2745f39faae903578c8a5403a504ed63c81c4ca3987afc3,,,,,,,,,,,,,,,,,,,,,,,02_电能替代与清洁取暖/01_政策文本/《关于推进长江经济带绿色航运发展的指导意见》.txt,step7b_iterB_rulefix,strict_all
PolicyDocument:ebba22b0a7b7a9a06ccf6dfbe862a330eb615359451c4ccb8bff79fd2d9bd1ad,PolicyDocument,电气化、电能替代txt文件_uni2.txt#chunk_38,ebba22b0a7b7a9a06ccf6dfbe862a330eb615359451c4ccb8bff79fd2d9bd1ad,,,,,,,,,,,,,,,,,,,,,,,02_电能替代与清洁取暖/02_汇总拼接/电气化、电能替代txt文件_uni2.txt#chunk_38,step7b_iterB_rulefix,strict_all
PolicyDocument:ec04d88813b018d570d36f88e39cafafcdea9a884900156145f7f25c3149ea28,PolicyDocument,2012年6月15日 浙江省物价局关于完善居民生活用电阶梯电价政策有关事项的通知.txt,ec04d88813b018d570d36f88e39cafafcdea9a884900156145f7f25c3149ea28,,,,,,,,,,,,,,,,,,,,,,,01_电价政策/02_阶梯与差别电价/2012年6月15日 浙江省物价局关于完善居民生活用电阶梯电价政策有关事项的通知.txt,step7b_iterB_rulefix,strict_all
PolicyDocument:ec7378b180d0ffdb20e93755e832b7ea1eb6476bbdedfadbb4c5553b1f65c879,PolicyDocument,2024年7月29日 吉林省发展改革委关于优化分时电价政策的通知.txt,ec7378b180d0ffdb20e93755e832b7ea1eb6476bbdedfadbb4c5553b1f65c879,,,,,,,,,,,,,,,,,,,,,,,01_电价政策/01_分时电价/2024年7月29日 吉林省发展改革委关于优化分时电价政策的通知.txt,step7b_iterB_rulefix,strict_all
PolicyDocument:ed8cc5a65243c7c4e501d0065c05b5a0ab4c246ad2d6f331536102d7f3291709,PolicyDocument,电气化、电能替代txt文件_uni2.txt#chunk_4,ed8cc5a65243c7c4e501d0065c05b5a0ab4c246ad2d6f331536102d7f3291709,,,,,,,,,,,,,,,,,,,,,,,02_电能替代与清洁取暖/02_汇总拼接/电气化、电能替代txt文件_uni2.txt#chunk_4,step7b_iterB_rulefix,strict_all
PolicyDocument:ee74d273b781a2f2d3b7cdfadfe4c9a63e6e423f10874fba1e3c84a0a1f35295,PolicyDocument,2024年1月8日 湖南省发展改革委员会关于进一步完善居民阶梯电价制度的通知.txt,ee74d273b781a2f2d3b7cdfadfe4c9a63e6e423f10874fba1e3c84a0a1f35295,,,,,,,,,,,,,,,,,,,,,,,01_电价政策/02_阶梯与差别电价/2024年1月8日 湖南省发展改革委员会关于进一步完善居民阶梯电价制度的通知.txt,step7b_iterB_rulefix,strict_all
PolicyDocument:eed146d5fe14ffb1e1c746567c59461666857ebc7017d129ca0598039b4deb07,PolicyDocument,2012年7月1日 上海市发展改革委关于本市居民生活用电试行阶梯电价实施方案的通.txt,eed146d5fe14ffb1e1c746567c59461666857ebc7017d129ca0598039b4deb07,,,,,,,,,,,,,,,,,,,,,,,01_电价政策/02_阶梯与差别电价/2012年7月1日 上海市发展改革委关于本市居民生活用电试行阶梯电价实施方案的通.txt,step7b_iterB_rulefix,strict_all
PolicyDocument:ef37ae60155da7c864e6bbcd497682534bd9bff051369c9d8862797716ff8af2,PolicyDocument,2023年11月28日 江西省发展改革委关于完善分时电价机制有关事项的通知.txt,ef37ae60155da7c864e6bbcd497682534bd9bff051369c9d8862797716ff8af2,,,,,,,,,,,,,,,,,,,,,,,01_电价政策/01_分时电价/2023年11月28日 江西省发展改革委关于完善分时电价机制有关事项的通知.txt,step7b_iterB_rulefix,strict_all
PolicyDocument:f0504aae844e886a34041b00b27979b42a08612c461a8d553797330210658574,PolicyDocument,《国务院关于印发打赢蓝天保卫战三年行动计划的通知》.txt,f0504aae844e886a34041b00b27979b42a08612c461a8d553797330210658574,,,,,,,,,,,,,,,,,,,,,,,02_电能替代与清洁取暖/01_政策文本/《国务院关于印发打赢蓝天保卫战三年行动计划的通知》.txt,step7b_iterB_rulefix,strict_all
PolicyDocument:f5bc3bee6322d7a50db50b302cf7684c06fe73a55292d8b2fce0e09d9ce0dea5,PolicyDocument,2024年7月29日 黑龙江省发展和改革委员会关于进一步完善峰谷分时电价政策措施.txt,f5bc3bee6322d7a50db50b302cf7684c06fe73a55292d8b2fce0e09d9ce0dea5,,,,,,,,,,,,,,,,,,,,,,,01_电价政策/01_分时电价/2024年7月29日 黑龙江省发展和改革委员会关于进一步完善峰谷分时电价政策措施.txt,step7b_iterB_rulefix,strict_all
PolicyDocument:f6b0d052adf6d0a230e2a61659b671708d4098acae657910b3de04d53301f75a,PolicyDocument,电气化、电能替代txt文件_uni1.txt#chunk_14,f6b0d052adf6d0a230e2a61659b671708d4098acae657910b3de04d53301f75a,,,,,,,,,,,,,,,,,,,,,,,02_电能替代与清洁取暖/02_汇总拼接/电气化、电能替代txt文件_uni1.txt#chunk_14,step7b_iterB_rulefix,strict_all
PolicyDocument:f6f8d5f9847c1fe31624cb64353d12b61bebca40113c37e445b63a2d226db18d,PolicyDocument,荣成市 2022 年农村清洁取暖工作实施方案.txt,f6f8d5f9847c1fe31624cb64353d12b61bebca40113c37e445b63a2d226db18d,,,,,,,,,,,,,,,,,,,,,,,02_电能替代与清洁取暖/01_政策文本/荣成市 2022 年农村清洁取暖工作实施方案.txt,step7b_iterB_rulefix,strict_all
PolicyDocument:f777d830e8f61452b04215ca463bc25c9f5372e505858ce99c85b70800e0baec,PolicyDocument,电气化、电能替代txt文件_uni2.txt#chunk_40,f777d830e8f61452b04215ca463bc25c9f5372e505858ce99c85b70800e0baec,,,,,,,,,,,,,,,,,,,,,,,02_电能替代与清洁取暖/02_汇总拼接/电气化、电能替代txt文件_uni2.txt#chunk_40,step7b_iterB_rulefix,strict_all
PolicyDocument:f7c1229055e5b5f8c595b6f108b78348c5aca9652ef3bf154140ac486cf0f78e,PolicyDocument,电气化、电能替代txt文件_uni2.txt#chunk_19,f7c1229055e5b5f8c595b6f108b78348c5aca9652ef3bf154140ac486cf0f78e,,,,,,,,,,,,,,,,,,,,,,,02_电能替代与清洁取暖/02_汇总拼接/电气化、电能替代txt文件_uni2.txt#chunk_19,step7b_iterB_rulefix,strict_all
PolicyDocument:f855ce5878be9d1e5976fcdb738fa1f41755c19766cf04453045b0e0c69af4ab,PolicyDocument,电气化、电能替代txt文件_uni2.txt#chunk_26,f855ce5878be9d1e5976fcdb738fa1f41755c19766cf04453045b0e0c69af4ab,,,,,,,,,,,,,,,,,,,,,,,02_电能替代与清洁取暖/02_汇总拼接/电气化、电能替代txt文件_uni2.txt#chunk_26,step7b_iterB_rulefix,strict_all
PolicyDocument:f8c4fb0263c1210088bbd510f8af1d01facfaac347c1633daea0ff54339aae1d,PolicyDocument,《山东发改委关于完善清洁取暖价格政策的通知》.txt,f8c4fb0263c1210088bbd510f8af1d01facfaac347c1633daea0ff54339aae1d,,,,,,,,,,,,,,,,,,,,,,,02_电能替代与清洁取暖/01_政策文本/《山东发改委关于完善清洁取暖价格政策的通知》.txt,step7b_iterB_rulefix,strict_all
PolicyDocument:f9e04639c4debca4ed9f462f2bcd047446a5ac515e9037c7aa504a0cb62c9f85,PolicyDocument,电气化、电能替代txt文件_uni1.txt#chunk_39,f9e04639c4debca4ed9f462f2bcd047446a5ac515e9037c7aa504a0cb62c9f85,,,,,,,,,,,,,,,,,,,,,,,02_电能替代与清洁取暖/02_汇总拼接/电气化、电能替代txt文件_uni1.txt#chunk_39,step7b_iterB_rulefix,strict_all
PolicyDocument:fa8247ce8a15e7fa9b0253eda7960d3595374d0fe35b3c360fc07635c4aac219,PolicyDocument,2024年8月27日 海南省发展和改革委员会关于调整电动汽车峰谷分时电价政策有关.txt,fa8247ce8a15e7fa9b0253eda7960d3595374d0fe35b3c360fc07635c4aac219,,,,,,,,,,,,,,,,,,,,,,,01_电价政策/01_分时电价/2024年8月27日 海南省发展和改革委员会关于调整电动汽车峰谷分时电价政策有关.txt,step7b_iterB_rulefix,strict_all
PolicyDocument:fb55d418bed4eb4484f674119c95bd74b5f22fce8ab5798d7398c93a0244de1c,PolicyDocument,《上海市港口岸电建设方案》.txt,fb55d418bed4eb4484f674119c95bd74b5f22fce8ab5798d7398c93a0244de1c,,,,,,,,,,,,,,,,,,,,,,,02_电能替代与清洁取暖/01_政策文本/《上海市港口岸电建设方案》.txt,step7b_iterB_rulefix,strict_all
PolicyDocument:fd34a0c79d6d5134b8ac84ff7a0bc89ce796c8c298e0c72af6f687a2f1d16760,PolicyDocument,电气化、电能替代txt文件_uni4.txt#chunk_6,fd34a0c79d6d5134b8ac84ff7a0bc89ce796c8c298e0c72af6f687a2f1d16760,,,,,,,,,,,,,,,,,,,,,,,02_电能替代与清洁取暖/02_汇总拼接/电气化、电能替代txt文件_uni4.txt#chunk_6,step7b_iterB_rulefix,strict_all
PolicyDocument:ffc68a35eb1e5ce2437cbe847fb6902e01371194247d63f6245170f1a6d8442f,PolicyDocument,2016年8月26日 贵州省发展改革委关于进一步完善我省居民阶梯电价政策有关事项.txt,ffc68a35eb1e5ce2437cbe847fb6902e01371194247d63f6245170f1a6d8442f,,,,,,,,,,,,,,,,,,,,,,,01_电价政策/02_阶梯与差别电价/2016年8月26日 贵州省发展改革委关于进一步完善我省居民阶梯电价政策有关事项.txt,step7b_iterB_rulefix,strict_all
